timestamp,data,prediction-5step
datetime,float,float
,,
2014-07-01 00:00:00,10844,15075.67305936073
2014-07-01 00:30:00,8127,15075.67305936073
2014-07-01 01:00:00,6210,15075.67305936073
2014-07-01 01:30:00,4656,15075.67305936073
2014-07-01 02:00:00,3820,15075.67305936073
2014-07-01 02:30:00,2873,15075.67305936073
2014-07-01 03:00:00,2369,15075.67305936073
2014-07-01 03:30:00,2064,15075.67305936073
2014-07-01 04:00:00,2221,15075.67305936073
2014-07-01 04:30:00,2158,15075.67305936073
2014-07-01 05:00:00,2515,15075.67305936073
2014-07-01 05:30:00,4364,15075.67305936073
2014-07-01 06:00:00,6526,15075.67305936073
2014-07-01 06:30:00,11039,15075.67305936073
2014-07-01 07:00:00,13857,15075.67305936073
2014-07-01 07:30:00,15865,15075.67305936073
2014-07-01 08:00:00,17920,15075.67305936073
2014-07-01 08:30:00,20346,15075.67305936073
2014-07-01 09:00:00,19539,15075.67305936073
2014-07-01 09:30:00,20107,15075.67305936073
2014-07-01 10:00:00,18984,15075.67305936073
2014-07-01 10:30:00,17720,15075.67305936073
2014-07-01 11:00:00,17249,15075.67305936073
2014-07-01 11:30:00,18463,15075.67305936073
2014-07-01 12:00:00,18908,15075.67305936073
2014-07-01 12:30:00,18886,15075.67305936073
2014-07-01 13:00:00,18178,15075.67305936073
2014-07-01 13:30:00,19459,15075.67305936073
2014-07-01 14:00:00,19546,15075.67305936073
2014-07-01 14:30:00,20591,15075.67305936073
2014-07-01 15:00:00,19380,15075.67305936073
2014-07-01 15:30:00,18544,15075.67305936073
2014-07-01 16:00:00,16228,15075.67305936073
2014-07-01 16:30:00,15013,15075.67305936073
2014-07-01 17:00:00,17203,15075.67305936073
2014-07-01 17:30:00,19525,15075.67305936073
2014-07-01 18:00:00,22966,15075.67305936073
2014-07-01 18:30:00,27598,15075.67305936073
2014-07-01 19:00:00,26827,15075.67305936073
2014-07-01 19:30:00,24904,15075.67305936073
2014-07-01 20:00:00,22875,15075.67305936073
2014-07-01 20:30:00,20394,15075.67305936073
2014-07-01 21:00:00,23401,15075.67305936073
2014-07-01 21:30:00,24439,15075.67305936073
2014-07-01 22:00:00,23318,15075.67305936073
2014-07-01 22:30:00,21733,15075.67305936073
2014-07-01 23:00:00,20104,15075.67305936073
2014-07-01 23:30:00,16111,15075.67305936073
2014-07-02 00:00:00,13370,15075.67305936073
2014-07-02 00:30:00,9945,15075.67305936073
2014-07-02 01:00:00,7571,15075.67305936073
2014-07-02 01:30:00,5917,15075.67305936073
2014-07-02 02:00:00,4820,15075.67305936073
2014-07-02 02:30:00,3634,15075.67305936073
2014-07-02 03:00:00,2993,15075.67305936073
2014-07-02 03:30:00,2535,15075.67305936073
2014-07-02 04:00:00,2570,15075.67305936073
2014-07-02 04:30:00,2485,15075.67305936073
2014-07-02 05:00:00,2868,15075.67305936073
2014-07-02 05:30:00,4482,15075.67305936073
2014-07-02 06:00:00,6788,15075.67305936073
2014-07-02 06:30:00,11078,15075.67305936073
2014-07-02 07:00:00,13729,15075.67305936073
2014-07-02 07:30:00,16700,15075.67305936073
2014-07-02 08:00:00,19156,15075.67305936073
2014-07-02 08:30:00,19953,15075.67305936073
2014-07-02 09:00:00,19502,15075.67305936073
2014-07-02 09:30:00,18994,15075.67305936073
2014-07-02 10:00:00,17311,15075.67305936073
2014-07-02 10:30:00,17904,15075.67305936073
2014-07-02 11:00:00,17133,15075.67305936073
2014-07-02 11:30:00,18589,15075.67305936073
2014-07-02 12:00:00,19134,15075.67305936073
2014-07-02 12:30:00,19259,15075.67305936073
2014-07-02 13:00:00,18667,15075.67305936073
2014-07-02 13:30:00,19078,15075.67305936073
2014-07-02 14:00:00,18546,15075.67305936073
2014-07-02 14:30:00,18593,15075.67305936073
2014-07-02 15:00:00,17967,15075.67305936073
2014-07-02 15:30:00,16624,15075.67305936073
2014-07-02 16:00:00,14634,15075.67305936073
2014-07-02 16:30:00,13888,15075.67305936073
2014-07-02 17:00:00,17430,15075.67305936073
2014-07-02 17:30:00,21919,15075.67305936073
2014-07-02 18:00:00,23633,15075.67305936073
2014-07-02 18:30:00,24512,15075.67305936073
2014-07-02 19:00:00,24887,15075.67305936073
2014-07-02 19:30:00,26872,15075.67305936073
2014-07-02 20:00:00,22009,15075.67305936073
2014-07-02 20:30:00,18259,15075.67305936073
2014-07-02 21:00:00,20844,15075.67305936073
2014-07-02 21:30:00,22576,15075.67305936073
2014-07-02 22:00:00,22401,15075.67305936073
2014-07-02 22:30:00,19056,15075.67305936073
2014-07-02 23:00:00,17518,15075.67305936073
2014-07-02 23:30:00,15307,15075.67305936073
2014-07-03 00:00:00,12646,15075.67305936073
2014-07-03 00:30:00,10562,15075.67305936073
2014-07-03 01:00:00,8416,15075.67305936073
2014-07-03 01:30:00,7098,15075.67305936073
2014-07-03 02:00:00,5826,15075.67305936073
2014-07-03 02:30:00,4383,15075.67305936073
2014-07-03 03:00:00,3270,15075.67305936073
2014-07-03 03:30:00,2948,15075.67305936073
2014-07-03 04:00:00,3146,15075.67305936073
2014-07-03 04:30:00,3077,15075.67305936073
2014-07-03 05:00:00,3000,15075.67305936073
2014-07-03 05:30:00,4592,15075.67305936073
2014-07-03 06:00:00,6486,15075.67305936073
2014-07-03 06:30:00,10113,15075.67305936073
2014-07-03 07:00:00,12240,15075.67305936073
2014-07-03 07:30:00,14574,15075.67305936073
2014-07-03 08:00:00,16778,15075.67305936073
2014-07-03 08:30:00,18910,15075.67305936073
2014-07-03 09:00:00,18350,15075.67305936073
2014-07-03 09:30:00,17218,15075.67305936073
2014-07-03 10:00:00,16097,15075.67305936073
2014-07-03 10:30:00,16409,15075.67305936073
2014-07-03 11:00:00,15893,15075.67305936073
2014-07-03 11:30:00,16778,15075.67305936073
2014-07-03 12:00:00,17604,15075.67305936073
2014-07-03 12:30:00,18665,15075.67305936073
2014-07-03 13:00:00,19045,15075.67305936073
2014-07-03 13:30:00,19261,15075.67305936073
2014-07-03 14:00:00,19363,15075.67305936073
2014-07-03 14:30:00,19078,15075.67305936073
2014-07-03 15:00:00,18193,15075.67305936073
2014-07-03 15:30:00,16635,15075.67305936073
2014-07-03 16:00:00,14615,15075.67305936073
2014-07-03 16:30:00,13759,15075.67305936073
2014-07-03 17:00:00,17008,15075.67305936073
2014-07-03 17:30:00,19595,15075.67305936073
2014-07-03 18:00:00,21328,15075.67305936073
2014-07-03 18:30:00,22661,15075.67305936073
2014-07-03 19:00:00,29985,15075.67305936073
2014-07-03 19:30:00,21501,15075.67305936073
2014-07-03 20:00:00,22684,15075.67305936073
2014-07-03 20:30:00,22188,15075.67305936073
2014-07-03 21:00:00,22663,15075.67305936073
2014-07-03 21:30:00,19573,15075.67305936073
2014-07-03 22:00:00,17136,15075.67305936073
2014-07-03 22:30:00,16606,15075.67305936073
2014-07-03 23:00:00,16166,15075.67305936073
2014-07-03 23:30:00,16020,15075.67305936073
2014-07-04 00:00:00,15591,15075.67305936073
2014-07-04 00:30:00,14395,15075.67305936073
2014-07-04 01:00:00,12535,15075.67305936073
2014-07-04 01:30:00,11341,15075.67305936073
2014-07-04 02:00:00,9980,15075.67305936073
2014-07-04 02:30:00,8404,15075.67305936073
2014-07-04 03:00:00,7200,15075.67305936073
2014-07-04 03:30:00,6578,15075.67305936073
2014-07-04 04:00:00,5657,15075.67305936073
2014-07-04 04:30:00,4474,15075.67305936073
2014-07-04 05:00:00,3459,15075.67305936073
2014-07-04 05:30:00,3276,15075.67305936073
2014-07-04 06:00:00,3595,15075.67305936073
2014-07-04 06:30:00,4240,15075.67305936073
2014-07-04 07:00:00,4828,15075.67305936073
2014-07-04 07:30:00,4926,15075.67305936073
2014-07-04 08:00:00,5165,15075.67305936073
2014-07-04 08:30:00,5776,15075.67305936073
2014-07-04 09:00:00,7338,15075.67305936073
2014-07-04 09:30:00,7839,15075.67305936073
2014-07-04 10:00:00,8623,15075.67305936073
2014-07-04 10:30:00,9731,15075.67305936073
2014-07-04 11:00:00,11024,15075.67305936073
2014-07-04 11:30:00,13231,15075.67305936073
2014-07-04 12:00:00,13613,15075.67305936073
2014-07-04 12:30:00,13737,15075.67305936073
2014-07-04 13:00:00,15574,15075.67305936073
2014-07-04 13:30:00,14226,15075.67305936073
2014-07-04 14:00:00,18480,15075.67305936073
2014-07-04 14:30:00,18265,15075.67305936073
2014-07-04 15:00:00,16575,15075.67305936073
2014-07-04 15:30:00,16417,15075.67305936073
2014-07-04 16:00:00,14703,15075.67305936073
2014-07-04 16:30:00,13469,15075.67305936073
2014-07-04 17:00:00,12105,15075.67305936073
2014-07-04 17:30:00,11676,15075.67305936073
2014-07-04 18:00:00,15487,15075.67305936073
2014-07-04 18:30:00,15077,15075.67305936073
2014-07-04 19:00:00,14999,15075.67305936073
2014-07-04 19:30:00,14487,15075.67305936073
2014-07-04 20:00:00,14415,15075.67305936073
2014-07-04 20:30:00,13796,15075.67305936073
2014-07-04 21:00:00,14036,15075.67305936073
2014-07-04 21:30:00,14021,15075.67305936073
2014-07-04 22:00:00,15593,15075.67305936073
2014-07-04 22:30:00,16589,15075.67305936073
2014-07-04 23:00:00,17984,15075.67305936073
2014-07-04 23:30:00,18035,15075.67305936073
2014-07-05 00:00:00,17576,15075.67305936073
2014-07-05 00:30:00,16189,15075.67305936073
2014-07-05 01:00:00,14441,15075.67305936073
2014-07-05 01:30:00,12535,15075.67305936073
2014-07-05 02:00:00,11006,15075.67305936073
2014-07-05 02:30:00,9151,15075.67305936073
2014-07-05 03:00:00,8010,15075.67305936073
2014-07-05 03:30:00,7096,15075.67305936073
2014-07-05 04:00:00,6407,15075.67305936073
2014-07-05 04:30:00,4421,15075.67305936073
2014-07-05 05:00:00,3126,15075.67305936073
2014-07-05 05:30:00,2514,15075.67305936073
2014-07-05 06:00:00,2550,15075.67305936073
2014-07-05 06:30:00,3148,15075.67305936073
2014-07-05 07:00:00,3658,15075.67305936073
2014-07-05 07:30:00,4345,15075.67305936073
2014-07-05 08:00:00,4682,15075.67305936073
2014-07-05 08:30:00,6248,15075.67305936073
2014-07-05 09:00:00,7454,15075.67305936073
2014-07-05 09:30:00,9010,15075.67305936073
2014-07-05 10:00:00,10280,15075.67305936073
2014-07-05 10:30:00,11488,15075.67305936073
2014-07-05 11:00:00,11595,15075.67305936073
2014-07-05 11:30:00,13098,15075.67305936073
2014-07-05 12:00:00,12623,15075.67305936073
2014-07-05 12:30:00,13031,15075.67305936073
2014-07-05 13:00:00,13263,15075.67305936073
2014-07-05 13:30:00,13349,15075.67305936073
2014-07-05 14:00:00,13822,15075.67305936073
2014-07-05 14:30:00,13716,15075.67305936073
2014-07-05 15:00:00,13919,15075.67305936073
2014-07-05 15:30:00,14203,15075.67305936073
2014-07-05 16:00:00,13179,15075.67305936073
2014-07-05 16:30:00,13708,15075.67305936073
2014-07-05 17:00:00,13897,15075.67305936073
2014-07-05 17:30:00,14740,15075.67305936073
2014-07-05 18:00:00,14575,15075.67305936073
2014-07-05 18:30:00,16085,15075.67305936073
2014-07-05 19:00:00,18182,15075.67305936073
2014-07-05 19:30:00,16861,15075.67305936073
2014-07-05 20:00:00,14140,15075.67305936073
2014-07-05 20:30:00,14477,15075.67305936073
2014-07-05 21:00:00,15293,15075.67305936073
2014-07-05 21:30:00,15457,15075.67305936073
2014-07-05 22:00:00,16048,15075.67305936073
2014-07-05 22:30:00,17477,15075.67305936073
2014-07-05 23:00:00,16391,15075.67305936073
2014-07-05 23:30:00,17006,15075.67305936073
2014-07-06 00:00:00,15427,15075.67305936073
2014-07-06 00:30:00,14615,15075.67305936073
2014-07-06 01:00:00,13124,15075.67305936073
2014-07-06 01:30:00,12222,15075.67305936073
2014-07-06 02:00:00,11134,15075.67305936073
2014-07-06 02:30:00,9145,15075.67305936073
2014-07-06 03:00:00,8624,15075.67305936073
2014-07-06 03:30:00,7885,15075.67305936073
2014-07-06 04:00:00,7167,15075.67305936073
2014-07-06 04:30:00,4805,15075.67305936073
2014-07-06 05:00:00,3103,15075.67305936073
2014-07-06 05:30:00,2671,15075.67305936073
2014-07-06 06:00:00,2510,15075.67305936073
2014-07-06 06:30:00,2917,15075.67305936073
2014-07-06 07:00:00,3189,15075.67305936073
2014-07-06 07:30:00,4107,15075.67305936073
2014-07-06 08:00:00,4122,15075.67305936073
2014-07-06 08:30:00,5654,15075.67305936073
2014-07-06 09:00:00,6360,15075.67305936073
2014-07-06 09:30:00,8406,15075.67305936073
2014-07-06 10:00:00,9372,15075.67305936073
2014-07-06 10:30:00,11067,15075.67305936073
2014-07-06 11:00:00,11595,15075.67305936073
2014-07-06 11:30:00,12909,15075.67305936073
2014-07-06 12:00:00,13715,15075.67305936073
2014-07-06 12:30:00,13648,15075.67305936073
2014-07-06 13:00:00,14296,15075.67305936073
2014-07-06 13:30:00,14798,15075.67305936073
2014-07-06 14:00:00,15473,15075.67305936073
2014-07-06 14:30:00,16032,15075.67305936073
2014-07-06 15:00:00,14661,15075.67305936073
2014-07-06 15:30:00,14836,15075.67305936073
2014-07-06 16:00:00,13700,15075.67305936073
2014-07-06 16:30:00,14565,15075.67305936073
2014-07-06 17:00:00,15392,15075.67305936073
2014-07-06 17:30:00,16866,15075.67305936073
2014-07-06 18:00:00,16893,15075.67305936073
2014-07-06 18:30:00,16877,15075.67305936073
2014-07-06 19:00:00,17025,15075.67305936073
2014-07-06 19:30:00,15884,15075.67305936073
2014-07-06 20:00:00,14487,15075.67305936073
2014-07-06 20:30:00,14159,15075.67305936073
2014-07-06 21:00:00,16135,15075.67305936073
2014-07-06 21:30:00,16165,15075.67305936073
2014-07-06 22:00:00,14025,15075.67305936073
2014-07-06 22:30:00,13970,15075.67305936073
2014-07-06 23:00:00,13198,15075.67305936073
2014-07-06 23:30:00,11355,15075.67305936073
2014-07-07 00:00:00,8675,15075.67305936073
2014-07-07 00:30:00,7180,15075.67305936073
2014-07-07 01:00:00,5178,15075.67305936073
2014-07-07 01:30:00,3658,15075.67305936073
2014-07-07 02:00:00,3181,15075.67305936073
2014-07-07 02:30:00,2402,15075.67305936073
2014-07-07 03:00:00,1944,15075.67305936073
2014-07-07 03:30:00,1877,15075.67305936073
2014-07-07 04:00:00,2257,15075.67305936073
2014-07-07 04:30:00,2280,15075.67305936073
2014-07-07 05:00:00,2575,15075.67305936073
2014-07-07 05:30:00,4174,15075.67305936073
2014-07-07 06:00:00,6346,15075.67305936073
2014-07-07 06:30:00,10594,15075.67305936073
2014-07-07 07:00:00,12632,15075.67305936073
2014-07-07 07:30:00,14893,15075.67305936073
2014-07-07 08:00:00,16470,15075.67305936073
2014-07-07 08:30:00,18998,15075.67305936073
2014-07-07 09:00:00,17792,15075.67305936073
2014-07-07 09:30:00,16396,15075.67305936073
2014-07-07 10:00:00,14128,15075.67305936073
2014-07-07 10:30:00,14161,15075.67305936073
2014-07-07 11:00:00,14154,15075.67305936073
2014-07-07 11:30:00,15074,15075.67305936073
2014-07-07 12:00:00,15188,15075.67305936073
2014-07-07 12:30:00,15483,15075.67305936073
2014-07-07 13:00:00,15338,15075.67305936073
2014-07-07 13:30:00,16242,15075.67305936073
2014-07-07 14:00:00,16579,15075.67305936073
2014-07-07 14:30:00,16885,15075.67305936073
2014-07-07 15:00:00,16824,15075.67305936073
2014-07-07 15:30:00,16238,15075.67305936073
2014-07-07 16:00:00,15702,15075.67305936073
2014-07-07 16:30:00,15132,15075.67305936073
2014-07-07 17:00:00,17500,15075.67305936073
2014-07-07 17:30:00,19167,15075.67305936073
2014-07-07 18:00:00,21398,15075.67305936073
2014-07-07 18:30:00,22382,15075.67305936073
2014-07-07 19:00:00,22270,15075.67305936073
2014-07-07 19:30:00,20575,15075.67305936073
2014-07-07 20:00:00,18824,15075.67305936073
2014-07-07 20:30:00,17909,15075.67305936073
2014-07-07 21:00:00,19707,15075.67305936073
2014-07-07 21:30:00,19066,15075.67305936073
2014-07-07 22:00:00,17755,15075.67305936073
2014-07-07 22:30:00,16583,15075.67305936073
2014-07-07 23:00:00,14955,15075.67305936073
2014-07-07 23:30:00,11849,15075.67305936073
2014-07-08 00:00:00,9292,15075.67305936073
2014-07-08 00:30:00,8110,15075.67305936073
2014-07-08 01:00:00,7352,15075.67305936073
2014-07-08 01:30:00,5049,15075.67305936073
2014-07-08 02:00:00,3451,15075.67305936073
2014-07-08 02:30:00,2465,15075.67305936073
2014-07-08 03:00:00,2125,15075.67305936073
2014-07-08 03:30:00,1877,15075.67305936073
2014-07-08 04:00:00,2069,15075.67305936073
2014-07-08 04:30:00,2080,15075.67305936073
2014-07-08 05:00:00,2375,15075.67305936073
2014-07-08 05:30:00,4303,15075.67305936073
2014-07-08 06:00:00,6537,15075.67305936073
2014-07-08 06:30:00,11331,15075.67305936073
2014-07-08 07:00:00,13565,15075.67305936073
2014-07-08 07:30:00,16455,15075.67305936073
2014-07-08 08:00:00,18310,15075.67305936073
2014-07-08 08:30:00,20288,15075.67305936073
2014-07-08 09:00:00,19564,15075.67305936073
2014-07-08 09:30:00,19380,15075.67305936073
2014-07-08 10:00:00,16507,15075.67305936073
2014-07-08 10:30:00,16939,15075.67305936073
2014-07-08 11:00:00,16113,15075.67305936073
2014-07-08 11:30:00,17537,15075.67305936073
2014-07-08 12:00:00,18120,15075.67305936073
2014-07-08 12:30:00,18038,15075.67305936073
2014-07-08 13:00:00,17870,15075.67305936073
2014-07-08 13:30:00,18427,15075.67305936073
2014-07-08 14:00:00,18971,15075.67305936073
2014-07-08 14:30:00,19071,15075.67305936073
2014-07-08 15:00:00,18646,15075.67305936073
2014-07-08 15:30:00,18229,15075.67305936073
2014-07-08 16:00:00,15977,15075.67305936073
2014-07-08 16:30:00,15026,15075.67305936073
2014-07-08 17:00:00,17398,15075.67305936073
2014-07-08 17:30:00,20865,15075.67305936073
2014-07-08 18:00:00,23875,15075.67305936073
2014-07-08 18:30:00,25290,15075.67305936073
2014-07-08 19:00:00,25510,15075.67305936073
2014-07-08 19:30:00,24535,15075.67305936073
2014-07-08 20:00:00,21922,15075.67305936073
2014-07-08 20:30:00,20113,15075.67305936073
2014-07-08 21:00:00,22079,15075.67305936073
2014-07-08 21:30:00,23111,15075.67305936073
2014-07-08 22:00:00,25209,15075.67305936073
2014-07-08 22:30:00,21978,15075.67305936073
2014-07-08 23:00:00,18320,15075.67305936073
2014-07-08 23:30:00,14881,15075.67305936073
2014-07-09 00:00:00,12053,15075.67305936073
2014-07-09 00:30:00,9409,15075.67305936073
2014-07-09 01:00:00,7740,15075.67305936073
2014-07-09 01:30:00,5528,15075.67305936073
2014-07-09 02:00:00,4667,15075.67305936073
2014-07-09 02:30:00,3242,15075.67305936073
2014-07-09 03:00:00,2678,15075.67305936073
2014-07-09 03:30:00,2370,15075.67305936073
2014-07-09 04:00:00,2475,15075.67305936073
2014-07-09 04:30:00,2304,15075.67305936073
2014-07-09 05:00:00,2491,15075.67305936073
2014-07-09 05:30:00,4117,15075.67305936073
2014-07-09 06:00:00,6435,15075.67305936073
2014-07-09 06:30:00,11067,15075.67305936073
2014-07-09 07:00:00,13384,15075.67305936073
2014-07-09 07:30:00,17194,15075.67305936073
2014-07-09 08:00:00,18510,15075.67305936073
2014-07-09 08:30:00,20464,15075.67305936073
2014-07-09 09:00:00,19777,15075.67305936073
2014-07-09 09:30:00,18928,15075.67305936073
2014-07-09 10:00:00,17243,15075.67305936073
2014-07-09 10:30:00,17490,15075.67305936073
2014-07-09 11:00:00,16558,15075.67305936073
2014-07-09 11:30:00,17830,15075.67305936073
2014-07-09 12:00:00,18203,15075.67305936073
2014-07-09 12:30:00,18126,15075.67305936073
2014-07-09 13:00:00,18122,15075.67305936073
2014-07-09 13:30:00,18488,15075.67305936073
2014-07-09 14:00:00,18487,15075.67305936073
2014-07-09 14:30:00,18542,15075.67305936073
2014-07-09 15:00:00,18240,15075.67305936073
2014-07-09 15:30:00,17393,15075.67305936073
2014-07-09 16:00:00,15175,15075.67305936073
2014-07-09 16:30:00,15360,15075.67305936073
2014-07-09 17:00:00,17103,15075.67305936073
2014-07-09 17:30:00,19561,15075.67305936073
2014-07-09 18:00:00,22262,15075.67305936073
2014-07-09 18:30:00,24725,15075.67305936073
2014-07-09 19:00:00,25995,15075.67305936073
2014-07-09 19:30:00,26319,15075.67305936073
2014-07-09 20:00:00,24995,15075.67305936073
2014-07-09 20:30:00,20534,15075.67305936073
2014-07-09 21:00:00,23458,15075.67305936073
2014-07-09 21:30:00,24681,15075.67305936073
2014-07-09 22:00:00,23955,15075.67305936073
2014-07-09 22:30:00,23655,15075.67305936073
2014-07-09 23:00:00,21896,15075.67305936073
2014-07-09 23:30:00,19338,15075.67305936073
2014-07-10 00:00:00,15185,15075.67305936073
2014-07-10 00:30:00,11459,15075.67305936073
2014-07-10 01:00:00,8847,15075.67305936073
2014-07-10 01:30:00,6580,15075.67305936073
2014-07-10 02:00:00,5247,15075.67305936073
2014-07-10 02:30:00,4127,15075.67305936073
2014-07-10 03:00:00,3440,15075.67305936073
2014-07-10 03:30:00,2957,15075.67305936073
2014-07-10 04:00:00,2779,15075.67305936073
2014-07-10 04:30:00,2532,15075.67305936073
2014-07-10 05:00:00,2718,15075.67305936073
2014-07-10 05:30:00,4449,15075.67305936073
2014-07-10 06:00:00,6601,15075.67305936073
2014-07-10 06:30:00,11202,15075.67305936073
2014-07-10 07:00:00,13934,15075.67305936073
2014-07-10 07:30:00,17176,15075.67305936073
2014-07-10 08:00:00,19057,15075.67305936073
2014-07-10 08:30:00,21112,15075.67305936073
2014-07-10 09:00:00,19882,15075.67305936073
2014-07-10 09:30:00,19024,15075.67305936073
2014-07-10 10:00:00,16989,15075.67305936073
2014-07-10 10:30:00,16979,15075.67305936073
2014-07-10 11:00:00,16381,15075.67305936073
2014-07-10 11:30:00,17815,15075.67305936073
2014-07-10 12:00:00,18029,15075.67305936073
2014-07-10 12:30:00,17495,15075.67305936073
2014-07-10 13:00:00,17075,15075.67305936073
2014-07-10 13:30:00,18234,15075.67305936073
2014-07-10 14:00:00,18091,15075.67305936073
2014-07-10 14:30:00,18495,15075.67305936073
2014-07-10 15:00:00,17523,15075.67305936073
2014-07-10 15:30:00,16714,15075.67305936073
2014-07-10 16:00:00,14735,15075.67305936073
2014-07-10 16:30:00,13610,15075.67305936073
2014-07-10 17:00:00,16290,15075.67305936073
2014-07-10 17:30:00,19152,15075.67305936073
2014-07-10 18:00:00,21865,15075.67305936073
2014-07-10 18:30:00,24347,15075.67305936073
2014-07-10 19:00:00,26186,15075.67305936073
2014-07-10 19:30:00,25852,15075.67305936073
2014-07-10 20:00:00,23995,15075.67305936073
2014-07-10 20:30:00,21664,15075.67305936073
2014-07-10 21:00:00,25027,15075.67305936073
2014-07-10 21:30:00,25431,15075.67305936073
2014-07-10 22:00:00,25643,15075.67305936073
2014-07-10 22:30:00,24654,15075.67305936073
2014-07-10 23:00:00,23154,15075.67305936073
2014-07-10 23:30:00,21863,15075.67305936073
2014-07-11 00:00:00,20051,15075.67305936073
2014-07-11 00:30:00,16122,15075.67305936073
2014-07-11 01:00:00,13107,15075.67305936073
2014-07-11 01:30:00,10506,15075.67305936073
2014-07-11 02:00:00,8444,15075.67305936073
2014-07-11 02:30:00,6876,15075.67305936073
2014-07-11 03:00:00,5375,15075.67305936073
2014-07-11 03:30:00,4366,15075.67305936073
2014-07-11 04:00:00,4183,15075.67305936073
2014-07-11 04:30:00,3249,15075.67305936073
2014-07-11 05:00:00,3134,15075.67305936073
2014-07-11 05:30:00,4620,15075.67305936073
2014-07-11 06:00:00,6725,15075.67305936073
2014-07-11 06:30:00,10651,15075.67305936073
2014-07-11 07:00:00,12952,15075.67305936073
2014-07-11 07:30:00,15808,15075.67305936073
2014-07-11 08:00:00,17565,15075.67305936073
2014-07-11 08:30:00,19784,15075.67305936073
2014-07-11 09:00:00,19699,15075.67305936073
2014-07-11 09:30:00,18663,15075.67305936073
2014-07-11 10:00:00,16509,15075.67305936073
2014-07-11 10:30:00,16600,16987.188706844521
2014-07-11 11:00:00,15636,17052.933371495361
2014-07-11 11:30:00,17434,17427.233866018156
2014-07-11 12:00:00,17668,18641.706276965102
2014-07-11 12:30:00,17124,18420.982936785273
2014-07-11 13:00:00,17124,17707.303897368591
2014-07-11 13:30:00,17489,14982.663192325321
2014-07-11 14:00:00,18371,14161.680548761988
2014-07-11 14:30:00,18381,14452.968130208201
2014-07-11 15:00:00,17898,19058.566182954135
2014-07-11 15:30:00,16350,21649.607162955832
2014-07-11 16:00:00,14688,24476.878580644443
2014-07-11 16:30:00,14227,22651.332625207153
2014-07-11 17:00:00,16924,28284.350979167517
2014-07-11 17:30:00,19952,17428.457174246207
2014-07-11 18:00:00,22665,21539.003845284176
2014-07-11 18:30:00,23465,21120.39077450434
2014-07-11 19:00:00,25111,24440.220722325706
2014-07-11 19:30:00,23984,23866.195962648439
2014-07-11 20:00:00,21701,23483.223819248884
2014-07-11 20:30:00,20592,26443.846836816163
2014-07-11 21:00:00,22630,24487.7080570617
2014-07-11 21:30:00,22854,26897.477131321037
2014-07-11 22:00:00,23892,25577.018484533532
2014-07-11 22:30:00,24959,22495.467240083948
2014-07-11 23:00:00,26039,22674.935488764204
2014-07-11 23:30:00,26873,20519.635913163002
2014-07-12 00:00:00,25871,18960.500129295833
2014-07-12 00:30:00,24874,15819.294612401063
2014-07-12 01:00:00,23243,10461.55759276684
2014-07-12 01:30:00,21674,11640.386346872339
2014-07-12 02:00:00,19221,9695.5917604779061
2014-07-12 02:30:00,16140,3486.7465438759791
2014-07-12 03:00:00,13371,4200.2541137333428
2014-07-12 03:30:00,12041,1451.8512684563684
2014-07-12 04:00:00,10301,5035.8397898776384
2014-07-12 04:30:00,6472,6034.7457642886693
2014-07-12 05:00:00,4507,7133.1598479104132
2014-07-12 05:30:00,3682,7665.0965410130939
2014-07-12 06:00:00,3422,9363.7647765548209
2014-07-12 06:30:00,4554,9779.7169852183979
2014-07-12 07:00:00,5347,13863.460555812895
2014-07-12 07:30:00,6853,14842.326607934465
2014-07-12 08:00:00,7107,14264.068705266993
2014-07-12 08:30:00,9463,15564.514849839761
2014-07-12 09:00:00,11022,15163.314260444939
2014-07-12 09:30:00,13393,16384.316891928305
2014-07-12 10:00:00,13567,15730.170313683313
2014-07-12 10:30:00,15452,19184.957671192875
2014-07-12 11:00:00,15525,17472.302792223309
2014-07-12 11:30:00,17165,19620.810921117998
2014-07-12 12:00:00,17263,18181.455724439362
2014-07-12 12:30:00,18418,18555.669476735133
2014-07-12 13:00:00,18578,17289.412795583994
2014-07-12 13:30:00,18762,18279.456406399822
2014-07-12 14:00:00,18076,17723.023683091757
2014-07-12 14:30:00,18604,17527.667470895816
2014-07-12 15:00:00,18580,20971.740044955732
2014-07-12 15:30:00,19306,20459.476580789164
2014-07-12 16:00:00,18140,23984.622649087272
2014-07-12 16:30:00,17455,22158.535183729116
2014-07-12 17:00:00,18980,22436.749080978672
2014-07-12 17:30:00,21152,23970.506609706565
2014-07-12 18:00:00,22483,19264.386526953538
2014-07-12 18:30:00,22534,21363.491894751314
2014-07-12 19:00:00,22801,20699.983379596706
2014-07-12 19:30:00,22117,21465.681261283935
2014-07-12 20:00:00,19864,22780.574817034241
2014-07-12 20:30:00,19494,27647.82981828857
2014-07-12 21:00:00,20607,24568.354289024799
2014-07-12 21:30:00,20627,26204.718415914554
2014-07-12 22:00:00,21706,25766.559477644911
2014-07-12 22:30:00,24243,25063.695208400888
2014-07-12 23:00:00,25204,22917.592833869701
2014-07-12 23:30:00,25752,19017.532519329379
2014-07-13 00:00:00,25792,16262.032757442161
2014-07-13 00:30:00,25033,15048.763206872172
2014-07-13 01:00:00,23935,14760.785642347677
2014-07-13 01:30:00,21440,12588.135947473043
2014-07-13 02:00:00,19468,9608.4130663431497
2014-07-13 02:30:00,16622,5350.6086902586776
2014-07-13 03:00:00,14485,2717.0548537535869
2014-07-13 03:30:00,12974,3836.0093142678616
2014-07-13 04:00:00,11191,3798.4001814980293
2014-07-13 04:30:00,6911,6383.5747584712753
2014-07-13 05:00:00,4410,3855.0586019195543
2014-07-13 05:30:00,3467,3931.4139982736542
2014-07-13 06:00:00,3429,7080.3150930361162
2014-07-13 06:30:00,3599,10059.240924233058
2014-07-13 07:00:00,3575,12955.113110230133
2014-07-13 07:30:00,4557,12086.852730169383
2014-07-13 08:00:00,5243,16787.21848224787
2014-07-13 08:30:00,6588,16383.453782400959
2014-07-13 09:00:00,8009,12944.168348139985
2014-07-13 09:30:00,10743,15947.344505615802
2014-07-13 10:00:00,13524,16838.452324013277
2014-07-13 10:30:00,16179,16084.505284635057
2014-07-13 11:00:00,14905,18894.869580525225
2014-07-13 11:30:00,16916,17790.39543556327
2014-07-13 12:00:00,17082,22273.731821298064
2014-07-13 12:30:00,18606,21309.574718451004
2014-07-13 13:00:00,18935,20239.428147316827
2014-07-13 13:30:00,20175,18046.0890536267
2014-07-13 14:00:00,22219,13336.892002152454
2014-07-13 14:30:00,22868,14032.231005769163
2014-07-13 15:00:00,20375,14048.499351490664
2014-07-13 15:30:00,18489,21443.878917787817
2014-07-13 16:00:00,16187,21648.884044452301
2014-07-13 16:30:00,14015,19491.999378558761
2014-07-13 17:00:00,14261,17253.005665769626
2014-07-13 17:30:00,20081,16727.170867401172
2014-07-13 18:00:00,21503,11083.395943491332
2014-07-13 18:30:00,19850,18020.138581988718
2014-07-13 19:00:00,18383,18169.895913655655
2014-07-13 19:30:00,17640,19344.114874105955
2014-07-13 20:00:00,16225,13992.175417946179
2014-07-13 20:30:00,15566,13333.942704926252
2014-07-13 21:00:00,17088,15471.829842684796
2014-07-13 21:30:00,16968,15671.330884113069
2014-07-13 22:00:00,15271,14304.54307598081
2014-07-13 22:30:00,14141,9893.1663904978486
2014-07-13 23:00:00,12851,12915.727769865287
2014-07-13 23:30:00,13877,6838.7289652123382
2014-07-14 00:00:00,12484,-1293.6424941560053
2014-07-14 00:30:00,9037,4590.561464587443
2014-07-14 01:00:00,7393,5690.3864990321472
2014-07-14 01:30:00,5176,4099.8127387098375
2014-07-14 02:00:00,3479,1342.2702317377261
2014-07-14 02:30:00,2755,7023.0870137318507
2014-07-14 03:00:00,2027,4654.6069337991557
2014-07-14 03:30:00,1769,7483.3180706563171
2014-07-14 04:00:00,2091,12708.127824456127
2014-07-14 04:30:00,2553,18156.272577595471
2014-07-14 05:00:00,2853,13938.612395993516
2014-07-14 05:30:00,4835,19148.20616949653
2014-07-14 06:00:00,6603,18980.83026400215
2014-07-14 06:30:00,11230,23336.19859545182
2014-07-14 07:00:00,13395,22112.065294846681
2014-07-14 07:30:00,15650,18302.8971394156
2014-07-14 08:00:00,17601,15676.329285431846
2014-07-14 08:30:00,18818,17841.305661982962
2014-07-14 09:00:00,18515,19734.402584045787
2014-07-14 09:30:00,16972,18556.331702380216
2014-07-14 10:00:00,15316,17707.113704675961
2014-07-14 10:30:00,16003,16979.710655156232
2014-07-14 11:00:00,14818,15109.197357999859
2014-07-14 11:30:00,15610,20206.263506990977
2014-07-14 12:00:00,16536,20027.965059958722
2014-07-14 12:30:00,16153,15566.67659047901
2014-07-14 13:00:00,15548,15810.689548034634
2014-07-14 13:30:00,16500,14445.852517493671
2014-07-14 14:00:00,16726,17212.387532859015
2014-07-14 14:30:00,16838,14815.006918454485
2014-07-14 15:00:00,16550,22670.360514406213
2014-07-14 15:30:00,16621,21045.347147982207
2014-07-14 16:00:00,15657,21744.218650194845
2014-07-14 16:30:00,15334,28099.306565049657
2014-07-14 17:00:00,17584,23252.448937351699
2014-07-14 17:30:00,20903,21189.425155107245
2014-07-14 18:00:00,21968,17135.215578816096
2014-07-14 18:30:00,26945,21272.719479406991
2014-07-14 19:00:00,24416,21847.744492747679
2014-07-14 19:30:00,22401,26884.748936247648
2014-07-14 20:00:00,23549,22354.477004215729
2014-07-14 20:30:00,21498,15467.023605249258
2014-07-14 21:00:00,23114,16762.306279242766
2014-07-14 21:30:00,23341,9978.2373687360396
2014-07-14 22:00:00,22141,10768.715794369773
2014-07-14 22:30:00,19110,15522.519390478705
2014-07-14 23:00:00,16682,4558.1306785738652
2014-07-14 23:30:00,12631,4085.7094001099376
2014-07-15 00:00:00,10089,2866.927369959225
2014-07-15 00:30:00,8553,1174.8982047079153
2014-07-15 01:00:00,6416,4872.1106534838491
2014-07-15 01:30:00,4694,6061.1172501858273
2014-07-15 02:00:00,3933,10265.152257873737
2014-07-15 02:30:00,2833,4292.9627215448854
2014-07-15 03:00:00,2089,6765.3748591376898
2014-07-15 03:30:00,1896,8375.1863830037837
2014-07-15 04:00:00,2055,13219.824321300553
2014-07-15 04:30:00,2031,18314.869872212243
2014-07-15 05:00:00,2449,16593.667275889144
2014-07-15 05:30:00,4360,23290.436034700753
2014-07-15 06:00:00,7036,16643.936593981707
2014-07-15 06:30:00,11730,20485.12786154425
2014-07-15 07:00:00,14387,21360.637860986619
2014-07-15 07:30:00,17505,20453.398145038504
2014-07-15 08:00:00,19091,18294.368782131194
2014-07-15 08:30:00,21057,15090.696716308083
2014-07-15 09:00:00,20050,13056.755996065021
2014-07-15 09:30:00,18637,11958.567988315945
2014-07-15 10:00:00,17555,12461.634498397771
2014-07-15 10:30:00,17595,18426.858297942577
2014-07-15 11:00:00,16312,15625.936915441
2014-07-15 11:30:00,18232,19279.332819124204
2014-07-15 12:00:00,18446,23660.318426890088
2014-07-15 12:30:00,18204,24903.238296286396
2014-07-15 13:00:00,17607,14284.310267750934
2014-07-15 13:30:00,18945,15060.201654057377
2014-07-15 14:00:00,22208,13982.2610112449
2014-07-15 14:30:00,21574,7405.4516694701115
2014-07-15 15:00:00,17299,8540.364401091445
2014-07-15 15:30:00,15515,23917.300612859817
2014-07-15 16:00:00,13246,27676.293487767281
2014-07-15 16:30:00,12328,25471.824350147475
2014-07-15 17:00:00,15342,33984.027316672647
2014-07-15 17:30:00,18730,30060.223333170405
2014-07-15 18:00:00,23412,25087.603072092672
2014-07-15 18:30:00,26340,14257.87544921249
2014-07-15 19:00:00,27167,23380.939969815227
2014-07-15 19:30:00,26279,30750.896147529398
2014-07-15 20:00:00,23392,30717.798884925225
2014-07-15 20:30:00,21571,1431.4043637235827
2014-07-15 21:00:00,23477,17283.048923372291
2014-07-15 21:30:00,22612,21603.166721639893
2014-07-15 22:00:00,21389,6240.6336732643049
2014-07-15 22:30:00,19575,11371.076358797083
2014-07-15 23:00:00,18165,16703.804578722546
2014-07-15 23:30:00,14923,-46112.091667129214
2014-07-16 00:00:00,11815,32557.347838255664
2014-07-16 00:30:00,9024,196778.20539142363
2014-07-16 01:00:00,7363,-2027848.4117721692
2014-07-16 01:30:00,5812,920141.50629522139
2014-07-16 02:00:00,4559,-4080830.3046785044
2014-07-16 02:30:00,3673,14685863.368419619
2014-07-16 03:00:00,2830,-113587440.97940513
2014-07-16 03:30:00,2374,-113563266.32936904
2014-07-16 04:00:00,2556,458672088.33908516
2014-07-16 04:30:00,2456,682123069.7226783
2014-07-16 05:00:00,2486,682123069.7226783
2014-07-16 05:30:00,4451,682123069.7226783
2014-07-16 06:00:00,6723,682123069.7226783
2014-07-16 06:30:00,12501,682123069.7226783
2014-07-16 07:00:00,14763,682123069.7226783
2014-07-16 07:30:00,18127,682123069.7226783
2014-07-16 08:00:00,20393,682123069.7226783
2014-07-16 08:30:00,20753,682123069.7226783
2014-07-16 09:00:00,20124,682123069.7226783
2014-07-16 09:30:00,19253,682123069.7226783
2014-07-16 10:00:00,17981,682123069.7226783
2014-07-16 10:30:00,17720,682123069.7226783
2014-07-16 11:00:00,16525,682123069.7226783
2014-07-16 11:30:00,18153,682123069.7226783
2014-07-16 12:00:00,18558,682123069.7226783
2014-07-16 12:30:00,17652,682123069.7226783
2014-07-16 13:00:00,17292,682123069.7226783
2014-07-16 13:30:00,17551,682123069.7226783
2014-07-16 14:00:00,17951,682123069.7226783
2014-07-16 14:30:00,17909,682123069.7226783
2014-07-16 15:00:00,17442,682123069.7226783
2014-07-16 15:30:00,16533,682123069.7226783
2014-07-16 16:00:00,14776,682123069.7226783
2014-07-16 16:30:00,13462,682123069.7226783
2014-07-16 17:00:00,16363,682123069.7226783
2014-07-16 17:30:00,19310,682123069.7226783
2014-07-16 18:00:00,22346,682123069.7226783
2014-07-16 18:30:00,24408,682123069.7226783
2014-07-16 19:00:00,26225,682123069.7226783
2014-07-16 19:30:00,25423,682123069.7226783
2014-07-16 20:00:00,23811,682123069.7226783
2014-07-16 20:30:00,22028,682123069.7226783
2014-07-16 21:00:00,24290,682123069.7226783
2014-07-16 21:30:00,24835,682123069.7226783
2014-07-16 22:00:00,24269,682123069.7226783
2014-07-16 22:30:00,23526,682123069.7226783
2014-07-16 23:00:00,21968,682123069.7226783
2014-07-16 23:30:00,20137,682123069.7226783
2014-07-17 00:00:00,16928,682123069.7226783
2014-07-17 00:30:00,12753,682123069.7226783
2014-07-17 01:00:00,10087,682123069.7226783
2014-07-17 01:30:00,7881,682123069.7226783
2014-07-17 02:00:00,6006,682123069.7226783
2014-07-17 02:30:00,4382,682123069.7226783
2014-07-17 03:00:00,3676,682123069.7226783
2014-07-17 03:30:00,3214,682123069.7226783
2014-07-17 04:00:00,3205,682123069.7226783
2014-07-17 04:30:00,2849,682123069.7226783
2014-07-17 05:00:00,2887,682123069.7226783
2014-07-17 05:30:00,5039,682123069.7226783
2014-07-17 06:00:00,7132,682123069.7226783
2014-07-17 06:30:00,12095,682123069.7226783
2014-07-17 07:00:00,14558,682123069.7226783
2014-07-17 07:30:00,17298,682123069.7226783
2014-07-17 08:00:00,19124,682123069.7226783
2014-07-17 08:30:00,20407,682123069.7226783
2014-07-17 09:00:00,19379,682123069.7226783
2014-07-17 09:30:00,18867,682123069.7226783
2014-07-17 10:00:00,17662,682123069.7226783
2014-07-17 10:30:00,17447,682123069.7226783
2014-07-17 11:00:00,16579,682123069.7226783
2014-07-17 11:30:00,18340,682123069.7226783
2014-07-17 12:00:00,18760,682123069.7226783
2014-07-17 12:30:00,18457,682123069.7226783
2014-07-17 13:00:00,17608,682123069.7226783
2014-07-17 13:30:00,18913,682123069.7226783
2014-07-17 14:00:00,19122,682123069.7226783
2014-07-17 14:30:00,19547,682123069.7226783
2014-07-17 15:00:00,17267,682123069.7226783
2014-07-17 15:30:00,15916,682123069.7226783
2014-07-17 16:00:00,13836,682123069.7226783
2014-07-17 16:30:00,11985,682123069.7226783
2014-07-17 17:00:00,14313,682123069.7226783
2014-07-17 17:30:00,17988,682123069.7226783
2014-07-17 18:00:00,21181,682123069.7226783
2014-07-17 18:30:00,23539,682123069.7226783
2014-07-17 19:00:00,24714,682123069.7226783
2014-07-17 19:30:00,25079,682123069.7226783
2014-07-17 20:00:00,23032,682123069.7226783
2014-07-17 20:30:00,21168,682123069.7226783
2014-07-17 21:00:00,25514,682123069.7226783
2014-07-17 21:30:00,26286,682123069.7226783
2014-07-17 22:00:00,25650,682123069.7226783
2014-07-17 22:30:00,24850,682123069.7226783
2014-07-17 23:00:00,23869,682123069.7226783
2014-07-17 23:30:00,22913,682123069.7226783
2014-07-18 00:00:00,20850,682123069.7226783
2014-07-18 00:30:00,16734,682123069.7226783
2014-07-18 01:00:00,14106,682123069.7226783
2014-07-18 01:30:00,11587,682123069.7226783
2014-07-18 02:00:00,8951,682123069.7226783
2014-07-18 02:30:00,7199,682123069.7226783
2014-07-18 03:00:00,6051,682123069.7226783
2014-07-18 03:30:00,4693,682123069.7226783
2014-07-18 04:00:00,4507,682123069.7226783
2014-07-18 04:30:00,3791,682123069.7226783
2014-07-18 05:00:00,3586,682123069.7226783
2014-07-18 05:30:00,4918,682123069.7226783
2014-07-18 06:00:00,7039,682123069.7226783
2014-07-18 06:30:00,11262,682123069.7226783
2014-07-18 07:00:00,13725,682123069.7226783
2014-07-18 07:30:00,15899,682123069.7226783
2014-07-18 08:00:00,17329,682123069.7226783
2014-07-18 08:30:00,19757,682123069.7226783
2014-07-18 09:00:00,19341,682123069.7226783
2014-07-18 09:30:00,17660,682123069.7226783
2014-07-18 10:00:00,16532,682123069.7226783
2014-07-18 10:30:00,16354,682123069.7226783
2014-07-18 11:00:00,16054,682123069.7226783
2014-07-18 11:30:00,17326,682123069.7226783
2014-07-18 12:00:00,17463,682123069.7226783
2014-07-18 12:30:00,17091,682123069.7226783
2014-07-18 13:00:00,16668,682123069.7226783
2014-07-18 13:30:00,17096,682123069.7226783
2014-07-18 14:00:00,17811,682123069.7226783
2014-07-18 14:30:00,17980,682123069.7226783
2014-07-18 15:00:00,17080,682123069.7226783
2014-07-18 15:30:00,15185,682123069.7226783
2014-07-18 16:00:00,13538,682123069.7226783
2014-07-18 16:30:00,12704,682123069.7226783
2014-07-18 17:00:00,15019,682123069.7226783
2014-07-18 17:30:00,18778,682123069.7226783
2014-07-18 18:00:00,21583,682123069.7226783
2014-07-18 18:30:00,23834,682123069.7226783
2014-07-18 19:00:00,25123,682123069.7226783
2014-07-18 19:30:00,24762,682123069.7226783
2014-07-18 20:00:00,22761,682123069.7226783
2014-07-18 20:30:00,22227,682123069.7226783
2014-07-18 21:00:00,23985,682123069.7226783
2014-07-18 21:30:00,23788,682123069.7226783
2014-07-18 22:00:00,23855,682123069.7226783
2014-07-18 22:30:00,26040,682123069.7226783
2014-07-18 23:00:00,25863,682123069.7226783
2014-07-18 23:30:00,25851,682123069.7226783
2014-07-19 00:00:00,26100,682123069.7226783
2014-07-19 00:30:00,24625,682123069.7226783
2014-07-19 01:00:00,22657,682123069.7226783
2014-07-19 01:30:00,20289,682123069.7226783
2014-07-19 02:00:00,18524,682123069.7226783
2014-07-19 02:30:00,15943,682123069.7226783
2014-07-19 03:00:00,13179,682123069.7226783
2014-07-19 03:30:00,12423,682123069.7226783
2014-07-19 04:00:00,10478,682123069.7226783
2014-07-19 04:30:00,6556,682123069.7226783
2014-07-19 05:00:00,4561,682123069.7226783
2014-07-19 05:30:00,3513,682123069.7226783
2014-07-19 06:00:00,3607,682123069.7226783
2014-07-19 06:30:00,4781,682123069.7226783
2014-07-19 07:00:00,5423,682123069.7226783
2014-07-19 07:30:00,6669,682123069.7226783
2014-07-19 08:00:00,7064,682123069.7226783
2014-07-19 08:30:00,9363,682123069.7226783
2014-07-19 09:00:00,10874,682123069.7226783
2014-07-19 09:30:00,13255,682123069.7226783
2014-07-19 10:00:00,13164,682123069.7226783
2014-07-19 10:30:00,15159,682123069.7226783
2014-07-19 11:00:00,16030,682123069.7226783
2014-07-19 11:30:00,18256,682123069.7226783
2014-07-19 12:00:00,17751,682123069.7226783
2014-07-19 12:30:00,17675,682123069.7226783
2014-07-19 13:00:00,18557,682123069.7226783
2014-07-19 13:30:00,18389,682123069.7226783
2014-07-19 14:00:00,17538,682123069.7226783
2014-07-19 14:30:00,17506,682123069.7226783
2014-07-19 15:00:00,17580,682123069.7226783
2014-07-19 15:30:00,18027,682123069.7226783
2014-07-19 16:00:00,16959,682123069.7226783
2014-07-19 16:30:00,17066,682123069.7226783
2014-07-19 17:00:00,18155,682123069.7226783
2014-07-19 17:30:00,20610,682123069.7226783
2014-07-19 18:00:00,20793,682123069.7226783
2014-07-19 18:30:00,21584,682123069.7226783
2014-07-19 19:00:00,23493,682123069.7226783
2014-07-19 19:30:00,22555,682123069.7226783
2014-07-19 20:00:00,20183,682123069.7226783
2014-07-19 20:30:00,20441,682123069.7226783
2014-07-19 21:00:00,21555,682123069.7226783
2014-07-19 21:30:00,22406,682123069.7226783
2014-07-19 22:00:00,22512,682123069.7226783
2014-07-19 22:30:00,24667,682123069.7226783
2014-07-19 23:00:00,25424,682123069.7226783
2014-07-19 23:30:00,25852,682123069.7226783
2014-07-20 00:00:00,25137,682123069.7226783
2014-07-20 00:30:00,24099,682123069.7226783
2014-07-20 01:00:00,23058,682123069.7226783
2014-07-20 01:30:00,20786,682123069.7226783
2014-07-20 02:00:00,19217,682123069.7226783
2014-07-20 02:30:00,16329,682123069.7226783
2014-07-20 03:00:00,14293,682123069.7226783
2014-07-20 03:30:00,13193,682123069.7226783
2014-07-20 04:00:00,11166,682123069.7226783
2014-07-20 04:30:00,7518,682123069.7226783
2014-07-20 05:00:00,4877,682123069.7226783
2014-07-20 05:30:00,3639,682123069.7226783
2014-07-20 06:00:00,3412,682123069.7226783
2014-07-20 06:30:00,3827,682123069.7226783
2014-07-20 07:00:00,3922,682123069.7226783
2014-07-20 07:30:00,5241,682123069.7226783
2014-07-20 08:00:00,5601,682123069.7226783
2014-07-20 08:30:00,7147,682123069.7226783
2014-07-20 09:00:00,8425,682123069.7226783
2014-07-20 09:30:00,10951,682123069.7226783
2014-07-20 10:00:00,11800,682123069.7226783
2014-07-20 10:30:00,13936,682123069.7226783
2014-07-20 11:00:00,14835,682123069.7226783
2014-07-20 11:30:00,16412,682123069.7226783
2014-07-20 12:00:00,16763,682123069.7226783
2014-07-20 12:30:00,17613,682123069.7226783
2014-07-20 13:00:00,17439,682123069.7226783
2014-07-20 13:30:00,17921,682123069.7226783
2014-07-20 14:00:00,18605,682123069.7226783
2014-07-20 14:30:00,18113,682123069.7226783
2014-07-20 15:00:00,17579,682123069.7226783
2014-07-20 15:30:00,16927,682123069.7226783
2014-07-20 16:00:00,16526,682123069.7226783
2014-07-20 16:30:00,16956,682123069.7226783
2014-07-20 17:00:00,17381,682123069.7226783
2014-07-20 17:30:00,19232,682123069.7226783
2014-07-20 18:00:00,19127,682123069.7226783
2014-07-20 18:30:00,19404,682123069.7226783
2014-07-20 19:00:00,18812,682123069.7226783
2014-07-20 19:30:00,18253,682123069.7226783
2014-07-20 20:00:00,16497,682123069.7226783
2014-07-20 20:30:00,16681,682123069.7226783
2014-07-20 21:00:00,17334,682123069.7226783
2014-07-20 21:30:00,17674,682123069.7226783
2014-07-20 22:00:00,16469,682123069.7226783
2014-07-20 22:30:00,15128,682123069.7226783
2014-07-20 23:00:00,13973,682123069.7226783
2014-07-20 23:30:00,12040,682123069.7226783
2014-07-21 00:00:00,9494,682123069.7226783
2014-07-21 00:30:00,6963,682123069.7226783
2014-07-21 01:00:00,5611,682123069.7226783
2014-07-21 01:30:00,4140,682123069.7226783
2014-07-21 02:00:00,3370,682123069.7226783
2014-07-21 02:30:00,2625,682123069.7226783
2014-07-21 03:00:00,2093,682123069.7226783
2014-07-21 03:30:00,1854,682123069.7226783
2014-07-21 04:00:00,2482,682123069.7226783
2014-07-21 04:30:00,2529,682123069.7226783
2014-07-21 05:00:00,2968,682123069.7226783
2014-07-21 05:30:00,4540,682123069.7226783
2014-07-21 06:00:00,6868,682123069.7226783
2014-07-21 06:30:00,10765,682123069.7226783
2014-07-21 07:00:00,13095,682123069.7226783
2014-07-21 07:30:00,15651,682123069.7226783
2014-07-21 08:00:00,17427,682123069.7226783
2014-07-21 08:30:00,18637,682123069.7226783
2014-07-21 09:00:00,18614,682123069.7226783
2014-07-21 09:30:00,17187,682123069.7226783
2014-07-21 10:00:00,15281,682123069.7226783
2014-07-21 10:30:00,15505,682123069.7226783
2014-07-21 11:00:00,15168,682123069.7226783
2014-07-21 11:30:00,15813,682123069.7226783
2014-07-21 12:00:00,15979,682123069.7226783
2014-07-21 12:30:00,16314,682123069.7226783
2014-07-21 13:00:00,16002,682123069.7226783
2014-07-21 13:30:00,16845,682123069.7226783
2014-07-21 14:00:00,17009,682123069.7226783
2014-07-21 14:30:00,17302,682123069.7226783
2014-07-21 15:00:00,16649,682123069.7226783
2014-07-21 15:30:00,16857,682123069.7226783
2014-07-21 16:00:00,15733,682123069.7226783
2014-07-21 16:30:00,15537,682123069.7226783
2014-07-21 17:00:00,17362,682123069.7226783
2014-07-21 17:30:00,19639,682123069.7226783
2014-07-21 18:00:00,22891,682123069.7226783
2014-07-21 18:30:00,22920,682123069.7226783
2014-07-21 19:00:00,22941,682123069.7226783
2014-07-21 19:30:00,21849,682123069.7226783
2014-07-21 20:00:00,20483,682123069.7226783
2014-07-21 20:30:00,18868,682123069.7226783
2014-07-21 21:00:00,20235,682123069.7226783
2014-07-21 21:30:00,20658,682123069.7226783
2014-07-21 22:00:00,20751,682123069.7226783
2014-07-21 22:30:00,18642,682123069.7226783
2014-07-21 23:00:00,16106,682123069.7226783
2014-07-21 23:30:00,13303,682123069.7226783
2014-07-22 00:00:00,10611,682123069.7226783
2014-07-22 00:30:00,8009,682123069.7226783
2014-07-22 01:00:00,6210,682123069.7226783
2014-07-22 01:30:00,4830,682123069.7226783
2014-07-22 02:00:00,3753,682123069.7226783
2014-07-22 02:30:00,2962,682123069.7226783
2014-07-22 03:00:00,2379,682123069.7226783
2014-07-22 03:30:00,2114,682123069.7226783
2014-07-22 04:00:00,2232,682123069.7226783
2014-07-22 04:30:00,2090,682123069.7226783
2014-07-22 05:00:00,2532,682123069.7226783
2014-07-22 05:30:00,4492,682123069.7226783
2014-07-22 06:00:00,6830,682123069.7226783
2014-07-22 06:30:00,11269,682123069.7226783
2014-07-22 07:00:00,13635,682123069.7226783
2014-07-22 07:30:00,16356,682123069.7226783
2014-07-22 08:00:00,18449,682123069.7226783
2014-07-22 08:30:00,20054,682123069.7226783
2014-07-22 09:00:00,19462,682123069.7226783
2014-07-22 09:30:00,19016,682123069.7226783
2014-07-22 10:00:00,17349,682123069.7226783
2014-07-22 10:30:00,17684,682123069.7226783
2014-07-22 11:00:00,17412,682123069.7226783
2014-07-22 11:30:00,17854,682123069.7226783
2014-07-22 12:00:00,18649,682123069.7226783
2014-07-22 12:30:00,19970,682123069.7226783
2014-07-22 13:00:00,19168,682123069.7226783
2014-07-22 13:30:00,19270,682123069.7226783
2014-07-22 14:00:00,19463,682123069.7226783
2014-07-22 14:30:00,18999,682123069.7226783
2014-07-22 15:00:00,17998,682123069.7226783
2014-07-22 15:30:00,17209,682123069.7226783
2014-07-22 16:00:00,15581,682123069.7226783
2014-07-22 16:30:00,14846,682123069.7226783
2014-07-22 17:00:00,17832,682123069.7226783
2014-07-22 17:30:00,21545,682123069.7226783
2014-07-22 18:00:00,24769,682123069.7226783
2014-07-22 18:30:00,25573,682123069.7226783
2014-07-22 19:00:00,26243,682123069.7226783
2014-07-22 19:30:00,25057,682123069.7226783
2014-07-22 20:00:00,23381,682123069.7226783
2014-07-22 20:30:00,22148,682123069.7226783
2014-07-22 21:00:00,24590,682123069.7226783
2014-07-22 21:30:00,24168,682123069.7226783
2014-07-22 22:00:00,23364,682123069.7226783
2014-07-22 22:30:00,23272,682123069.7226783
2014-07-22 23:00:00,19939,682123069.7226783
2014-07-22 23:30:00,17316,682123069.7226783
2014-07-23 00:00:00,13369,682123069.7226783
2014-07-23 00:30:00,10390,682123069.7226783
2014-07-23 01:00:00,7994,682123069.7226783
2014-07-23 01:30:00,5889,682123069.7226783
2014-07-23 02:00:00,4711,682123069.7226783
2014-07-23 02:30:00,3757,682123069.7226783
2014-07-23 03:00:00,3066,682123069.7226783
2014-07-23 03:30:00,2647,682123069.7226783
2014-07-23 04:00:00,2645,682123069.7226783
2014-07-23 04:30:00,2411,682123069.7226783
2014-07-23 05:00:00,2600,682123069.7226783
2014-07-23 05:30:00,4483,682123069.7226783
2014-07-23 06:00:00,6956,682123069.7226783
2014-07-23 06:30:00,11788,682123069.7226783
2014-07-23 07:00:00,14098,682123069.7226783
2014-07-23 07:30:00,17141,682123069.7226783
2014-07-23 08:00:00,19124,682123069.7226783
2014-07-23 08:30:00,20604,682123069.7226783
2014-07-23 09:00:00,20114,682123069.7226783
2014-07-23 09:30:00,19641,682123069.7226783
2014-07-23 10:00:00,18423,682123069.7226783
2014-07-23 10:30:00,18480,682123069.7226783
2014-07-23 11:00:00,18318,682123069.7226783
2014-07-23 11:30:00,19378,682123069.7226783
2014-07-23 12:00:00,19585,682123069.7226783
2014-07-23 12:30:00,19614,682123069.7226783
2014-07-23 13:00:00,19295,682123069.7226783
2014-07-23 13:30:00,19850,682123069.7226783
2014-07-23 14:00:00,20120,682123069.7226783
2014-07-23 14:30:00,19621,682123069.7226783
2014-07-23 15:00:00,18809,682123069.7226783
2014-07-23 15:30:00,17731,682123069.7226783
2014-07-23 16:00:00,15483,682123069.7226783
2014-07-23 16:30:00,15112,682123069.7226783
2014-07-23 17:00:00,18183,682123069.7226783
2014-07-23 17:30:00,21187,682123069.7226783
2014-07-23 18:00:00,24034,682123069.7226783
2014-07-23 18:30:00,25411,682123069.7226783
2014-07-23 19:00:00,26528,682123069.7226783
2014-07-23 19:30:00,26022,682123069.7226783
2014-07-23 20:00:00,23253,682123069.7226783
2014-07-23 20:30:00,25665,682123069.7226783
2014-07-23 21:00:00,26600,682123069.7226783
2014-07-23 21:30:00,24757,682123069.7226783
2014-07-23 22:00:00,24337,682123069.7226783
2014-07-23 22:30:00,24294,682123069.7226783
2014-07-23 23:00:00,22087,682123069.7226783
2014-07-23 23:30:00,19064,682123069.7226783
2014-07-24 00:00:00,15542,682123069.7226783
2014-07-24 00:30:00,12026,682123069.7226783
2014-07-24 01:00:00,8678,682123069.7226783
2014-07-24 01:30:00,7042,682123069.7226783
2014-07-24 02:00:00,5355,682123069.7226783
2014-07-24 02:30:00,4129,682123069.7226783
2014-07-24 03:00:00,3109,682123069.7226783
2014-07-24 03:30:00,2534,682123069.7226783
2014-07-24 04:00:00,2788,682123069.7226783
2014-07-24 04:30:00,2507,682123069.7226783
2014-07-24 05:00:00,2671,682123069.7226783
2014-07-24 05:30:00,4445,682123069.7226783
2014-07-24 06:00:00,7163,682123069.7226783
2014-07-24 06:30:00,11942,682123069.7226783
2014-07-24 07:00:00,14544,682123069.7226783
2014-07-24 07:30:00,17435,682123069.7226783
2014-07-24 08:00:00,19254,682123069.7226783
2014-07-24 08:30:00,20518,682123069.7226783
2014-07-24 09:00:00,20003,682123069.7226783
2014-07-24 09:30:00,19642,682123069.7226783
2014-07-24 10:00:00,17626,682123069.7226783
2014-07-24 10:30:00,18194,682123069.7226783
2014-07-24 11:00:00,16975,682123069.7226783
2014-07-24 11:30:00,18125,682123069.7226783
2014-07-24 12:00:00,18555,682123069.7226783
2014-07-24 12:30:00,18356,682123069.7226783
2014-07-24 13:00:00,17683,682123069.7226783
2014-07-24 13:30:00,18298,682123069.7226783
2014-07-24 14:00:00,18613,682123069.7226783
2014-07-24 14:30:00,18548,682123069.7226783
2014-07-24 15:00:00,17742,682123069.7226783
2014-07-24 15:30:00,16312,682123069.7226783
2014-07-24 16:00:00,14782,682123069.7226783
2014-07-24 16:30:00,13614,682123069.7226783
2014-07-24 17:00:00,16220,682123069.7226783
2014-07-24 17:30:00,18901,682123069.7226783
2014-07-24 18:00:00,21794,682123069.7226783
2014-07-24 18:30:00,23933,682123069.7226783
2014-07-24 19:00:00,25474,682123069.7226783
2014-07-24 19:30:00,24985,682123069.7226783
2014-07-24 20:00:00,22877,682123069.7226783
2014-07-24 20:30:00,22518,682123069.7226783
2014-07-24 21:00:00,25246,682123069.7226783
2014-07-24 21:30:00,25871,682123069.7226783
2014-07-24 22:00:00,25324,682123069.7226783
2014-07-24 22:30:00,25738,682123069.7226783
2014-07-24 23:00:00,24763,682123069.7226783
2014-07-24 23:30:00,23158,682123069.7226783
2014-07-25 00:00:00,20525,682123069.7226783
2014-07-25 00:30:00,17608,682123069.7226783
2014-07-25 01:00:00,14436,682123069.7226783
2014-07-25 01:30:00,11145,682123069.7226783
2014-07-25 02:00:00,8915,682123069.7226783
2014-07-25 02:30:00,7244,682123069.7226783
2014-07-25 03:00:00,5856,682123069.7226783
2014-07-25 03:30:00,4953,682123069.7226783
2014-07-25 04:00:00,4546,682123069.7226783
2014-07-25 04:30:00,3589,682123069.7226783
2014-07-25 05:00:00,3516,682123069.7226783
2014-07-25 05:30:00,5087,682123069.7226783
2014-07-25 06:00:00,7102,682123069.7226783
2014-07-25 06:30:00,10887,682123069.7226783
2014-07-25 07:00:00,12988,682123069.7226783
2014-07-25 07:30:00,15831,682123069.7226783
2014-07-25 08:00:00,17326,682123069.7226783
2014-07-25 08:30:00,19179,682123069.7226783
2014-07-25 09:00:00,18805,682123069.7226783
2014-07-25 09:30:00,17730,682123069.7226783
2014-07-25 10:00:00,16439,682123069.7226783
2014-07-25 10:30:00,16401,682123069.7226783
2014-07-25 11:00:00,16240,682123069.7226783
2014-07-25 11:30:00,17487,682123069.7226783
2014-07-25 12:00:00,17622,682123069.7226783
2014-07-25 12:30:00,17313,682123069.7226783
2014-07-25 13:00:00,16647,682123069.7226783
2014-07-25 13:30:00,16627,682123069.7226783
2014-07-25 14:00:00,17646,682123069.7226783
2014-07-25 14:30:00,17694,682123069.7226783
2014-07-25 15:00:00,17661,682123069.7226783
2014-07-25 15:30:00,15842,682123069.7226783
2014-07-25 16:00:00,14950,682123069.7226783
2014-07-25 16:30:00,13473,682123069.7226783
2014-07-25 17:00:00,16633,682123069.7226783
2014-07-25 17:30:00,19501,682123069.7226783
2014-07-25 18:00:00,22009,682123069.7226783
2014-07-25 18:30:00,23891,682123069.7226783
2014-07-25 19:00:00,25196,682123069.7226783
2014-07-25 19:30:00,24427,682123069.7226783
2014-07-25 20:00:00,22357,682123069.7226783
2014-07-25 20:30:00,22460,682123069.7226783
2014-07-25 21:00:00,24066,682123069.7226783
2014-07-25 21:30:00,23690,682123069.7226783
2014-07-25 22:00:00,24491,682123069.7226783
2014-07-25 22:30:00,25737,682123069.7226783
2014-07-25 23:00:00,26688,682123069.7226783
2014-07-25 23:30:00,26230,682123069.7226783
2014-07-26 00:00:00,26300,682123069.7226783
2014-07-26 00:30:00,24337,682123069.7226783
2014-07-26 01:00:00,23124,682123069.7226783
2014-07-26 01:30:00,20675,682123069.7226783
2014-07-26 02:00:00,18663,682123069.7226783
2014-07-26 02:30:00,15997,682123069.7226783
2014-07-26 03:00:00,13405,682123069.7226783
2014-07-26 03:30:00,11921,682123069.7226783
2014-07-26 04:00:00,10203,682123069.7226783
2014-07-26 04:30:00,6543,682123069.7226783
2014-07-26 05:00:00,4719,682123069.7226783
2014-07-26 05:30:00,3853,682123069.7226783
2014-07-26 06:00:00,4116,682123069.7226783
2014-07-26 06:30:00,5274,682123069.7226783
2014-07-26 07:00:00,5331,682123069.7226783
2014-07-26 07:30:00,6830,682123069.7226783
2014-07-26 08:00:00,7303,682123069.7226783
2014-07-26 08:30:00,9704,682123069.7226783
2014-07-26 09:00:00,11209,682123069.7226783
2014-07-26 09:30:00,13874,682123069.7226783
2014-07-26 10:00:00,14548,682123069.7226783
2014-07-26 10:30:00,16204,682123069.7226783
2014-07-26 11:00:00,16938,682123069.7226783
2014-07-26 11:30:00,18696,682123069.7226783
2014-07-26 12:00:00,17585,682123069.7226783
2014-07-26 12:30:00,18538,682123069.7226783
2014-07-26 13:00:00,18206,682123069.7226783
2014-07-26 13:30:00,17532,682123069.7226783
2014-07-26 14:00:00,17657,682123069.7226783
2014-07-26 14:30:00,17943,682123069.7226783
2014-07-26 15:00:00,17698,682123069.7226783
2014-07-26 15:30:00,18074,682123069.7226783
2014-07-26 16:00:00,16920,682123069.7226783
2014-07-26 16:30:00,18262,682123069.7226783
2014-07-26 17:00:00,19013,682123069.7226783
2014-07-26 17:30:00,19902,682123069.7226783
2014-07-26 18:00:00,20449,682123069.7226783
2014-07-26 18:30:00,22190,682123069.7226783
2014-07-26 19:00:00,23099,682123069.7226783
2014-07-26 19:30:00,22128,682123069.7226783
2014-07-26 20:00:00,20110,682123069.7226783
2014-07-26 20:30:00,20261,682123069.7226783
2014-07-26 21:00:00,22299,682123069.7226783
2014-07-26 21:30:00,21886,682123069.7226783
2014-07-26 22:00:00,22600,682123069.7226783
2014-07-26 22:30:00,24667,682123069.7226783
2014-07-26 23:00:00,25662,682123069.7226783
2014-07-26 23:30:00,25832,682123069.7226783
2014-07-27 00:00:00,25659,682123069.7226783
2014-07-27 00:30:00,24748,682123069.7226783
2014-07-27 01:00:00,22552,682123069.7226783
2014-07-27 01:30:00,20712,682123069.7226783
2014-07-27 02:00:00,19122,682123069.7226783
2014-07-27 02:30:00,16777,682123069.7226783
2014-07-27 03:00:00,14475,682123069.7226783
2014-07-27 03:30:00,12720,682123069.7226783
2014-07-27 04:00:00,11239,682123069.7226783
2014-07-27 04:30:00,7087,682123069.7226783
2014-07-27 05:00:00,4896,682123069.7226783
2014-07-27 05:30:00,3818,682123069.7226783
2014-07-27 06:00:00,3449,682123069.7226783
2014-07-27 06:30:00,3883,682123069.7226783
2014-07-27 07:00:00,3810,682123069.7226783
2014-07-27 07:30:00,5059,682123069.7226783
2014-07-27 08:00:00,5476,682123069.7226783
2014-07-27 08:30:00,7083,682123069.7226783
2014-07-27 09:00:00,8153,682123069.7226783
2014-07-27 09:30:00,10647,682123069.7226783
2014-07-27 10:00:00,11873,682123069.7226783
2014-07-27 10:30:00,14193,682123069.7226783
2014-07-27 11:00:00,14938,682123069.7226783
2014-07-27 11:30:00,16488,682123069.7226783
2014-07-27 12:00:00,16996,682123069.7226783
2014-07-27 12:30:00,17381,682123069.7226783
2014-07-27 13:00:00,18173,682123069.7226783
2014-07-27 13:30:00,17651,682123069.7226783
2014-07-27 14:00:00,18698,682123069.7226783
2014-07-27 14:30:00,18260,682123069.7226783
2014-07-27 15:00:00,18181,682123069.7226783
2014-07-27 15:30:00,17413,682123069.7226783
2014-07-27 16:00:00,17230,682123069.7226783
2014-07-27 16:30:00,18275,682123069.7226783
2014-07-27 17:00:00,18883,682123069.7226783
2014-07-27 17:30:00,19851,682123069.7226783
2014-07-27 18:00:00,19673,682123069.7226783
2014-07-27 18:30:00,20508,682123069.7226783
2014-07-27 19:00:00,19557,682123069.7226783
2014-07-27 19:30:00,18268,682123069.7226783
2014-07-27 20:00:00,16615,682123069.7226783
2014-07-27 20:30:00,16969,682123069.7226783
2014-07-27 21:00:00,18252,682123069.7226783
2014-07-27 21:30:00,16920,682123069.7226783
2014-07-27 22:00:00,16356,682123069.7226783
2014-07-27 22:30:00,15567,682123069.7226783
2014-07-27 23:00:00,14278,682123069.7226783
2014-07-27 23:30:00,12786,682123069.7226783
2014-07-28 00:00:00,10323,682123069.7226783
2014-07-28 00:30:00,7645,682123069.7226783
2014-07-28 01:00:00,6791,682123069.7226783
2014-07-28 01:30:00,5394,682123069.7226783
2014-07-28 02:00:00,3694,682123069.7226783
2014-07-28 02:30:00,2713,682123069.7226783
2014-07-28 03:00:00,2376,682123069.7226783
2014-07-28 03:30:00,2146,682123069.7226783
2014-07-28 04:00:00,2250,682123069.7226783
2014-07-28 04:30:00,2370,682123069.7226783
2014-07-28 05:00:00,2906,682123069.7226783
2014-07-28 05:30:00,4477,682123069.7226783
2014-07-28 06:00:00,6446,682123069.7226783
2014-07-28 06:30:00,9332,682123069.7226783
2014-07-28 07:00:00,10577,682123069.7226783
2014-07-28 07:30:00,11765,682123069.7226783
2014-07-28 08:00:00,13452,682123069.7226783
2014-07-28 08:30:00,14290,682123069.7226783
2014-07-28 09:00:00,15239,682123069.7226783
2014-07-28 09:30:00,14926,682123069.7226783
2014-07-28 10:00:00,14475,682123069.7226783
2014-07-28 10:30:00,14435,682123069.7226783
2014-07-28 11:00:00,14103,682123069.7226783
2014-07-28 11:30:00,15124,682123069.7226783
2014-07-28 12:00:00,15376,682123069.7226783
2014-07-28 12:30:00,15758,682123069.7226783
2014-07-28 13:00:00,14653,682123069.7226783
2014-07-28 13:30:00,15786,682123069.7226783
2014-07-28 14:00:00,15554,682123069.7226783
2014-07-28 14:30:00,16332,682123069.7226783
2014-07-28 15:00:00,15602,682123069.7226783
2014-07-28 15:30:00,14931,682123069.7226783
2014-07-28 16:00:00,13817,682123069.7226783
2014-07-28 16:30:00,13611,682123069.7226783
2014-07-28 17:00:00,14678,682123069.7226783
2014-07-28 17:30:00,16669,682123069.7226783
2014-07-28 18:00:00,18171,682123069.7226783
2014-07-28 18:30:00,20033,682123069.7226783
2014-07-28 19:00:00,20467,682123069.7226783
2014-07-28 19:30:00,20263,682123069.7226783
2014-07-28 20:00:00,18901,682123069.7226783
2014-07-28 20:30:00,18249,682123069.7226783
2014-07-28 21:00:00,18421,682123069.7226783
2014-07-28 21:30:00,17932,682123069.7226783
2014-07-28 22:00:00,17568,682123069.7226783
2014-07-28 22:30:00,16656,682123069.7226783
2014-07-28 23:00:00,15574,682123069.7226783
2014-07-28 23:30:00,13310,682123069.7226783
2014-07-29 00:00:00,10468,682123069.7226783
2014-07-29 00:30:00,7932,682123069.7226783
2014-07-29 01:00:00,6080,682123069.7226783
2014-07-29 01:30:00,4735,682123069.7226783
2014-07-29 02:00:00,3834,682123069.7226783
2014-07-29 02:30:00,2746,682123069.7226783
2014-07-29 03:00:00,2244,682123069.7226783
2014-07-29 03:30:00,1940,682123069.7226783
2014-07-29 04:00:00,2066,682123069.7226783
2014-07-29 04:30:00,2046,682123069.7226783
2014-07-29 05:00:00,2295,682123069.7226783
2014-07-29 05:30:00,4533,682123069.7226783
2014-07-29 06:00:00,6655,682123069.7226783
2014-07-29 06:30:00,11415,682123069.7226783
2014-07-29 07:00:00,13863,682123069.7226783
2014-07-29 07:30:00,15517,682123069.7226783
2014-07-29 08:00:00,17106,682123069.7226783
2014-07-29 08:30:00,18521,682123069.7226783
2014-07-29 09:00:00,18016,682123069.7226783
2014-07-29 09:30:00,17448,682123069.7226783
2014-07-29 10:00:00,16131,682123069.7226783
2014-07-29 10:30:00,16534,682123069.7226783
2014-07-29 11:00:00,15744,682123069.7226783
2014-07-29 11:30:00,17039,682123069.7226783
2014-07-29 12:00:00,17357,682123069.7226783
2014-07-29 12:30:00,16841,682123069.7226783
2014-07-29 13:00:00,16797,682123069.7226783
2014-07-29 13:30:00,17226,682123069.7226783
2014-07-29 14:00:00,17550,682123069.7226783
2014-07-29 14:30:00,17336,682123069.7226783
2014-07-29 15:00:00,17343,682123069.7226783
2014-07-29 15:30:00,16601,682123069.7226783
2014-07-29 16:00:00,15090,682123069.7226783
2014-07-29 16:30:00,14130,682123069.7226783
2014-07-29 17:00:00,16356,682123069.7226783
2014-07-29 17:30:00,19357,682123069.7226783
2014-07-29 18:00:00,22313,682123069.7226783
2014-07-29 18:30:00,23636,682123069.7226783
2014-07-29 19:00:00,24822,682123069.7226783
2014-07-29 19:30:00,24550,682123069.7226783
2014-07-29 20:00:00,22761,682123069.7226783
2014-07-29 20:30:00,23119,682123069.7226783
2014-07-29 21:00:00,23658,682123069.7226783
2014-07-29 21:30:00,23853,682123069.7226783
2014-07-29 22:00:00,22995,682123069.7226783
2014-07-29 22:30:00,21708,682123069.7226783
2014-07-29 23:00:00,20231,682123069.7226783
2014-07-29 23:30:00,17264,682123069.7226783
2014-07-30 00:00:00,13549,682123069.7226783
2014-07-30 00:30:00,10142,682123069.7226783
2014-07-30 01:00:00,7783,682123069.7226783
2014-07-30 01:30:00,6011,682123069.7226783
2014-07-30 02:00:00,4935,682123069.7226783
2014-07-30 02:30:00,3668,682123069.7226783
2014-07-30 03:00:00,3092,682123069.7226783
2014-07-30 03:30:00,2577,682123069.7226783
2014-07-30 04:00:00,2772,682123069.7226783
2014-07-30 04:30:00,2637,682123069.7226783
2014-07-30 05:00:00,2605,682123069.7226783
2014-07-30 05:30:00,4449,682123069.7226783
2014-07-30 06:00:00,6912,682123069.7226783
2014-07-30 06:30:00,11909,682123069.7226783
2014-07-30 07:00:00,14184,682123069.7226783
2014-07-30 07:30:00,17246,682123069.7226783
2014-07-30 08:00:00,18393,682123069.7226783
2014-07-30 08:30:00,19797,682123069.7226783
2014-07-30 09:00:00,19101,682123069.7226783
2014-07-30 09:30:00,18889,682123069.7226783
2014-07-30 10:00:00,16897,682123069.7226783
2014-07-30 10:30:00,16922,682123069.7226783
2014-07-30 11:00:00,16218,682123069.7226783
2014-07-30 11:30:00,17511,682123069.7226783
2014-07-30 12:00:00,17941,682123069.7226783
2014-07-30 12:30:00,17203,682123069.7226783
2014-07-30 13:00:00,16879,682123069.7226783
2014-07-30 13:30:00,17733,682123069.7226783
2014-07-30 14:00:00,17587,682123069.7226783
2014-07-30 14:30:00,17564,682123069.7226783
2014-07-30 15:00:00,17003,682123069.7226783
2014-07-30 15:30:00,15725,682123069.7226783
2014-07-30 16:00:00,13832,682123069.7226783
2014-07-30 16:30:00,12826,682123069.7226783
2014-07-30 17:00:00,15603,682123069.7226783
2014-07-30 17:30:00,18935,682123069.7226783
2014-07-30 18:00:00,21175,682123069.7226783
2014-07-30 18:30:00,22980,682123069.7226783
2014-07-30 19:00:00,24644,682123069.7226783
2014-07-30 19:30:00,24938,682123069.7226783
2014-07-30 20:00:00,24095,682123069.7226783
2014-07-30 20:30:00,23952,682123069.7226783
2014-07-30 21:00:00,24913,682123069.7226783
2014-07-30 21:30:00,25138,682123069.7226783
2014-07-30 22:00:00,24972,682123069.7226783
2014-07-30 22:30:00,23605,682123069.7226783
2014-07-30 23:00:00,22758,682123069.7226783
2014-07-30 23:30:00,19560,682123069.7226783
2014-07-31 00:00:00,15486,682123069.7226783
2014-07-31 00:30:00,12362,682123069.7226783
2014-07-31 01:00:00,9401,682123069.7226783
2014-07-31 01:30:00,7131,682123069.7226783
2014-07-31 02:00:00,5949,682123069.7226783
2014-07-31 02:30:00,4722,682123069.7226783
2014-07-31 03:00:00,3792,682123069.7226783
2014-07-31 03:30:00,3266,682123069.7226783
2014-07-31 04:00:00,3267,682123069.7226783
2014-07-31 04:30:00,2605,682123069.7226783
2014-07-31 05:00:00,2562,682123069.7226783
2014-07-31 05:30:00,4595,682123069.7226783
2014-07-31 06:00:00,7263,682123069.7226783
2014-07-31 06:30:00,11825,682123069.7226783
2014-07-31 07:00:00,13863,682123069.7226783
2014-07-31 07:30:00,16898,682123069.7226783
2014-07-31 08:00:00,18741,682123069.7226783
2014-07-31 08:30:00,20117,682123069.7226783
2014-07-31 09:00:00,19185,682123069.7226783
2014-07-31 09:30:00,17821,682123069.7226783
2014-07-31 10:00:00,16721,682123069.7226783
2014-07-31 10:30:00,16869,682123069.7226783
2014-07-31 11:00:00,16188,682123069.7226783
2014-07-31 11:30:00,17325,682123069.7226783
2014-07-31 12:00:00,17849,682123069.7226783
2014-07-31 12:30:00,17746,682123069.7226783
2014-07-31 13:00:00,17208,682123069.7226783
2014-07-31 13:30:00,17848,682123069.7226783
2014-07-31 14:00:00,18132,682123069.7226783
2014-07-31 14:30:00,18019,682123069.7226783
2014-07-31 15:00:00,17120,682123069.7226783
2014-07-31 15:30:00,15410,682123069.7226783
2014-07-31 16:00:00,13868,682123069.7226783
2014-07-31 16:30:00,13146,682123069.7226783
2014-07-31 17:00:00,15734,682123069.7226783
2014-07-31 17:30:00,18139,682123069.7226783
2014-07-31 18:00:00,20969,682123069.7226783
2014-07-31 18:30:00,23287,682123069.7226783
2014-07-31 19:00:00,24723,682123069.7226783
2014-07-31 19:30:00,25186,682123069.7226783
2014-07-31 20:00:00,24192,682123069.7226783
2014-07-31 20:30:00,24605,682123069.7226783
2014-07-31 21:00:00,25805,682123069.7226783
2014-07-31 21:30:00,25969,682123069.7226783
2014-07-31 22:00:00,25593,682123069.7226783
2014-07-31 22:30:00,24695,682123069.7226783
2014-07-31 23:00:00,24316,682123069.7226783
2014-07-31 23:30:00,23050,682123069.7226783
2014-08-01 00:00:00,20138,682123069.7226783
2014-08-01 00:30:00,17252,682123069.7226783
2014-08-01 01:00:00,14103,682123069.7226783
2014-08-01 01:30:00,10859,682123069.7226783
2014-08-01 02:00:00,9242,682123069.7226783
2014-08-01 02:30:00,7122,682123069.7226783
2014-08-01 03:00:00,5763,682123069.7226783
2014-08-01 03:30:00,4912,682123069.7226783
2014-08-01 04:00:00,4648,682123069.7226783
2014-08-01 04:30:00,3673,682123069.7226783
2014-08-01 05:00:00,3322,682123069.7226783
2014-08-01 05:30:00,4968,682123069.7226783
2014-08-01 06:00:00,7209,682123069.7226783
2014-08-01 06:30:00,11113,682123069.7226783
2014-08-01 07:00:00,13143,682123069.7226783
2014-08-01 07:30:00,15932,682123069.7226783
2014-08-01 08:00:00,17355,682123069.7226783
2014-08-01 08:30:00,19462,682123069.7226783
2014-08-01 09:00:00,18581,682123069.7226783
2014-08-01 09:30:00,18123,682123069.7226783
2014-08-01 10:00:00,16476,682123069.7226783
2014-08-01 10:30:00,16964,682123069.7226783
2014-08-01 11:00:00,16009,682123069.7226783
2014-08-01 11:30:00,16890,682123069.7226783
2014-08-01 12:00:00,17069,682123069.7226783
2014-08-01 12:30:00,16779,682123069.7226783
2014-08-01 13:00:00,16654,682123069.7226783
2014-08-01 13:30:00,16580,682123069.7226783
2014-08-01 14:00:00,17407,682123069.7226783
2014-08-01 14:30:00,17037,682123069.7226783
2014-08-01 15:00:00,16651,682123069.7226783
2014-08-01 15:30:00,15324,682123069.7226783
2014-08-01 16:00:00,12987,682123069.7226783
2014-08-01 16:30:00,12845,682123069.7226783
2014-08-01 17:00:00,15439,682123069.7226783
2014-08-01 17:30:00,18280,682123069.7226783
2014-08-01 18:00:00,20439,682123069.7226783
2014-08-01 18:30:00,22588,682123069.7226783
2014-08-01 19:00:00,24047,682123069.7226783
2014-08-01 19:30:00,23745,682123069.7226783
2014-08-01 20:00:00,22420,682123069.7226783
2014-08-01 20:30:00,23260,682123069.7226783
2014-08-01 21:00:00,23454,682123069.7226783
2014-08-01 21:30:00,22822,682123069.7226783
2014-08-01 22:00:00,23704,682123069.7226783
2014-08-01 22:30:00,24940,682123069.7226783
2014-08-01 23:00:00,25951,682123069.7226783
2014-08-01 23:30:00,25479,682123069.7226783
2014-08-02 00:00:00,25234,682123069.7226783
2014-08-02 00:30:00,23378,682123069.7226783
2014-08-02 01:00:00,22180,682123069.7226783
2014-08-02 01:30:00,20497,682123069.7226783
2014-08-02 02:00:00,18933,682123069.7226783
2014-08-02 02:30:00,17041,682123069.7226783
2014-08-02 03:00:00,14983,682123069.7226783
2014-08-02 03:30:00,12488,682123069.7226783
2014-08-02 04:00:00,10554,682123069.7226783
2014-08-02 04:30:00,6425,682123069.7226783
2014-08-02 05:00:00,4384,682123069.7226783
2014-08-02 05:30:00,3611,682123069.7226783
2014-08-02 06:00:00,3904,682123069.7226783
2014-08-02 06:30:00,5204,682123069.7226783
2014-08-02 07:00:00,5624,682123069.7226783
2014-08-02 07:30:00,7264,682123069.7226783
2014-08-02 08:00:00,7501,682123069.7226783
2014-08-02 08:30:00,9344,682123069.7226783
2014-08-02 09:00:00,10021,682123069.7226783
2014-08-02 09:30:00,12227,682123069.7226783
2014-08-02 10:00:00,12203,682123069.7226783
2014-08-02 10:30:00,14669,682123069.7226783
2014-08-02 11:00:00,14849,682123069.7226783
2014-08-02 11:30:00,16363,682123069.7226783
2014-08-02 12:00:00,16489,682123069.7226783
2014-08-02 12:30:00,17237,682123069.7226783
2014-08-02 13:00:00,17955,682123069.7226783
2014-08-02 13:30:00,17713,682123069.7226783
2014-08-02 14:00:00,17418,682123069.7226783
2014-08-02 14:30:00,17679,682123069.7226783
2014-08-02 15:00:00,18014,682123069.7226783
2014-08-02 15:30:00,18031,682123069.7226783
2014-08-02 16:00:00,17643,682123069.7226783
2014-08-02 16:30:00,17167,682123069.7226783
2014-08-02 17:00:00,18409,682123069.7226783
2014-08-02 17:30:00,20034,682123069.7226783
2014-08-02 18:00:00,21113,682123069.7226783
2014-08-02 18:30:00,21487,682123069.7226783
2014-08-02 19:00:00,22872,682123069.7226783
2014-08-02 19:30:00,22995,682123069.7226783
2014-08-02 20:00:00,20896,682123069.7226783
2014-08-02 20:30:00,21411,682123069.7226783
2014-08-02 21:00:00,21273,682123069.7226783
2014-08-02 21:30:00,21628,682123069.7226783
2014-08-02 22:00:00,21872,682123069.7226783
2014-08-02 22:30:00,23457,682123069.7226783
2014-08-02 23:00:00,24958,682123069.7226783
2014-08-02 23:30:00,24984,682123069.7226783
2014-08-03 00:00:00,24613,682123069.7226783
2014-08-03 00:30:00,23468,682123069.7226783
2014-08-03 01:00:00,22125,682123069.7226783
2014-08-03 01:30:00,22220,682123069.7226783
2014-08-03 02:00:00,20171,682123069.7226783
2014-08-03 02:30:00,17690,682123069.7226783
2014-08-03 03:00:00,14908,682123069.7226783
2014-08-03 03:30:00,13465,682123069.7226783
2014-08-03 04:00:00,11663,682123069.7226783
2014-08-03 04:30:00,6997,682123069.7226783
2014-08-03 05:00:00,4810,682123069.7226783
2014-08-03 05:30:00,3650,682123069.7226783
2014-08-03 06:00:00,3561,682123069.7226783
2014-08-03 06:30:00,4060,682123069.7226783
2014-08-03 07:00:00,4382,682123069.7226783
2014-08-03 07:30:00,5741,682123069.7226783
2014-08-03 08:00:00,6722,682123069.7226783
2014-08-03 08:30:00,7857,682123069.7226783
2014-08-03 09:00:00,8424,682123069.7226783
2014-08-03 09:30:00,10636,682123069.7226783
2014-08-03 10:00:00,11811,682123069.7226783
2014-08-03 10:30:00,13776,682123069.7226783
2014-08-03 11:00:00,14821,682123069.7226783
2014-08-03 11:30:00,16169,682123069.7226783
2014-08-03 12:00:00,16715,682123069.7226783
2014-08-03 12:30:00,17652,682123069.7226783
2014-08-03 13:00:00,17360,682123069.7226783
2014-08-03 13:30:00,17167,682123069.7226783
2014-08-03 14:00:00,18546,682123069.7226783
2014-08-03 14:30:00,17882,682123069.7226783
2014-08-03 15:00:00,17268,682123069.7226783
2014-08-03 15:30:00,17322,682123069.7226783
2014-08-03 16:00:00,16500,682123069.7226783
2014-08-03 16:30:00,16446,682123069.7226783
2014-08-03 17:00:00,17317,682123069.7226783
2014-08-03 17:30:00,18472,682123069.7226783
2014-08-03 18:00:00,19503,682123069.7226783
2014-08-03 18:30:00,19622,682123069.7226783
2014-08-03 19:00:00,18900,682123069.7226783
2014-08-03 19:30:00,17188,682123069.7226783
2014-08-03 20:00:00,16880,682123069.7226783
2014-08-03 20:30:00,17035,682123069.7226783
2014-08-03 21:00:00,16790,682123069.7226783
2014-08-03 21:30:00,17007,682123069.7226783
2014-08-03 22:00:00,15893,682123069.7226783
2014-08-03 22:30:00,14672,682123069.7226783
2014-08-03 23:00:00,12667,682123069.7226783
2014-08-03 23:30:00,10905,682123069.7226783
2014-08-04 00:00:00,8882,682123069.7226783
2014-08-04 00:30:00,6896,682123069.7226783
2014-08-04 01:00:00,5417,682123069.7226783
2014-08-04 01:30:00,4245,682123069.7226783
2014-08-04 02:00:00,3478,682123069.7226783
2014-08-04 02:30:00,2525,682123069.7226783
2014-08-04 03:00:00,2288,682123069.7226783
2014-08-04 03:30:00,2114,682123069.7226783
2014-08-04 04:00:00,2212,682123069.7226783
2014-08-04 04:30:00,2303,682123069.7226783
2014-08-04 05:00:00,2482,682123069.7226783
2014-08-04 05:30:00,4420,682123069.7226783
2014-08-04 06:00:00,6426,682123069.7226783
2014-08-04 06:30:00,10775,682123069.7226783
2014-08-04 07:00:00,12795,682123069.7226783
2014-08-04 07:30:00,15762,682123069.7226783
2014-08-04 08:00:00,17271,682123069.7226783
2014-08-04 08:30:00,18418,682123069.7226783
2014-08-04 09:00:00,18214,682123069.7226783
2014-08-04 09:30:00,17223,682123069.7226783
2014-08-04 10:00:00,15029,682123069.7226783
2014-08-04 10:30:00,15614,682123069.7226783
2014-08-04 11:00:00,15026,682123069.7226783
2014-08-04 11:30:00,16170,682123069.7226783
2014-08-04 12:00:00,16111,682123069.7226783
2014-08-04 12:30:00,16049,682123069.7226783
2014-08-04 13:00:00,16084,682123069.7226783
2014-08-04 13:30:00,16640,682123069.7226783
2014-08-04 14:00:00,16634,682123069.7226783
2014-08-04 14:30:00,17210,682123069.7226783
2014-08-04 15:00:00,16546,682123069.7226783
2014-08-04 15:30:00,16798,682123069.7226783
2014-08-04 16:00:00,15124,682123069.7226783
2014-08-04 16:30:00,14870,682123069.7226783
2014-08-04 17:00:00,16956,682123069.7226783
2014-08-04 17:30:00,18613,682123069.7226783
2014-08-04 18:00:00,21126,682123069.7226783
2014-08-04 18:30:00,22510,682123069.7226783
2014-08-04 19:00:00,22568,682123069.7226783
2014-08-04 19:30:00,21668,682123069.7226783
2014-08-04 20:00:00,21659,682123069.7226783
2014-08-04 20:30:00,21278,682123069.7226783
2014-08-04 21:00:00,21346,682123069.7226783
2014-08-04 21:30:00,20247,682123069.7226783
2014-08-04 22:00:00,19945,682123069.7226783
2014-08-04 22:30:00,17601,682123069.7226783
2014-08-04 23:00:00,15750,682123069.7226783
2014-08-04 23:30:00,12897,682123069.7226783
2014-08-05 00:00:00,10385,682123069.7226783
2014-08-05 00:30:00,8125,682123069.7226783
2014-08-05 01:00:00,6294,682123069.7226783
2014-08-05 01:30:00,4485,682123069.7226783
2014-08-05 02:00:00,3669,682123069.7226783
2014-08-05 02:30:00,3097,682123069.7226783
2014-08-05 03:00:00,2484,682123069.7226783
2014-08-05 03:30:00,2011,682123069.7226783
2014-08-05 04:00:00,2175,682123069.7226783
2014-08-05 04:30:00,2108,682123069.7226783
2014-08-05 05:00:00,2252,682123069.7226783
2014-08-05 05:30:00,4131,682123069.7226783
2014-08-05 06:00:00,6599,682123069.7226783
2014-08-05 06:30:00,11040,682123069.7226783
2014-08-05 07:00:00,13290,682123069.7226783
2014-08-05 07:30:00,16754,682123069.7226783
2014-08-05 08:00:00,18504,682123069.7226783
2014-08-05 08:30:00,19897,682123069.7226783
2014-08-05 09:00:00,19208,682123069.7226783
2014-08-05 09:30:00,18253,682123069.7226783
2014-08-05 10:00:00,16976,682123069.7226783
2014-08-05 10:30:00,16888,682123069.7226783
2014-08-05 11:00:00,16080,682123069.7226783
2014-08-05 11:30:00,17328,682123069.7226783
2014-08-05 12:00:00,17901,682123069.7226783
2014-08-05 12:30:00,18121,682123069.7226783
2014-08-05 13:00:00,17478,682123069.7226783
2014-08-05 13:30:00,18616,682123069.7226783
2014-08-05 14:00:00,18576,682123069.7226783
2014-08-05 14:30:00,18465,682123069.7226783
2014-08-05 15:00:00,17373,682123069.7226783
2014-08-05 15:30:00,16457,682123069.7226783
2014-08-05 16:00:00,14626,682123069.7226783
2014-08-05 16:30:00,13466,682123069.7226783
2014-08-05 17:00:00,16213,682123069.7226783
2014-08-05 17:30:00,18715,682123069.7226783
2014-08-05 18:00:00,21356,682123069.7226783
2014-08-05 18:30:00,22899,682123069.7226783
2014-08-05 19:00:00,23782,682123069.7226783
2014-08-05 19:30:00,22778,682123069.7226783
2014-08-05 20:00:00,22401,682123069.7226783
2014-08-05 20:30:00,22986,682123069.7226783
2014-08-05 21:00:00,23340,682123069.7226783
2014-08-05 21:30:00,24046,682123069.7226783
2014-08-05 22:00:00,22726,682123069.7226783
2014-08-05 22:30:00,20819,682123069.7226783
2014-08-05 23:00:00,19149,682123069.7226783
2014-08-05 23:30:00,16406,682123069.7226783
2014-08-06 00:00:00,13399,682123069.7226783
2014-08-06 00:30:00,10273,682123069.7226783
2014-08-06 01:00:00,7723,682123069.7226783
2014-08-06 01:30:00,5860,682123069.7226783
2014-08-06 02:00:00,4664,682123069.7226783
2014-08-06 02:30:00,3875,682123069.7226783
2014-08-06 03:00:00,3057,682123069.7226783
2014-08-06 03:30:00,2675,682123069.7226783
2014-08-06 04:00:00,2803,682123069.7226783
2014-08-06 04:30:00,2364,682123069.7226783
2014-08-06 05:00:00,2602,682123069.7226783
2014-08-06 05:30:00,4488,682123069.7226783
2014-08-06 06:00:00,6944,682123069.7226783
2014-08-06 06:30:00,11761,682123069.7226783
2014-08-06 07:00:00,14631,682123069.7226783
2014-08-06 07:30:00,17455,682123069.7226783
2014-08-06 08:00:00,19107,682123069.7226783
2014-08-06 08:30:00,19737,682123069.7226783
2014-08-06 09:00:00,18707,682123069.7226783
2014-08-06 09:30:00,18466,682123069.7226783
2014-08-06 10:00:00,16630,682123069.7226783
2014-08-06 10:30:00,17291,682123069.7226783
2014-08-06 11:00:00,15977,682123069.7226783
2014-08-06 11:30:00,17643,682123069.7226783
2014-08-06 12:00:00,17959,682123069.7226783
2014-08-06 12:30:00,17652,682123069.7226783
2014-08-06 13:00:00,17197,682123069.7226783
2014-08-06 13:30:00,17949,682123069.7226783
2014-08-06 14:00:00,17918,682123069.7226783
2014-08-06 14:30:00,17534,682123069.7226783
2014-08-06 15:00:00,17350,682123069.7226783
2014-08-06 15:30:00,16327,682123069.7226783
2014-08-06 16:00:00,14582,682123069.7226783
2014-08-06 16:30:00,13374,682123069.7226783
2014-08-06 17:00:00,16090,682123069.7226783
2014-08-06 17:30:00,18989,682123069.7226783
2014-08-06 18:00:00,21429,682123069.7226783
2014-08-06 18:30:00,23892,682123069.7226783
2014-08-06 19:00:00,24481,682123069.7226783
2014-08-06 19:30:00,24197,682123069.7226783
2014-08-06 20:00:00,23556,682123069.7226783
2014-08-06 20:30:00,23555,682123069.7226783
2014-08-06 21:00:00,24355,682123069.7226783
2014-08-06 21:30:00,24699,682123069.7226783
2014-08-06 22:00:00,23955,682123069.7226783
2014-08-06 22:30:00,22754,682123069.7226783
2014-08-06 23:00:00,21450,682123069.7226783
2014-08-06 23:30:00,18427,682123069.7226783
2014-08-07 00:00:00,15411,682123069.7226783
2014-08-07 00:30:00,11851,682123069.7226783
2014-08-07 01:00:00,9317,682123069.7226783
2014-08-07 01:30:00,6973,682123069.7226783
2014-08-07 02:00:00,5807,682123069.7226783
2014-08-07 02:30:00,4812,682123069.7226783
2014-08-07 03:00:00,3738,682123069.7226783
2014-08-07 03:30:00,3108,682123069.7226783
2014-08-07 04:00:00,3199,682123069.7226783
2014-08-07 04:30:00,2642,682123069.7226783
2014-08-07 05:00:00,2704,682123069.7226783
2014-08-07 05:30:00,4812,682123069.7226783
2014-08-07 06:00:00,6873,682123069.7226783
2014-08-07 06:30:00,11765,682123069.7226783
2014-08-07 07:00:00,13641,682123069.7226783
2014-08-07 07:30:00,17052,682123069.7226783
2014-08-07 08:00:00,18252,682123069.7226783
2014-08-07 08:30:00,19400,682123069.7226783
2014-08-07 09:00:00,18455,682123069.7226783
2014-08-07 09:30:00,18277,682123069.7226783
2014-08-07 10:00:00,16719,682123069.7226783
2014-08-07 10:30:00,16764,682123069.7226783
2014-08-07 11:00:00,16636,682123069.7226783
2014-08-07 11:30:00,18205,682123069.7226783
2014-08-07 12:00:00,18034,682123069.7226783
2014-08-07 12:30:00,17700,682123069.7226783
2014-08-07 13:00:00,16970,682123069.7226783
2014-08-07 13:30:00,17983,682123069.7226783
2014-08-07 14:00:00,18230,682123069.7226783
2014-08-07 14:30:00,18073,682123069.7226783
2014-08-07 15:00:00,17471,682123069.7226783
2014-08-07 15:30:00,15872,682123069.7226783
2014-08-07 16:00:00,13784,682123069.7226783
2014-08-07 16:30:00,13341,682123069.7226783
2014-08-07 17:00:00,15857,682123069.7226783
2014-08-07 17:30:00,18396,682123069.7226783
2014-08-07 18:00:00,21500,682123069.7226783
2014-08-07 18:30:00,23368,682123069.7226783
2014-08-07 19:00:00,24977,682123069.7226783
2014-08-07 19:30:00,24747,682123069.7226783
2014-08-07 20:00:00,23895,682123069.7226783
2014-08-07 20:30:00,24153,682123069.7226783
2014-08-07 21:00:00,24778,682123069.7226783
2014-08-07 21:30:00,24533,682123069.7226783
2014-08-07 22:00:00,24478,682123069.7226783
2014-08-07 22:30:00,24253,682123069.7226783
2014-08-07 23:00:00,23299,682123069.7226783
2014-08-07 23:30:00,22155,682123069.7226783
2014-08-08 00:00:00,19329,682123069.7226783
2014-08-08 00:30:00,15933,682123069.7226783
2014-08-08 01:00:00,13410,682123069.7226783
2014-08-08 01:30:00,10614,682123069.7226783
2014-08-08 02:00:00,8934,682123069.7226783
2014-08-08 02:30:00,7079,682123069.7226783
2014-08-08 03:00:00,5803,682123069.7226783
2014-08-08 03:30:00,4992,682123069.7226783
2014-08-08 04:00:00,4555,682123069.7226783
2014-08-08 04:30:00,3601,682123069.7226783
2014-08-08 05:00:00,3643,682123069.7226783
2014-08-08 05:30:00,4924,682123069.7226783
2014-08-08 06:00:00,6649,682123069.7226783
2014-08-08 06:30:00,10748,682123069.7226783
2014-08-08 07:00:00,12731,682123069.7226783
2014-08-08 07:30:00,15178,682123069.7226783
2014-08-08 08:00:00,16731,682123069.7226783
2014-08-08 08:30:00,18521,682123069.7226783
2014-08-08 09:00:00,17924,682123069.7226783
2014-08-08 09:30:00,17129,682123069.7226783
2014-08-08 10:00:00,15820,682123069.7226783
2014-08-08 10:30:00,16405,682123069.7226783
2014-08-08 11:00:00,15710,682123069.7226783
2014-08-08 11:30:00,16406,682123069.7226783
2014-08-08 12:00:00,17040,682123069.7226783
2014-08-08 12:30:00,16998,682123069.7226783
2014-08-08 13:00:00,16524,682123069.7226783
2014-08-08 13:30:00,17157,682123069.7226783
2014-08-08 14:00:00,17341,682123069.7226783
2014-08-08 14:30:00,17716,682123069.7226783
2014-08-08 15:00:00,17135,682123069.7226783
2014-08-08 15:30:00,15591,682123069.7226783
2014-08-08 16:00:00,13942,682123069.7226783
2014-08-08 16:30:00,13215,682123069.7226783
2014-08-08 17:00:00,16320,682123069.7226783
2014-08-08 17:30:00,19539,682123069.7226783
2014-08-08 18:00:00,21553,682123069.7226783
2014-08-08 18:30:00,23100,682123069.7226783
2014-08-08 19:00:00,24705,682123069.7226783
2014-08-08 19:30:00,23913,682123069.7226783
2014-08-08 20:00:00,22283,682123069.7226783
2014-08-08 20:30:00,22808,682123069.7226783
2014-08-08 21:00:00,22239,682123069.7226783
2014-08-08 21:30:00,21989,682123069.7226783
2014-08-08 22:00:00,22689,682123069.7226783
2014-08-08 22:30:00,23756,682123069.7226783
2014-08-08 23:00:00,24182,682123069.7226783
2014-08-08 23:30:00,24184,682123069.7226783
2014-08-09 00:00:00,23849,682123069.7226783
2014-08-09 00:30:00,22495,682123069.7226783
2014-08-09 01:00:00,20367,682123069.7226783
2014-08-09 01:30:00,18368,682123069.7226783
2014-08-09 02:00:00,17499,682123069.7226783
2014-08-09 02:30:00,15607,682123069.7226783
2014-08-09 03:00:00,13502,682123069.7226783
2014-08-09 03:30:00,11670,682123069.7226783
2014-08-09 04:00:00,9956,682123069.7226783
2014-08-09 04:30:00,5950,682123069.7226783
2014-08-09 05:00:00,4023,682123069.7226783
2014-08-09 05:30:00,3499,682123069.7226783
2014-08-09 06:00:00,3663,682123069.7226783
2014-08-09 06:30:00,4608,682123069.7226783
2014-08-09 07:00:00,5226,682123069.7226783
2014-08-09 07:30:00,6154,682123069.7226783
2014-08-09 08:00:00,7082,682123069.7226783
2014-08-09 08:30:00,8917,682123069.7226783
2014-08-09 09:00:00,9965,682123069.7226783
2014-08-09 09:30:00,12488,682123069.7226783
2014-08-09 10:00:00,12845,682123069.7226783
2014-08-09 10:30:00,14960,682123069.7226783
2014-08-09 11:00:00,15195,682123069.7226783
2014-08-09 11:30:00,16331,682123069.7226783
2014-08-09 12:00:00,16385,682123069.7226783
2014-08-09 12:30:00,16704,682123069.7226783
2014-08-09 13:00:00,17450,682123069.7226783
2014-08-09 13:30:00,17458,682123069.7226783
2014-08-09 14:00:00,16849,682123069.7226783
2014-08-09 14:30:00,16880,682123069.7226783
2014-08-09 15:00:00,16951,682123069.7226783
2014-08-09 15:30:00,16926,682123069.7226783
2014-08-09 16:00:00,16376,682123069.7226783
2014-08-09 16:30:00,16454,682123069.7226783
2014-08-09 17:00:00,17768,682123069.7226783
2014-08-09 17:30:00,19335,682123069.7226783
2014-08-09 18:00:00,20035,682123069.7226783
2014-08-09 18:30:00,21023,682123069.7226783
2014-08-09 19:00:00,21977,682123069.7226783
2014-08-09 19:30:00,20987,682123069.7226783
2014-08-09 20:00:00,19159,682123069.7226783
2014-08-09 20:30:00,19801,682123069.7226783
2014-08-09 21:00:00,20361,682123069.7226783
2014-08-09 21:30:00,20651,682123069.7226783
2014-08-09 22:00:00,20833,682123069.7226783
2014-08-09 22:30:00,22467,682123069.7226783
2014-08-09 23:00:00,23285,682123069.7226783
2014-08-09 23:30:00,23652,682123069.7226783
2014-08-10 00:00:00,23701,682123069.7226783
2014-08-10 00:30:00,21532,682123069.7226783
2014-08-10 01:00:00,20557,682123069.7226783
2014-08-10 01:30:00,18415,682123069.7226783
2014-08-10 02:00:00,17813,682123069.7226783
2014-08-10 02:30:00,16223,682123069.7226783
2014-08-10 03:00:00,13777,682123069.7226783
2014-08-10 03:30:00,11818,682123069.7226783
2014-08-10 04:00:00,10499,682123069.7226783
2014-08-10 04:30:00,6180,682123069.7226783
2014-08-10 05:00:00,4096,682123069.7226783
2014-08-10 05:30:00,3476,682123069.7226783
2014-08-10 06:00:00,3259,682123069.7226783
2014-08-10 06:30:00,3468,682123069.7226783
2014-08-10 07:00:00,3690,682123069.7226783
2014-08-10 07:30:00,5047,682123069.7226783
2014-08-10 08:00:00,5503,682123069.7226783
2014-08-10 08:30:00,6667,682123069.7226783
2014-08-10 09:00:00,8014,682123069.7226783
2014-08-10 09:30:00,10532,682123069.7226783
2014-08-10 10:00:00,11486,682123069.7226783
2014-08-10 10:30:00,13733,682123069.7226783
2014-08-10 11:00:00,14525,682123069.7226783
2014-08-10 11:30:00,15314,682123069.7226783
2014-08-10 12:00:00,16013,682123069.7226783
2014-08-10 12:30:00,16268,682123069.7226783
2014-08-10 13:00:00,16610,682123069.7226783
2014-08-10 13:30:00,16496,682123069.7226783
2014-08-10 14:00:00,16885,682123069.7226783
2014-08-10 14:30:00,16396,682123069.7226783
2014-08-10 15:00:00,15796,682123069.7226783
2014-08-10 15:30:00,15545,682123069.7226783
2014-08-10 16:00:00,15642,682123069.7226783
2014-08-10 16:30:00,15531,682123069.7226783
2014-08-10 17:00:00,16410,682123069.7226783
2014-08-10 17:30:00,17684,682123069.7226783
2014-08-10 18:00:00,17992,682123069.7226783
2014-08-10 18:30:00,18285,682123069.7226783
2014-08-10 19:00:00,17697,682123069.7226783
2014-08-10 19:30:00,16452,682123069.7226783
2014-08-10 20:00:00,16195,682123069.7226783
2014-08-10 20:30:00,16545,682123069.7226783
2014-08-10 21:00:00,15989,682123069.7226783
2014-08-10 21:30:00,15763,682123069.7226783
2014-08-10 22:00:00,14767,682123069.7226783
2014-08-10 22:30:00,14157,682123069.7226783
2014-08-10 23:00:00,12939,682123069.7226783
2014-08-10 23:30:00,11801,682123069.7226783
2014-08-11 00:00:00,9595,682123069.7226783
2014-08-11 00:30:00,7267,682123069.7226783
2014-08-11 01:00:00,5616,682123069.7226783
2014-08-11 01:30:00,4253,682123069.7226783
2014-08-11 02:00:00,3261,682123069.7226783
2014-08-11 02:30:00,2770,682123069.7226783
2014-08-11 03:00:00,2240,682123069.7226783
2014-08-11 03:30:00,2084,682123069.7226783
2014-08-11 04:00:00,2407,682123069.7226783
2014-08-11 04:30:00,2262,682123069.7226783
2014-08-11 05:00:00,2728,682123069.7226783
2014-08-11 05:30:00,4273,682123069.7226783
2014-08-11 06:00:00,6194,682123069.7226783
2014-08-11 06:30:00,10158,682123069.7226783
2014-08-11 07:00:00,12697,682123069.7226783
2014-08-11 07:30:00,14281,682123069.7226783
2014-08-11 08:00:00,16009,682123069.7226783
2014-08-11 08:30:00,17659,682123069.7226783
2014-08-11 09:00:00,17250,682123069.7226783
2014-08-11 09:30:00,16687,682123069.7226783
2014-08-11 10:00:00,14465,682123069.7226783
2014-08-11 10:30:00,14373,682123069.7226783
2014-08-11 11:00:00,14599,682123069.7226783
2014-08-11 11:30:00,15212,682123069.7226783
2014-08-11 12:00:00,16026,682123069.7226783
2014-08-11 12:30:00,15526,682123069.7226783
2014-08-11 13:00:00,15672,682123069.7226783
2014-08-11 13:30:00,16419,682123069.7226783
2014-08-11 14:00:00,16083,682123069.7226783
2014-08-11 14:30:00,16352,682123069.7226783
2014-08-11 15:00:00,16535,682123069.7226783
2014-08-11 15:30:00,16248,682123069.7226783
2014-08-11 16:00:00,14959,682123069.7226783
2014-08-11 16:30:00,14201,682123069.7226783
2014-08-11 17:00:00,16142,682123069.7226783
2014-08-11 17:30:00,18163,682123069.7226783
2014-08-11 18:00:00,20715,682123069.7226783
2014-08-11 18:30:00,21256,682123069.7226783
2014-08-11 19:00:00,21528,682123069.7226783
2014-08-11 19:30:00,20720,682123069.7226783
2014-08-11 20:00:00,20604,682123069.7226783
2014-08-11 20:30:00,19786,682123069.7226783
2014-08-11 21:00:00,19471,682123069.7226783
2014-08-11 21:30:00,19116,682123069.7226783
2014-08-11 22:00:00,18358,682123069.7226783
2014-08-11 22:30:00,16440,682123069.7226783
2014-08-11 23:00:00,14821,682123069.7226783
2014-08-11 23:30:00,12022,682123069.7226783
2014-08-12 00:00:00,9701,682123069.7226783
2014-08-12 00:30:00,7757,682123069.7226783
2014-08-12 01:00:00,6003,682123069.7226783
2014-08-12 01:30:00,4648,682123069.7226783
2014-08-12 02:00:00,3805,682123069.7226783
2014-08-12 02:30:00,3093,682123069.7226783
2014-08-12 03:00:00,2487,682123069.7226783
2014-08-12 03:30:00,2164,682123069.7226783
2014-08-12 04:00:00,2288,682123069.7226783
2014-08-12 04:30:00,2083,682123069.7226783
2014-08-12 05:00:00,2452,682123069.7226783
2014-08-12 05:30:00,4282,682123069.7226783
2014-08-12 06:00:00,6142,682123069.7226783
2014-08-12 06:30:00,10744,682123069.7226783
2014-08-12 07:00:00,13034,682123069.7226783
2014-08-12 07:30:00,15724,682123069.7226783
2014-08-12 08:00:00,18102,682123069.7226783
2014-08-12 08:30:00,19748,682123069.7226783
2014-08-12 09:00:00,18510,682123069.7226783
2014-08-12 09:30:00,17502,682123069.7226783
2014-08-12 10:00:00,15832,682123069.7226783
2014-08-12 10:30:00,15940,682123069.7226783
2014-08-12 11:00:00,15064,682123069.7226783
2014-08-12 11:30:00,16927,682123069.7226783
2014-08-12 12:00:00,16871,682123069.7226783
2014-08-12 12:30:00,17325,682123069.7226783
2014-08-12 13:00:00,16350,682123069.7226783
2014-08-12 13:30:00,17244,682123069.7226783
2014-08-12 14:00:00,18778,682123069.7226783
2014-08-12 14:30:00,19036,682123069.7226783
2014-08-12 15:00:00,18549,682123069.7226783
2014-08-12 15:30:00,16263,682123069.7226783
2014-08-12 16:00:00,13781,682123069.7226783
2014-08-12 16:30:00,13197,682123069.7226783
2014-08-12 17:00:00,14909,682123069.7226783
2014-08-12 17:30:00,18695,682123069.7226783
2014-08-12 18:00:00,21494,682123069.7226783
2014-08-12 18:30:00,23426,682123069.7226783
2014-08-12 19:00:00,25057,682123069.7226783
2014-08-12 19:30:00,26062,682123069.7226783
2014-08-12 20:00:00,20944,682123069.7226783
2014-08-12 20:30:00,20583,682123069.7226783
2014-08-12 21:00:00,22343,682123069.7226783
2014-08-12 21:30:00,22704,682123069.7226783
2014-08-12 22:00:00,20090,682123069.7226783
2014-08-12 22:30:00,21338,682123069.7226783
2014-08-12 23:00:00,18853,682123069.7226783
2014-08-12 23:30:00,14548,682123069.7226783
2014-08-13 00:00:00,12933,682123069.7226783
2014-08-13 00:30:00,11301,682123069.7226783
2014-08-13 01:00:00,8095,682123069.7226783
2014-08-13 01:30:00,6266,682123069.7226783
2014-08-13 02:00:00,4752,682123069.7226783
2014-08-13 02:30:00,3446,682123069.7226783
2014-08-13 03:00:00,2793,682123069.7226783
2014-08-13 03:30:00,2333,682123069.7226783
2014-08-13 04:00:00,2468,682123069.7226783
2014-08-13 04:30:00,2059,682123069.7226783
2014-08-13 05:00:00,2411,682123069.7226783
2014-08-13 05:30:00,4204,682123069.7226783
2014-08-13 06:00:00,6516,682123069.7226783
2014-08-13 06:30:00,11706,682123069.7226783
2014-08-13 07:00:00,14894,682123069.7226783
2014-08-13 07:30:00,17894,682123069.7226783
2014-08-13 08:00:00,18081,682123069.7226783
2014-08-13 08:30:00,19597,682123069.7226783
2014-08-13 09:00:00,19047,682123069.7226783
2014-08-13 09:30:00,19060,682123069.7226783
2014-08-13 10:00:00,17041,682123069.7226783
2014-08-13 10:30:00,16354,682123069.7226783
2014-08-13 11:00:00,15259,682123069.7226783
2014-08-13 11:30:00,16470,682123069.7226783
2014-08-13 12:00:00,17146,682123069.7226783
2014-08-13 12:30:00,17220,682123069.7226783
2014-08-13 13:00:00,16932,682123069.7226783
2014-08-13 13:30:00,17515,682123069.7226783
2014-08-13 14:00:00,17285,682123069.7226783
2014-08-13 14:30:00,17467,682123069.7226783
2014-08-13 15:00:00,16869,682123069.7226783
2014-08-13 15:30:00,16383,682123069.7226783
2014-08-13 16:00:00,14727,682123069.7226783
2014-08-13 16:30:00,14059,682123069.7226783
2014-08-13 17:00:00,16707,682123069.7226783
2014-08-13 17:30:00,20486,682123069.7226783
2014-08-13 18:00:00,22207,682123069.7226783
2014-08-13 18:30:00,23183,682123069.7226783
2014-08-13 19:00:00,24873,682123069.7226783
2014-08-13 19:30:00,24028,682123069.7226783
2014-08-13 20:00:00,22822,682123069.7226783
2014-08-13 20:30:00,22831,682123069.7226783
2014-08-13 21:00:00,23148,682123069.7226783
2014-08-13 21:30:00,23005,682123069.7226783
2014-08-13 22:00:00,23506,682123069.7226783
2014-08-13 22:30:00,22493,682123069.7226783
2014-08-13 23:00:00,20703,682123069.7226783
2014-08-13 23:30:00,18013,682123069.7226783
2014-08-14 00:00:00,14505,682123069.7226783
2014-08-14 00:30:00,11389,682123069.7226783
2014-08-14 01:00:00,8924,682123069.7226783
2014-08-14 01:30:00,7135,682123069.7226783
2014-08-14 02:00:00,5649,682123069.7226783
2014-08-14 02:30:00,4544,682123069.7226783
2014-08-14 03:00:00,3542,682123069.7226783
2014-08-14 03:30:00,3086,682123069.7226783
2014-08-14 04:00:00,3091,682123069.7226783
2014-08-14 04:30:00,2590,682123069.7226783
2014-08-14 05:00:00,2706,682123069.7226783
2014-08-14 05:30:00,4336,682123069.7226783
2014-08-14 06:00:00,6237,682123069.7226783
2014-08-14 06:30:00,10724,682123069.7226783
2014-08-14 07:00:00,13183,682123069.7226783
2014-08-14 07:30:00,15723,682123069.7226783
2014-08-14 08:00:00,17752,682123069.7226783
2014-08-14 08:30:00,19645,682123069.7226783
2014-08-14 09:00:00,18448,682123069.7226783
2014-08-14 09:30:00,17796,682123069.7226783
2014-08-14 10:00:00,16361,682123069.7226783
2014-08-14 10:30:00,16636,682123069.7226783
2014-08-14 11:00:00,15606,682123069.7226783
2014-08-14 11:30:00,17003,682123069.7226783
2014-08-14 12:00:00,17538,682123069.7226783
2014-08-14 12:30:00,16979,682123069.7226783
2014-08-14 13:00:00,16844,682123069.7226783
2014-08-14 13:30:00,17372,682123069.7226783
2014-08-14 14:00:00,17667,682123069.7226783
2014-08-14 14:30:00,17859,682123069.7226783
2014-08-14 15:00:00,17357,682123069.7226783
2014-08-14 15:30:00,16100,682123069.7226783
2014-08-14 16:00:00,14347,682123069.7226783
2014-08-14 16:30:00,13630,682123069.7226783
2014-08-14 17:00:00,16197,682123069.7226783
2014-08-14 17:30:00,18210,682123069.7226783
2014-08-14 18:00:00,21282,682123069.7226783
2014-08-14 18:30:00,22623,682123069.7226783
2014-08-14 19:00:00,24035,682123069.7226783
2014-08-14 19:30:00,24056,682123069.7226783
2014-08-14 20:00:00,23987,682123069.7226783
2014-08-14 20:30:00,24289,682123069.7226783
2014-08-14 21:00:00,24134,682123069.7226783
2014-08-14 21:30:00,24141,682123069.7226783
2014-08-14 22:00:00,24661,682123069.7226783
2014-08-14 22:30:00,24114,682123069.7226783
2014-08-14 23:00:00,23611,682123069.7226783
2014-08-14 23:30:00,21287,682123069.7226783
2014-08-15 00:00:00,19491,682123069.7226783
2014-08-15 00:30:00,16128,682123069.7226783
2014-08-15 01:00:00,13044,682123069.7226783
2014-08-15 01:30:00,9984,682123069.7226783
2014-08-15 02:00:00,8526,682123069.7226783
2014-08-15 02:30:00,7009,682123069.7226783
2014-08-15 03:00:00,5525,682123069.7226783
2014-08-15 03:30:00,4688,682123069.7226783
2014-08-15 04:00:00,4665,682123069.7226783
2014-08-15 04:30:00,3542,682123069.7226783
2014-08-15 05:00:00,3163,682123069.7226783
2014-08-15 05:30:00,4547,682123069.7226783
2014-08-15 06:00:00,6346,682123069.7226783
2014-08-15 06:30:00,10699,682123069.7226783
2014-08-15 07:00:00,12050,682123069.7226783
2014-08-15 07:30:00,14555,682123069.7226783
2014-08-15 08:00:00,16322,682123069.7226783
2014-08-15 08:30:00,18762,682123069.7226783
2014-08-15 09:00:00,18321,682123069.7226783
2014-08-15 09:30:00,17235,682123069.7226783
2014-08-15 10:00:00,15496,682123069.7226783
2014-08-15 10:30:00,15859,682123069.7226783
2014-08-15 11:00:00,15559,682123069.7226783
2014-08-15 11:30:00,16873,682123069.7226783
2014-08-15 12:00:00,17350,682123069.7226783
2014-08-15 12:30:00,16611,682123069.7226783
2014-08-15 13:00:00,16543,682123069.7226783
2014-08-15 13:30:00,16753,682123069.7226783
2014-08-15 14:00:00,17552,682123069.7226783
2014-08-15 14:30:00,17361,682123069.7226783
2014-08-15 15:00:00,16508,682123069.7226783
2014-08-15 15:30:00,15776,682123069.7226783
2014-08-15 16:00:00,14232,682123069.7226783
2014-08-15 16:30:00,13784,682123069.7226783
2014-08-15 17:00:00,16867,682123069.7226783
2014-08-15 17:30:00,19906,682123069.7226783
2014-08-15 18:00:00,21668,682123069.7226783
2014-08-15 18:30:00,23098,682123069.7226783
2014-08-15 19:00:00,24319,682123069.7226783
2014-08-15 19:30:00,23800,682123069.7226783
2014-08-15 20:00:00,22649,682123069.7226783
2014-08-15 20:30:00,23190,682123069.7226783
2014-08-15 21:00:00,22209,682123069.7226783
2014-08-15 21:30:00,22105,682123069.7226783
2014-08-15 22:00:00,23041,682123069.7226783
2014-08-15 22:30:00,23974,682123069.7226783
2014-08-15 23:00:00,24057,682123069.7226783
2014-08-15 23:30:00,23997,682123069.7226783
2014-08-16 00:00:00,23174,682123069.7226783
2014-08-16 00:30:00,21534,682123069.7226783
2014-08-16 01:00:00,20240,682123069.7226783
2014-08-16 01:30:00,18434,682123069.7226783
2014-08-16 02:00:00,17382,682123069.7226783
2014-08-16 02:30:00,14870,682123069.7226783
2014-08-16 03:00:00,12921,682123069.7226783
2014-08-16 03:30:00,11258,682123069.7226783
2014-08-16 04:00:00,9869,682123069.7226783
2014-08-16 04:30:00,6061,682123069.7226783
2014-08-16 05:00:00,4150,682123069.7226783
2014-08-16 05:30:00,3688,682123069.7226783
2014-08-16 06:00:00,3811,682123069.7226783
2014-08-16 06:30:00,4938,682123069.7226783
2014-08-16 07:00:00,5248,682123069.7226783
2014-08-16 07:30:00,6972,682123069.7226783
2014-08-16 08:00:00,7885,682123069.7226783
2014-08-16 08:30:00,9526,682123069.7226783
2014-08-16 09:00:00,10750,682123069.7226783
2014-08-16 09:30:00,12899,682123069.7226783
2014-08-16 10:00:00,12950,682123069.7226783
2014-08-16 10:30:00,14145,682123069.7226783
2014-08-16 11:00:00,14724,682123069.7226783
2014-08-16 11:30:00,15667,682123069.7226783
2014-08-16 12:00:00,16016,682123069.7226783
2014-08-16 12:30:00,16245,682123069.7226783
2014-08-16 13:00:00,17156,682123069.7226783
2014-08-16 13:30:00,17194,682123069.7226783
2014-08-16 14:00:00,16993,682123069.7226783
2014-08-16 14:30:00,17286,682123069.7226783
2014-08-16 15:00:00,17109,682123069.7226783
2014-08-16 15:30:00,17115,682123069.7226783
2014-08-16 16:00:00,16437,682123069.7226783
2014-08-16 16:30:00,15986,682123069.7226783
2014-08-16 17:00:00,17735,682123069.7226783
2014-08-16 17:30:00,19247,682123069.7226783
2014-08-16 18:00:00,20555,682123069.7226783
2014-08-16 18:30:00,21424,682123069.7226783
2014-08-16 19:00:00,22252,682123069.7226783
2014-08-16 19:30:00,21379,682123069.7226783
2014-08-16 20:00:00,20043,682123069.7226783
2014-08-16 20:30:00,19941,682123069.7226783
2014-08-16 21:00:00,19947,682123069.7226783
2014-08-16 21:30:00,20601,682123069.7226783
2014-08-16 22:00:00,21109,682123069.7226783
2014-08-16 22:30:00,22185,682123069.7226783
2014-08-16 23:00:00,22255,682123069.7226783
2014-08-16 23:30:00,23286,682123069.7226783
2014-08-17 00:00:00,23263,682123069.7226783
2014-08-17 00:30:00,22356,682123069.7226783
2014-08-17 01:00:00,20247,682123069.7226783
2014-08-17 01:30:00,19261,682123069.7226783
2014-08-17 02:00:00,18335,682123069.7226783
2014-08-17 02:30:00,15881,682123069.7226783
2014-08-17 03:00:00,14076,682123069.7226783
2014-08-17 03:30:00,12215,682123069.7226783
2014-08-17 04:00:00,10492,682123069.7226783
2014-08-17 04:30:00,6297,682123069.7226783
2014-08-17 05:00:00,4328,682123069.7226783
2014-08-17 05:30:00,3426,682123069.7226783
2014-08-17 06:00:00,3367,682123069.7226783
2014-08-17 06:30:00,3930,682123069.7226783
2014-08-17 07:00:00,3834,682123069.7226783
2014-08-17 07:30:00,5166,682123069.7226783
2014-08-17 08:00:00,6704,682123069.7226783
2014-08-17 08:30:00,8252,682123069.7226783
2014-08-17 09:00:00,8872,682123069.7226783
2014-08-17 09:30:00,10157,682123069.7226783
2014-08-17 10:00:00,11490,682123069.7226783
2014-08-17 10:30:00,13701,682123069.7226783
2014-08-17 11:00:00,14623,682123069.7226783
2014-08-17 11:30:00,15373,682123069.7226783
2014-08-17 12:00:00,15798,682123069.7226783
2014-08-17 12:30:00,16478,682123069.7226783
2014-08-17 13:00:00,16986,682123069.7226783
2014-08-17 13:30:00,16375,682123069.7226783
2014-08-17 14:00:00,17545,682123069.7226783
2014-08-17 14:30:00,17532,682123069.7226783
2014-08-17 15:00:00,16751,682123069.7226783
2014-08-17 15:30:00,16425,682123069.7226783
2014-08-17 16:00:00,16231,682123069.7226783
2014-08-17 16:30:00,16257,682123069.7226783
2014-08-17 17:00:00,16875,682123069.7226783
2014-08-17 17:30:00,18041,682123069.7226783
2014-08-17 18:00:00,18055,682123069.7226783
2014-08-17 18:30:00,18276,682123069.7226783
2014-08-17 19:00:00,18030,682123069.7226783
2014-08-17 19:30:00,17081,682123069.7226783
2014-08-17 20:00:00,16006,682123069.7226783
2014-08-17 20:30:00,16544,682123069.7226783
2014-08-17 21:00:00,16394,682123069.7226783
2014-08-17 21:30:00,16467,682123069.7226783
2014-08-17 22:00:00,15480,682123069.7226783
2014-08-17 22:30:00,14150,682123069.7226783
2014-08-17 23:00:00,12599,682123069.7226783
2014-08-17 23:30:00,11942,682123069.7226783
2014-08-18 00:00:00,9875,682123069.7226783
2014-08-18 00:30:00,7581,682123069.7226783
2014-08-18 01:00:00,5815,682123069.7226783
2014-08-18 01:30:00,4164,682123069.7226783
2014-08-18 02:00:00,3757,682123069.7226783
2014-08-18 02:30:00,2863,682123069.7226783
2014-08-18 03:00:00,2372,682123069.7226783
2014-08-18 03:30:00,1951,682123069.7226783
2014-08-18 04:00:00,2353,682123069.7226783
2014-08-18 04:30:00,2332,682123069.7226783
2014-08-18 05:00:00,2702,682123069.7226783
2014-08-18 05:30:00,4271,682123069.7226783
2014-08-18 06:00:00,6107,682123069.7226783
2014-08-18 06:30:00,10069,682123069.7226783
2014-08-18 07:00:00,11882,682123069.7226783
2014-08-18 07:30:00,14095,682123069.7226783
2014-08-18 08:00:00,15597,682123069.7226783
2014-08-18 08:30:00,18046,682123069.7226783
2014-08-18 09:00:00,17168,682123069.7226783
2014-08-18 09:30:00,16333,682123069.7226783
2014-08-18 10:00:00,14794,682123069.7226783
2014-08-18 10:30:00,14653,682123069.7226783
2014-08-18 11:00:00,14058,682123069.7226783
2014-08-18 11:30:00,15162,682123069.7226783
2014-08-18 12:00:00,15013,682123069.7226783
2014-08-18 12:30:00,15376,682123069.7226783
2014-08-18 13:00:00,14922,682123069.7226783
2014-08-18 13:30:00,16122,682123069.7226783
2014-08-18 14:00:00,16229,682123069.7226783
2014-08-18 14:30:00,16481,682123069.7226783
2014-08-18 15:00:00,16424,682123069.7226783
2014-08-18 15:30:00,15719,682123069.7226783
2014-08-18 16:00:00,15087,682123069.7226783
2014-08-18 16:30:00,14465,682123069.7226783
2014-08-18 17:00:00,16588,682123069.7226783
2014-08-18 17:30:00,17923,682123069.7226783
2014-08-18 18:00:00,20054,682123069.7226783
2014-08-18 18:30:00,21402,682123069.7226783
2014-08-18 19:00:00,21523,682123069.7226783
2014-08-18 19:30:00,20447,682123069.7226783
2014-08-18 20:00:00,20431,682123069.7226783
2014-08-18 20:30:00,19708,682123069.7226783
2014-08-18 21:00:00,19821,682123069.7226783
2014-08-18 21:30:00,19291,682123069.7226783
2014-08-18 22:00:00,18093,682123069.7226783
2014-08-18 22:30:00,16177,682123069.7226783
2014-08-18 23:00:00,14282,682123069.7226783
2014-08-18 23:30:00,11852,682123069.7226783
2014-08-19 00:00:00,9601,682123069.7226783
2014-08-19 00:30:00,7532,682123069.7226783
2014-08-19 01:00:00,5866,682123069.7226783
2014-08-19 01:30:00,4515,682123069.7226783
2014-08-19 02:00:00,3787,682123069.7226783
2014-08-19 02:30:00,2947,682123069.7226783
2014-08-19 03:00:00,2237,682123069.7226783
2014-08-19 03:30:00,2022,682123069.7226783
2014-08-19 04:00:00,2313,682123069.7226783
2014-08-19 04:30:00,1932,682123069.7226783
2014-08-19 05:00:00,2200,682123069.7226783
2014-08-19 05:30:00,4019,682123069.7226783
2014-08-19 06:00:00,5928,682123069.7226783
2014-08-19 06:30:00,9987,682123069.7226783
2014-08-19 07:00:00,12094,682123069.7226783
2014-08-19 07:30:00,14716,682123069.7226783
2014-08-19 08:00:00,16670,682123069.7226783
2014-08-19 08:30:00,18950,682123069.7226783
2014-08-19 09:00:00,17964,682123069.7226783
2014-08-19 09:30:00,17783,682123069.7226783
2014-08-19 10:00:00,15966,682123069.7226783
2014-08-19 10:30:00,15946,682123069.7226783
2014-08-19 11:00:00,15205,682123069.7226783
2014-08-19 11:30:00,16175,682123069.7226783
2014-08-19 12:00:00,16790,682123069.7226783
2014-08-19 12:30:00,17284,682123069.7226783
2014-08-19 13:00:00,16153,682123069.7226783
2014-08-19 13:30:00,17673,682123069.7226783
2014-08-19 14:00:00,18157,682123069.7226783
2014-08-19 14:30:00,17858,682123069.7226783
2014-08-19 15:00:00,17087,682123069.7226783
2014-08-19 15:30:00,16385,682123069.7226783
2014-08-19 16:00:00,15063,682123069.7226783
2014-08-19 16:30:00,13909,682123069.7226783
2014-08-19 17:00:00,16462,682123069.7226783
2014-08-19 17:30:00,18855,682123069.7226783
2014-08-19 18:00:00,21606,682123069.7226783
2014-08-19 18:30:00,22910,682123069.7226783
2014-08-19 19:00:00,23691,682123069.7226783
2014-08-19 19:30:00,22752,682123069.7226783
2014-08-19 20:00:00,22414,682123069.7226783
2014-08-19 20:30:00,21896,682123069.7226783
2014-08-19 21:00:00,21887,682123069.7226783
2014-08-19 21:30:00,21845,682123069.7226783
2014-08-19 22:00:00,21436,682123069.7226783
2014-08-19 22:30:00,19787,682123069.7226783
2014-08-19 23:00:00,18369,682123069.7226783
2014-08-19 23:30:00,15132,682123069.7226783
2014-08-20 00:00:00,12168,682123069.7226783
2014-08-20 00:30:00,9288,682123069.7226783
2014-08-20 01:00:00,7465,682123069.7226783
2014-08-20 01:30:00,5656,682123069.7226783
2014-08-20 02:00:00,4693,682123069.7226783
2014-08-20 02:30:00,3694,682123069.7226783
2014-08-20 03:00:00,3027,682123069.7226783
2014-08-20 03:30:00,2587,682123069.7226783
2014-08-20 04:00:00,2733,682123069.7226783
2014-08-20 04:30:00,2216,682123069.7226783
2014-08-20 05:00:00,2289,682123069.7226783
2014-08-20 05:30:00,3937,682123069.7226783
2014-08-20 06:00:00,5718,682123069.7226783
2014-08-20 06:30:00,10053,682123069.7226783
2014-08-20 07:00:00,12154,682123069.7226783
2014-08-20 07:30:00,15289,682123069.7226783
2014-08-20 08:00:00,17424,682123069.7226783
2014-08-20 08:30:00,19403,682123069.7226783
2014-08-20 09:00:00,18488,682123069.7226783
2014-08-20 09:30:00,17881,682123069.7226783
2014-08-20 10:00:00,16397,682123069.7226783
2014-08-20 10:30:00,16319,682123069.7226783
2014-08-20 11:00:00,15923,682123069.7226783
2014-08-20 11:30:00,17200,682123069.7226783
2014-08-20 12:00:00,17140,682123069.7226783
2014-08-20 12:30:00,17422,682123069.7226783
2014-08-20 13:00:00,17393,682123069.7226783
2014-08-20 13:30:00,17612,682123069.7226783
2014-08-20 14:00:00,17475,682123069.7226783
2014-08-20 14:30:00,17685,682123069.7226783
2014-08-20 15:00:00,16765,682123069.7226783
2014-08-20 15:30:00,15701,682123069.7226783
2014-08-20 16:00:00,14276,682123069.7226783
2014-08-20 16:30:00,13715,682123069.7226783
2014-08-20 17:00:00,15577,682123069.7226783
2014-08-20 17:30:00,18831,682123069.7226783
2014-08-20 18:00:00,21971,682123069.7226783
2014-08-20 18:30:00,23814,682123069.7226783
2014-08-20 19:00:00,24147,682123069.7226783
2014-08-20 19:30:00,23300,682123069.7226783
2014-08-20 20:00:00,23237,682123069.7226783
2014-08-20 20:30:00,23018,682123069.7226783
2014-08-20 21:00:00,22814,682123069.7226783
2014-08-20 21:30:00,22716,682123069.7226783
2014-08-20 22:00:00,22838,682123069.7226783
2014-08-20 22:30:00,21546,682123069.7226783
2014-08-20 23:00:00,19205,682123069.7226783
2014-08-20 23:30:00,17041,682123069.7226783
2014-08-21 00:00:00,14569,682123069.7226783
2014-08-21 00:30:00,11396,682123069.7226783
2014-08-21 01:00:00,8719,682123069.7226783
2014-08-21 01:30:00,6717,682123069.7226783
2014-08-21 02:00:00,5410,682123069.7226783
2014-08-21 02:30:00,4458,682123069.7226783
2014-08-21 03:00:00,3703,682123069.7226783
2014-08-21 03:30:00,3166,682123069.7226783
2014-08-21 04:00:00,3256,682123069.7226783
2014-08-21 04:30:00,2805,682123069.7226783
2014-08-21 05:00:00,3067,682123069.7226783
2014-08-21 05:30:00,4424,682123069.7226783
2014-08-21 06:00:00,6076,682123069.7226783
2014-08-21 06:30:00,10251,682123069.7226783
2014-08-21 07:00:00,12400,682123069.7226783
2014-08-21 07:30:00,15229,682123069.7226783
2014-08-21 08:00:00,17252,682123069.7226783
2014-08-21 08:30:00,19332,682123069.7226783
2014-08-21 09:00:00,18249,682123069.7226783
2014-08-21 09:30:00,18059,682123069.7226783
2014-08-21 10:00:00,15889,682123069.7226783
2014-08-21 10:30:00,16234,682123069.7226783
2014-08-21 11:00:00,15730,682123069.7226783
2014-08-21 11:30:00,16578,682123069.7226783
2014-08-21 12:00:00,17363,682123069.7226783
2014-08-21 12:30:00,16708,682123069.7226783
2014-08-21 13:00:00,16809,682123069.7226783
2014-08-21 13:30:00,17193,682123069.7226783
2014-08-21 14:00:00,18105,682123069.7226783
2014-08-21 14:30:00,19035,682123069.7226783
2014-08-21 15:00:00,17230,682123069.7226783
2014-08-21 15:30:00,15928,682123069.7226783
2014-08-21 16:00:00,14180,682123069.7226783
2014-08-21 16:30:00,13252,682123069.7226783
2014-08-21 17:00:00,15256,682123069.7226783
2014-08-21 17:30:00,17773,682123069.7226783
2014-08-21 18:00:00,21104,682123069.7226783
2014-08-21 18:30:00,23557,682123069.7226783
2014-08-21 19:00:00,24797,682123069.7226783
2014-08-21 19:30:00,24794,682123069.7226783
2014-08-21 20:00:00,24154,682123069.7226783
2014-08-21 20:30:00,24501,682123069.7226783
2014-08-21 21:00:00,24042,682123069.7226783
2014-08-21 21:30:00,24125,682123069.7226783
2014-08-21 22:00:00,23970,682123069.7226783
2014-08-21 22:30:00,25949,682123069.7226783
2014-08-21 23:00:00,25094,682123069.7226783
2014-08-21 23:30:00,23295,682123069.7226783
2014-08-22 00:00:00,20552,682123069.7226783
2014-08-22 00:30:00,16266,682123069.7226783
2014-08-22 01:00:00,13365,682123069.7226783
2014-08-22 01:30:00,10287,682123069.7226783
2014-08-22 02:00:00,7901,682123069.7226783
2014-08-22 02:30:00,6235,682123069.7226783
2014-08-22 03:00:00,4869,682123069.7226783
2014-08-22 03:30:00,3995,682123069.7226783
2014-08-22 04:00:00,3734,682123069.7226783
2014-08-22 04:30:00,3190,682123069.7226783
2014-08-22 05:00:00,2878,682123069.7226783
2014-08-22 05:30:00,4020,682123069.7226783
2014-08-22 06:00:00,6062,682123069.7226783
2014-08-22 06:30:00,9502,682123069.7226783
2014-08-22 07:00:00,11446,682123069.7226783
2014-08-22 07:30:00,13665,682123069.7226783
2014-08-22 08:00:00,15257,682123069.7226783
2014-08-22 08:30:00,17391,682123069.7226783
2014-08-22 09:00:00,16922,682123069.7226783
2014-08-22 09:30:00,16227,682123069.7226783
2014-08-22 10:00:00,15185,682123069.7226783
2014-08-22 10:30:00,15390,682123069.7226783
2014-08-22 11:00:00,14725,682123069.7226783
2014-08-22 11:30:00,15415,682123069.7226783
2014-08-22 12:00:00,15729,682123069.7226783
2014-08-22 12:30:00,16131,682123069.7226783
2014-08-22 13:00:00,16058,682123069.7226783
2014-08-22 13:30:00,16015,682123069.7226783
2014-08-22 14:00:00,16749,682123069.7226783
2014-08-22 14:30:00,16857,682123069.7226783
2014-08-22 15:00:00,16588,682123069.7226783
2014-08-22 15:30:00,15430,682123069.7226783
2014-08-22 16:00:00,14186,682123069.7226783
2014-08-22 16:30:00,13756,682123069.7226783
2014-08-22 17:00:00,15596,682123069.7226783
2014-08-22 17:30:00,17743,682123069.7226783
2014-08-22 18:00:00,19439,682123069.7226783
2014-08-22 18:30:00,21047,682123069.7226783
2014-08-22 19:00:00,22647,682123069.7226783
2014-08-22 19:30:00,21734,682123069.7226783
2014-08-22 20:00:00,21394,682123069.7226783
2014-08-22 20:30:00,20208,682123069.7226783
2014-08-22 21:00:00,20329,682123069.7226783
2014-08-22 21:30:00,20221,682123069.7226783
2014-08-22 22:00:00,20945,682123069.7226783
2014-08-22 22:30:00,22327,682123069.7226783
2014-08-22 23:00:00,22765,682123069.7226783
2014-08-22 23:30:00,22852,682123069.7226783
2014-08-23 00:00:00,22726,682123069.7226783
2014-08-23 00:30:00,21079,682123069.7226783
2014-08-23 01:00:00,19166,682123069.7226783
2014-08-23 01:30:00,17719,682123069.7226783
2014-08-23 02:00:00,16471,682123069.7226783
2014-08-23 02:30:00,14158,682123069.7226783
2014-08-23 03:00:00,12730,682123069.7226783
2014-08-23 03:30:00,10984,682123069.7226783
2014-08-23 04:00:00,9409,682123069.7226783
2014-08-23 04:30:00,5667,682123069.7226783
2014-08-23 05:00:00,3879,682123069.7226783
2014-08-23 05:30:00,3398,682123069.7226783
2014-08-23 06:00:00,3683,682123069.7226783
2014-08-23 06:30:00,4437,682123069.7226783
2014-08-23 07:00:00,4732,682123069.7226783
2014-08-23 07:30:00,6130,682123069.7226783
2014-08-23 08:00:00,6492,682123069.7226783
2014-08-23 08:30:00,8397,682123069.7226783
2014-08-23 09:00:00,9673,682123069.7226783
2014-08-23 09:30:00,11493,682123069.7226783
2014-08-23 10:00:00,11723,682123069.7226783
2014-08-23 10:30:00,14060,682123069.7226783
2014-08-23 11:00:00,14204,682123069.7226783
2014-08-23 11:30:00,15542,682123069.7226783
2014-08-23 12:00:00,15446,682123069.7226783
2014-08-23 12:30:00,15993,682123069.7226783
2014-08-23 13:00:00,16206,682123069.7226783
2014-08-23 13:30:00,16531,682123069.7226783
2014-08-23 14:00:00,15717,682123069.7226783
2014-08-23 14:30:00,15964,682123069.7226783
2014-08-23 15:00:00,15868,682123069.7226783
2014-08-23 15:30:00,16012,682123069.7226783
2014-08-23 16:00:00,16200,682123069.7226783
2014-08-23 16:30:00,15778,682123069.7226783
2014-08-23 17:00:00,16268,682123069.7226783
2014-08-23 17:30:00,18160,682123069.7226783
2014-08-23 18:00:00,19155,682123069.7226783
2014-08-23 18:30:00,20365,682123069.7226783
2014-08-23 19:00:00,21278,682123069.7226783
2014-08-23 19:30:00,20466,682123069.7226783
2014-08-23 20:00:00,20057,682123069.7226783
2014-08-23 20:30:00,23457,682123069.7226783
2014-08-23 21:00:00,18798,682123069.7226783
2014-08-23 21:30:00,19387,682123069.7226783
2014-08-23 22:00:00,19998,682123069.7226783
2014-08-23 22:30:00,21426,682123069.7226783
2014-08-23 23:00:00,22449,682123069.7226783
2014-08-23 23:30:00,22640,682123069.7226783
2014-08-24 00:00:00,22666,682123069.7226783
2014-08-24 00:30:00,21430,682123069.7226783
2014-08-24 01:00:00,20015,682123069.7226783
2014-08-24 01:30:00,18791,682123069.7226783
2014-08-24 02:00:00,17683,682123069.7226783
2014-08-24 02:30:00,15830,682123069.7226783
2014-08-24 03:00:00,13862,682123069.7226783
2014-08-24 03:30:00,11961,682123069.7226783
2014-08-24 04:00:00,10153,682123069.7226783
2014-08-24 04:30:00,6051,682123069.7226783
2014-08-24 05:00:00,3848,682123069.7226783
2014-08-24 05:30:00,2948,682123069.7226783
2014-08-24 06:00:00,3143,682123069.7226783
2014-08-24 06:30:00,3505,682123069.7226783
2014-08-24 07:00:00,3812,682123069.7226783
2014-08-24 07:30:00,4939,682123069.7226783
2014-08-24 08:00:00,5442,682123069.7226783
2014-08-24 08:30:00,6630,682123069.7226783
2014-08-24 09:00:00,7744,682123069.7226783
2014-08-24 09:30:00,10198,682123069.7226783
2014-08-24 10:00:00,11041,682123069.7226783
2014-08-24 10:30:00,13200,682123069.7226783
2014-08-24 11:00:00,14107,682123069.7226783
2014-08-24 11:30:00,15069,682123069.7226783
2014-08-24 12:00:00,15638,682123069.7226783
2014-08-24 12:30:00,15464,682123069.7226783
2014-08-24 13:00:00,15901,682123069.7226783
2014-08-24 13:30:00,16001,682123069.7226783
2014-08-24 14:00:00,16492,682123069.7226783
2014-08-24 14:30:00,16166,682123069.7226783
2014-08-24 15:00:00,15531,682123069.7226783
2014-08-24 15:30:00,15655,682123069.7226783
2014-08-24 16:00:00,15040,682123069.7226783
2014-08-24 16:30:00,15083,682123069.7226783
2014-08-24 17:00:00,16229,682123069.7226783
2014-08-24 17:30:00,17409,682123069.7226783
2014-08-24 18:00:00,17288,682123069.7226783
2014-08-24 18:30:00,17242,682123069.7226783
2014-08-24 19:00:00,17129,682123069.7226783
2014-08-24 19:30:00,16103,682123069.7226783
2014-08-24 20:00:00,16485,682123069.7226783
2014-08-24 20:30:00,16190,682123069.7226783
2014-08-24 21:00:00,15500,682123069.7226783
2014-08-24 21:30:00,15128,682123069.7226783
2014-08-24 22:00:00,14489,682123069.7226783
2014-08-24 22:30:00,13947,682123069.7226783
2014-08-24 23:00:00,12525,682123069.7226783
2014-08-24 23:30:00,11899,682123069.7226783
2014-08-25 00:00:00,9192,682123069.7226783
2014-08-25 00:30:00,6886,682123069.7226783
2014-08-25 01:00:00,4888,682123069.7226783
2014-08-25 01:30:00,4138,682123069.7226783
2014-08-25 02:00:00,3366,682123069.7226783
2014-08-25 02:30:00,2698,682123069.7226783
2014-08-25 03:00:00,2290,682123069.7226783
2014-08-25 03:30:00,2009,682123069.7226783
2014-08-25 04:00:00,2265,682123069.7226783
2014-08-25 04:30:00,2213,682123069.7226783
2014-08-25 05:00:00,2450,682123069.7226783
2014-08-25 05:30:00,3829,682123069.7226783
2014-08-25 06:00:00,5933,682123069.7226783
2014-08-25 06:30:00,9356,682123069.7226783
2014-08-25 07:00:00,11482,682123069.7226783
2014-08-25 07:30:00,13178,682123069.7226783
2014-08-25 08:00:00,14803,682123069.7226783
2014-08-25 08:30:00,16826,682123069.7226783
2014-08-25 09:00:00,16649,682123069.7226783
2014-08-25 09:30:00,15422,682123069.7226783
2014-08-25 10:00:00,13996,682123069.7226783
2014-08-25 10:30:00,13682,682123069.7226783
2014-08-25 11:00:00,13297,682123069.7226783
2014-08-25 11:30:00,14284,682123069.7226783
2014-08-25 12:00:00,14435,682123069.7226783
2014-08-25 12:30:00,14612,682123069.7226783
2014-08-25 13:00:00,14814,682123069.7226783
2014-08-25 13:30:00,15398,682123069.7226783
2014-08-25 14:00:00,15511,682123069.7226783
2014-08-25 14:30:00,15828,682123069.7226783
2014-08-25 15:00:00,15396,682123069.7226783
2014-08-25 15:30:00,15109,682123069.7226783
2014-08-25 16:00:00,14787,682123069.7226783
2014-08-25 16:30:00,14532,682123069.7226783
2014-08-25 17:00:00,16387,682123069.7226783
2014-08-25 17:30:00,18242,682123069.7226783
2014-08-25 18:00:00,19715,682123069.7226783
2014-08-25 18:30:00,20288,682123069.7226783
2014-08-25 19:00:00,20761,682123069.7226783
2014-08-25 19:30:00,19466,682123069.7226783
2014-08-25 20:00:00,19670,682123069.7226783
2014-08-25 20:30:00,18802,682123069.7226783
2014-08-25 21:00:00,18709,682123069.7226783
2014-08-25 21:30:00,17186,682123069.7226783
2014-08-25 22:00:00,16500,682123069.7226783
2014-08-25 22:30:00,15616,682123069.7226783
2014-08-25 23:00:00,13902,682123069.7226783
2014-08-25 23:30:00,11077,682123069.7226783
2014-08-26 00:00:00,9618,682123069.7226783
2014-08-26 00:30:00,7193,682123069.7226783
2014-08-26 01:00:00,5665,682123069.7226783
2014-08-26 01:30:00,4149,682123069.7226783
2014-08-26 02:00:00,3502,682123069.7226783
2014-08-26 02:30:00,2634,682123069.7226783
2014-08-26 03:00:00,2100,682123069.7226783
2014-08-26 03:30:00,1985,682123069.7226783
2014-08-26 04:00:00,2053,682123069.7226783
2014-08-26 04:30:00,1841,682123069.7226783
2014-08-26 05:00:00,1909,682123069.7226783
2014-08-26 05:30:00,3547,682123069.7226783
2014-08-26 06:00:00,5829,682123069.7226783
2014-08-26 06:30:00,9599,682123069.7226783
2014-08-26 07:00:00,11323,682123069.7226783
2014-08-26 07:30:00,13923,682123069.7226783
2014-08-26 08:00:00,16029,682123069.7226783
2014-08-26 08:30:00,18308,682123069.7226783
2014-08-26 09:00:00,17153,682123069.7226783
2014-08-26 09:30:00,16723,682123069.7226783
2014-08-26 10:00:00,15360,682123069.7226783
2014-08-26 10:30:00,16066,682123069.7226783
2014-08-26 11:00:00,14643,682123069.7226783
2014-08-26 11:30:00,15960,682123069.7226783
2014-08-26 12:00:00,16351,682123069.7226783
2014-08-26 12:30:00,16173,682123069.7226783
2014-08-26 13:00:00,15659,682123069.7226783
2014-08-26 13:30:00,17346,682123069.7226783
2014-08-26 14:00:00,17145,682123069.7226783
2014-08-26 14:30:00,16896,682123069.7226783
2014-08-26 15:00:00,16746,682123069.7226783
2014-08-26 15:30:00,15797,682123069.7226783
2014-08-26 16:00:00,14202,682123069.7226783
2014-08-26 16:30:00,14083,682123069.7226783
2014-08-26 17:00:00,16074,682123069.7226783
2014-08-26 17:30:00,18329,682123069.7226783
2014-08-26 18:00:00,20961,682123069.7226783
2014-08-26 18:30:00,22545,682123069.7226783
2014-08-26 19:00:00,22067,682123069.7226783
2014-08-26 19:30:00,21416,682123069.7226783
2014-08-26 20:00:00,21484,682123069.7226783
2014-08-26 20:30:00,20731,682123069.7226783
2014-08-26 21:00:00,20969,682123069.7226783
2014-08-26 21:30:00,20820,682123069.7226783
2014-08-26 22:00:00,19650,682123069.7226783
2014-08-26 22:30:00,18240,682123069.7226783
2014-08-26 23:00:00,17133,682123069.7226783
2014-08-26 23:30:00,14907,682123069.7226783
2014-08-27 00:00:00,11703,682123069.7226783
2014-08-27 00:30:00,8521,682123069.7226783
2014-08-27 01:00:00,6962,682123069.7226783
2014-08-27 01:30:00,5451,682123069.7226783
2014-08-27 02:00:00,4439,682123069.7226783
2014-08-27 02:30:00,3436,682123069.7226783
2014-08-27 03:00:00,2741,682123069.7226783
2014-08-27 03:30:00,2311,682123069.7226783
2014-08-27 04:00:00,2532,682123069.7226783
2014-08-27 04:30:00,2066,682123069.7226783
2014-08-27 05:00:00,2111,682123069.7226783
2014-08-27 05:30:00,3623,682123069.7226783
2014-08-27 06:00:00,5719,682123069.7226783
2014-08-27 06:30:00,9376,682123069.7226783
2014-08-27 07:00:00,11971,682123069.7226783
2014-08-27 07:30:00,14673,682123069.7226783
2014-08-27 08:00:00,16545,682123069.7226783
2014-08-27 08:30:00,18678,682123069.7226783
2014-08-27 09:00:00,17655,682123069.7226783
2014-08-27 09:30:00,17485,682123069.7226783
2014-08-27 10:00:00,15834,682123069.7226783
2014-08-27 10:30:00,15703,682123069.7226783
2014-08-27 11:00:00,15816,682123069.7226783
2014-08-27 11:30:00,16870,682123069.7226783
2014-08-27 12:00:00,17123,682123069.7226783
2014-08-27 12:30:00,16841,682123069.7226783
2014-08-27 13:00:00,16700,682123069.7226783
2014-08-27 13:30:00,17722,682123069.7226783
2014-08-27 14:00:00,17849,682123069.7226783
2014-08-27 14:30:00,18221,682123069.7226783
2014-08-27 15:00:00,17208,682123069.7226783
2014-08-27 15:30:00,16318,682123069.7226783
2014-08-27 16:00:00,14910,682123069.7226783
2014-08-27 16:30:00,14145,682123069.7226783
2014-08-27 17:00:00,16330,682123069.7226783
2014-08-27 17:30:00,19328,682123069.7226783
2014-08-27 18:00:00,21226,682123069.7226783
2014-08-27 18:30:00,23109,682123069.7226783
2014-08-27 19:00:00,24206,682123069.7226783
2014-08-27 19:30:00,23297,682123069.7226783
2014-08-27 20:00:00,23493,682123069.7226783
2014-08-27 20:30:00,22794,682123069.7226783
2014-08-27 21:00:00,22502,682123069.7226783
2014-08-27 21:30:00,22337,682123069.7226783
2014-08-27 22:00:00,24446,682123069.7226783
2014-08-27 22:30:00,20929,682123069.7226783
2014-08-27 23:00:00,17937,682123069.7226783
2014-08-27 23:30:00,16036,682123069.7226783
2014-08-28 00:00:00,13547,682123069.7226783
2014-08-28 00:30:00,10363,682123069.7226783
2014-08-28 01:00:00,8553,682123069.7226783
2014-08-28 01:30:00,6457,682123069.7226783
2014-08-28 02:00:00,5248,682123069.7226783
2014-08-28 02:30:00,3879,682123069.7226783
2014-08-28 03:00:00,3173,682123069.7226783
2014-08-28 03:30:00,2653,682123069.7226783
2014-08-28 04:00:00,2858,682123069.7226783
2014-08-28 04:30:00,2244,682123069.7226783
2014-08-28 05:00:00,2312,682123069.7226783
2014-08-28 05:30:00,3859,682123069.7226783
2014-08-28 06:00:00,5772,682123069.7226783
2014-08-28 06:30:00,9391,682123069.7226783
2014-08-28 07:00:00,11375,682123069.7226783
2014-08-28 07:30:00,14319,682123069.7226783
2014-08-28 08:00:00,16103,682123069.7226783
2014-08-28 08:30:00,18835,682123069.7226783
2014-08-28 09:00:00,17891,682123069.7226783
2014-08-28 09:30:00,17000,682123069.7226783
2014-08-28 10:00:00,15534,682123069.7226783
2014-08-28 10:30:00,15916,682123069.7226783
2014-08-28 11:00:00,15153,682123069.7226783
2014-08-28 11:30:00,16440,682123069.7226783
2014-08-28 12:00:00,16424,682123069.7226783
2014-08-28 12:30:00,16093,682123069.7226783
2014-08-28 13:00:00,16178,682123069.7226783
2014-08-28 13:30:00,17050,682123069.7226783
2014-08-28 14:00:00,16795,682123069.7226783
2014-08-28 14:30:00,17547,682123069.7226783
2014-08-28 15:00:00,16769,682123069.7226783
2014-08-28 15:30:00,15701,682123069.7226783
2014-08-28 16:00:00,14067,682123069.7226783
2014-08-28 16:30:00,13534,682123069.7226783
2014-08-28 17:00:00,15939,682123069.7226783
2014-08-28 17:30:00,18560,682123069.7226783
2014-08-28 18:00:00,21029,682123069.7226783
2014-08-28 18:30:00,22181,682123069.7226783
2014-08-28 19:00:00,22860,682123069.7226783
2014-08-28 19:30:00,22742,682123069.7226783
2014-08-28 20:00:00,22569,682123069.7226783
2014-08-28 20:30:00,22184,682123069.7226783
2014-08-28 21:00:00,21926,682123069.7226783
2014-08-28 21:30:00,22510,682123069.7226783
2014-08-28 22:00:00,22350,682123069.7226783
2014-08-28 22:30:00,21756,682123069.7226783
2014-08-28 23:00:00,20994,682123069.7226783
2014-08-28 23:30:00,19084,682123069.7226783
2014-08-29 00:00:00,16702,682123069.7226783
2014-08-29 00:30:00,13985,682123069.7226783
2014-08-29 01:00:00,11632,682123069.7226783
2014-08-29 01:30:00,9900,682123069.7226783
2014-08-29 02:00:00,8443,682123069.7226783
2014-08-29 02:30:00,6546,682123069.7226783
2014-08-29 03:00:00,5270,682123069.7226783
2014-08-29 03:30:00,4521,682123069.7226783
2014-08-29 04:00:00,4369,682123069.7226783
2014-08-29 04:30:00,3409,682123069.7226783
2014-08-29 05:00:00,2967,682123069.7226783
2014-08-29 05:30:00,4444,682123069.7226783
2014-08-29 06:00:00,5712,682123069.7226783
2014-08-29 06:30:00,9008,682123069.7226783
2014-08-29 07:00:00,10312,682123069.7226783
2014-08-29 07:30:00,12809,682123069.7226783
2014-08-29 08:00:00,13491,682123069.7226783
2014-08-29 08:30:00,16417,682123069.7226783
2014-08-29 09:00:00,15906,682123069.7226783
2014-08-29 09:30:00,15249,682123069.7226783
2014-08-29 10:00:00,14367,682123069.7226783
2014-08-29 10:30:00,14667,682123069.7226783
2014-08-29 11:00:00,14738,682123069.7226783
2014-08-29 11:30:00,16134,682123069.7226783
2014-08-29 12:00:00,16343,682123069.7226783
2014-08-29 12:30:00,15908,682123069.7226783
2014-08-29 13:00:00,16700,682123069.7226783
2014-08-29 13:30:00,16712,682123069.7226783
2014-08-29 14:00:00,17394,682123069.7226783
2014-08-29 14:30:00,17680,682123069.7226783
2014-08-29 15:00:00,17495,682123069.7226783
2014-08-29 15:30:00,15984,682123069.7226783
2014-08-29 16:00:00,14946,682123069.7226783
2014-08-29 16:30:00,14572,682123069.7226783
2014-08-29 17:00:00,16880,682123069.7226783
2014-08-29 17:30:00,19398,682123069.7226783
2014-08-29 18:00:00,20797,682123069.7226783
2014-08-29 18:30:00,21449,682123069.7226783
2014-08-29 19:00:00,22077,682123069.7226783
2014-08-29 19:30:00,21483,682123069.7226783
2014-08-29 20:00:00,20415,682123069.7226783
2014-08-29 20:30:00,20436,682123069.7226783
2014-08-29 21:00:00,19315,682123069.7226783
2014-08-29 21:30:00,19328,682123069.7226783
2014-08-29 22:00:00,19660,682123069.7226783
2014-08-29 22:30:00,21469,682123069.7226783
2014-08-29 23:00:00,20853,682123069.7226783
2014-08-29 23:30:00,21452,682123069.7226783
2014-08-30 00:00:00,20564,682123069.7226783
2014-08-30 00:30:00,19267,682123069.7226783
2014-08-30 01:00:00,17439,682123069.7226783
2014-08-30 01:30:00,14848,682123069.7226783
2014-08-30 02:00:00,13900,682123069.7226783
2014-08-30 02:30:00,12731,682123069.7226783
2014-08-30 03:00:00,10776,682123069.7226783
2014-08-30 03:30:00,9550,682123069.7226783
2014-08-30 04:00:00,8605,682123069.7226783
2014-08-30 04:30:00,5547,682123069.7226783
2014-08-30 05:00:00,3605,682123069.7226783
2014-08-30 05:30:00,3238,682123069.7226783
2014-08-30 06:00:00,3520,682123069.7226783
2014-08-30 06:30:00,4315,682123069.7226783
2014-08-30 07:00:00,5116,682123069.7226783
2014-08-30 07:30:00,5918,682123069.7226783
2014-08-30 08:00:00,6383,682123069.7226783
2014-08-30 08:30:00,8259,682123069.7226783
2014-08-30 09:00:00,9430,682123069.7226783
2014-08-30 09:30:00,11656,682123069.7226783
2014-08-30 10:00:00,11833,682123069.7226783
2014-08-30 10:30:00,13393,682123069.7226783
2014-08-30 11:00:00,13778,682123069.7226783
2014-08-30 11:30:00,15204,682123069.7226783
2014-08-30 12:00:00,15367,682123069.7226783
2014-08-30 12:30:00,15775,682123069.7226783
2014-08-30 13:00:00,16045,682123069.7226783
2014-08-30 13:30:00,16499,682123069.7226783
2014-08-30 14:00:00,16113,682123069.7226783
2014-08-30 14:30:00,16651,682123069.7226783
2014-08-30 15:00:00,16507,682123069.7226783
2014-08-30 15:30:00,16868,682123069.7226783
2014-08-30 16:00:00,15594,682123069.7226783
2014-08-30 16:30:00,16037,682123069.7226783
2014-08-30 17:00:00,16973,682123069.7226783
2014-08-30 17:30:00,18390,682123069.7226783
2014-08-30 18:00:00,18681,682123069.7226783
2014-08-30 18:30:00,19196,682123069.7226783
2014-08-30 19:00:00,19744,682123069.7226783
2014-08-30 19:30:00,19564,682123069.7226783
2014-08-30 20:00:00,17522,682123069.7226783
2014-08-30 20:30:00,17731,682123069.7226783
2014-08-30 21:00:00,17364,682123069.7226783
2014-08-30 21:30:00,17483,682123069.7226783
2014-08-30 22:00:00,18037,682123069.7226783
2014-08-30 22:30:00,19559,682123069.7226783
2014-08-30 23:00:00,19421,682123069.7226783
2014-08-30 23:30:00,19857,682123069.7226783
2014-08-31 00:00:00,19205,682123069.7226783
2014-08-31 00:30:00,18139,682123069.7226783
2014-08-31 01:00:00,16686,682123069.7226783
2014-08-31 01:30:00,14841,682123069.7226783
2014-08-31 02:00:00,14018,682123069.7226783
2014-08-31 02:30:00,12187,682123069.7226783
2014-08-31 03:00:00,10536,682123069.7226783
2014-08-31 03:30:00,9591,682123069.7226783
2014-08-31 04:00:00,8665,682123069.7226783
2014-08-31 04:30:00,5317,682123069.7226783
2014-08-31 05:00:00,3597,682123069.7226783
2014-08-31 05:30:00,2783,682123069.7226783
2014-08-31 06:00:00,2587,682123069.7226783
2014-08-31 06:30:00,2914,682123069.7226783
2014-08-31 07:00:00,3167,682123069.7226783
2014-08-31 07:30:00,4212,682123069.7226783
2014-08-31 08:00:00,4502,682123069.7226783
2014-08-31 08:30:00,5730,682123069.7226783
2014-08-31 09:00:00,7102,682123069.7226783
2014-08-31 09:30:00,9054,682123069.7226783
2014-08-31 10:00:00,10152,682123069.7226783
2014-08-31 10:30:00,13059,682123069.7226783
2014-08-31 11:00:00,13923,682123069.7226783
2014-08-31 11:30:00,14755,682123069.7226783
2014-08-31 12:00:00,15186,682123069.7226783
2014-08-31 12:30:00,16404,682123069.7226783
2014-08-31 13:00:00,16652,682123069.7226783
2014-08-31 13:30:00,17446,682123069.7226783
2014-08-31 14:00:00,17493,682123069.7226783
2014-08-31 14:30:00,17264,682123069.7226783
2014-08-31 15:00:00,16546,682123069.7226783
2014-08-31 15:30:00,17090,682123069.7226783
2014-08-31 16:00:00,17297,682123069.7226783
2014-08-31 16:30:00,16546,682123069.7226783
2014-08-31 17:00:00,16474,682123069.7226783
2014-08-31 17:30:00,16959,682123069.7226783
2014-08-31 18:00:00,16567,682123069.7226783
2014-08-31 18:30:00,17590,682123069.7226783
2014-08-31 19:00:00,17053,682123069.7226783
2014-08-31 19:30:00,16561,682123069.7226783
2014-08-31 20:00:00,16870,682123069.7226783
2014-08-31 20:30:00,16514,682123069.7226783
2014-08-31 21:00:00,15871,682123069.7226783
2014-08-31 21:30:00,15529,682123069.7226783
2014-08-31 22:00:00,15049,682123069.7226783
2014-08-31 22:30:00,15675,682123069.7226783
2014-08-31 23:00:00,15673,682123069.7226783
2014-08-31 23:30:00,15524,682123069.7226783
2014-09-01 00:00:00,14618,682123069.7226783
2014-09-01 00:30:00,12908,682123069.7226783
2014-09-01 01:00:00,10842,682123069.7226783
2014-09-01 01:30:00,9248,682123069.7226783
2014-09-01 02:00:00,8588,682123069.7226783
2014-09-01 02:30:00,7631,682123069.7226783
2014-09-01 03:00:00,6519,682123069.7226783
2014-09-01 03:30:00,5657,682123069.7226783
2014-09-01 04:00:00,5214,682123069.7226783
2014-09-01 04:30:00,3827,682123069.7226783
2014-09-01 05:00:00,2939,682123069.7226783
2014-09-01 05:30:00,2872,682123069.7226783
2014-09-01 06:00:00,2994,682123069.7226783
2014-09-01 06:30:00,3708,682123069.7226783
2014-09-01 07:00:00,3547,682123069.7226783
2014-09-01 07:30:00,4761,682123069.7226783
2014-09-01 08:00:00,5038,682123069.7226783
2014-09-01 08:30:00,5875,682123069.7226783
2014-09-01 09:00:00,6910,682123069.7226783
2014-09-01 09:30:00,8800,682123069.7226783
2014-09-01 10:00:00,9782,682123069.7226783
2014-09-01 10:30:00,11506,682123069.7226783
2014-09-01 11:00:00,12291,682123069.7226783
2014-09-01 11:30:00,13600,682123069.7226783
2014-09-01 12:00:00,14040,682123069.7226783
2014-09-01 12:30:00,15063,682123069.7226783
2014-09-01 13:00:00,15073,682123069.7226783
2014-09-01 13:30:00,15834,682123069.7226783
2014-09-01 14:00:00,16567,682123069.7226783
2014-09-01 14:30:00,16955,682123069.7226783
2014-09-01 15:00:00,17408,682123069.7226783
2014-09-01 15:30:00,16857,682123069.7226783
2014-09-01 16:00:00,16002,682123069.7226783
2014-09-01 16:30:00,15826,682123069.7226783
2014-09-01 17:00:00,16961,682123069.7226783
2014-09-01 17:30:00,17779,682123069.7226783
2014-09-01 18:00:00,17578,682123069.7226783
2014-09-01 18:30:00,17777,682123069.7226783
2014-09-01 19:00:00,17764,682123069.7226783
2014-09-01 19:30:00,17130,682123069.7226783
2014-09-01 20:00:00,16641,682123069.7226783
2014-09-01 20:30:00,16884,682123069.7226783
2014-09-01 21:00:00,15068,682123069.7226783
2014-09-01 21:30:00,15557,682123069.7226783
2014-09-01 22:00:00,13766,682123069.7226783
2014-09-01 22:30:00,13377,682123069.7226783
2014-09-01 23:00:00,11025,682123069.7226783
2014-09-01 23:30:00,9707,682123069.7226783
2014-09-02 00:00:00,8043,682123069.7226783
2014-09-02 00:30:00,5630,682123069.7226783
2014-09-02 01:00:00,4347,682123069.7226783
2014-09-02 01:30:00,3606,682123069.7226783
2014-09-02 02:00:00,2588,682123069.7226783
2014-09-02 02:30:00,1969,682123069.7226783
2014-09-02 03:00:00,1876,682123069.7226783
2014-09-02 03:30:00,1431,682123069.7226783
2014-09-02 04:00:00,1752,682123069.7226783
2014-09-02 04:30:00,2044,682123069.7226783
2014-09-02 05:00:00,2447,682123069.7226783
2014-09-02 05:30:00,4617,682123069.7226783
2014-09-02 06:00:00,6988,682123069.7226783
2014-09-02 06:30:00,11616,682123069.7226783
2014-09-02 07:00:00,14774,682123069.7226783
2014-09-02 07:30:00,17823,682123069.7226783
2014-09-02 08:00:00,18623,682123069.7226783
2014-09-02 08:30:00,18814,682123069.7226783
2014-09-02 09:00:00,19221,682123069.7226783
2014-09-02 09:30:00,18627,682123069.7226783
2014-09-02 10:00:00,16650,682123069.7226783
2014-09-02 10:30:00,17378,682123069.7226783
2014-09-02 11:00:00,16414,682123069.7226783
2014-09-02 11:30:00,17230,682123069.7226783
2014-09-02 12:00:00,17557,682123069.7226783
2014-09-02 12:30:00,18262,682123069.7226783
2014-09-02 13:00:00,17698,682123069.7226783
2014-09-02 13:30:00,18863,682123069.7226783
2014-09-02 14:00:00,18234,682123069.7226783
2014-09-02 14:30:00,18514,682123069.7226783
2014-09-02 15:00:00,18364,682123069.7226783
2014-09-02 15:30:00,17952,682123069.7226783
2014-09-02 16:00:00,15781,682123069.7226783
2014-09-02 16:30:00,14487,682123069.7226783
2014-09-02 17:00:00,16062,682123069.7226783
2014-09-02 17:30:00,18952,682123069.7226783
2014-09-02 18:00:00,21395,682123069.7226783
2014-09-02 18:30:00,23040,682123069.7226783
2014-09-02 19:00:00,22890,682123069.7226783
2014-09-02 19:30:00,22306,682123069.7226783
2014-09-02 20:00:00,21704,682123069.7226783
2014-09-02 20:30:00,20543,682123069.7226783
2014-09-02 21:00:00,19896,682123069.7226783
2014-09-02 21:30:00,19857,682123069.7226783
2014-09-02 22:00:00,17841,682123069.7226783
2014-09-02 22:30:00,16192,682123069.7226783
2014-09-02 23:00:00,14116,682123069.7226783
2014-09-02 23:30:00,12865,682123069.7226783
2014-09-03 00:00:00,10465,682123069.7226783
2014-09-03 00:30:00,8215,682123069.7226783
2014-09-03 01:00:00,6481,682123069.7226783
2014-09-03 01:30:00,4265,682123069.7226783
2014-09-03 02:00:00,3434,682123069.7226783
2014-09-03 02:30:00,2726,682123069.7226783
2014-09-03 03:00:00,2358,682123069.7226783
2014-09-03 03:30:00,2019,682123069.7226783
2014-09-03 04:00:00,2137,682123069.7226783
2014-09-03 04:30:00,1903,682123069.7226783
2014-09-03 05:00:00,2252,682123069.7226783
2014-09-03 05:30:00,4206,682123069.7226783
2014-09-03 06:00:00,6545,682123069.7226783
2014-09-03 06:30:00,11780,682123069.7226783
2014-09-03 07:00:00,14707,682123069.7226783
2014-09-03 07:30:00,18624,682123069.7226783
2014-09-03 08:00:00,19178,682123069.7226783
2014-09-03 08:30:00,20265,682123069.7226783
2014-09-03 09:00:00,19277,682123069.7226783
2014-09-03 09:30:00,19042,682123069.7226783
2014-09-03 10:00:00,18108,682123069.7226783
2014-09-03 10:30:00,18275,682123069.7226783
2014-09-03 11:00:00,17300,682123069.7226783
2014-09-03 11:30:00,18631,682123069.7226783
2014-09-03 12:00:00,18582,682123069.7226783
2014-09-03 12:30:00,18037,682123069.7226783
2014-09-03 13:00:00,17899,682123069.7226783
2014-09-03 13:30:00,18984,682123069.7226783
2014-09-03 14:00:00,18491,682123069.7226783
2014-09-03 14:30:00,19072,682123069.7226783
2014-09-03 15:00:00,18693,682123069.7226783
2014-09-03 15:30:00,17268,682123069.7226783
2014-09-03 16:00:00,15918,682123069.7226783
2014-09-03 16:30:00,14478,682123069.7226783
2014-09-03 17:00:00,16540,682123069.7226783
2014-09-03 17:30:00,19765,682123069.7226783
2014-09-03 18:00:00,22526,682123069.7226783
2014-09-03 18:30:00,23454,682123069.7226783
2014-09-03 19:00:00,24380,682123069.7226783
2014-09-03 19:30:00,24477,682123069.7226783
2014-09-03 20:00:00,24234,682123069.7226783
2014-09-03 20:30:00,23319,682123069.7226783
2014-09-03 21:00:00,23387,682123069.7226783
2014-09-03 21:30:00,22963,682123069.7226783
2014-09-03 22:00:00,22006,682123069.7226783
2014-09-03 22:30:00,20301,682123069.7226783
2014-09-03 23:00:00,18259,682123069.7226783
2014-09-03 23:30:00,15608,682123069.7226783
2014-09-04 00:00:00,12990,682123069.7226783
2014-09-04 00:30:00,10273,682123069.7226783
2014-09-04 01:00:00,8434,682123069.7226783
2014-09-04 01:30:00,6378,682123069.7226783
2014-09-04 02:00:00,5549,682123069.7226783
2014-09-04 02:30:00,4131,682123069.7226783
2014-09-04 03:00:00,3241,682123069.7226783
2014-09-04 03:30:00,2410,682123069.7226783
2014-09-04 04:00:00,2804,682123069.7226783
2014-09-04 04:30:00,2320,682123069.7226783
2014-09-04 05:00:00,2431,682123069.7226783
2014-09-04 05:30:00,4222,682123069.7226783
2014-09-04 06:00:00,6633,682123069.7226783
2014-09-04 06:30:00,12006,682123069.7226783
2014-09-04 07:00:00,15589,682123069.7226783
2014-09-04 07:30:00,20359,682123069.7226783
2014-09-04 08:00:00,20593,682123069.7226783
2014-09-04 08:30:00,19590,682123069.7226783
2014-09-04 09:00:00,19637,682123069.7226783
2014-09-04 09:30:00,19026,682123069.7226783
2014-09-04 10:00:00,18629,682123069.7226783
2014-09-04 10:30:00,18568,682123069.7226783
2014-09-04 11:00:00,18041,682123069.7226783
2014-09-04 11:30:00,18695,682123069.7226783
2014-09-04 12:00:00,19692,682123069.7226783
2014-09-04 12:30:00,19173,682123069.7226783
2014-09-04 13:00:00,17824,682123069.7226783
2014-09-04 13:30:00,19684,682123069.7226783
2014-09-04 14:00:00,20139,682123069.7226783
2014-09-04 14:30:00,20320,682123069.7226783
2014-09-04 15:00:00,19468,682123069.7226783
2014-09-04 15:30:00,17391,682123069.7226783
2014-09-04 16:00:00,15218,682123069.7226783
2014-09-04 16:30:00,13649,682123069.7226783
2014-09-04 17:00:00,16052,682123069.7226783
2014-09-04 17:30:00,18987,682123069.7226783
2014-09-04 18:00:00,21967,682123069.7226783
2014-09-04 18:30:00,24107,682123069.7226783
2014-09-04 19:00:00,25260,682123069.7226783
2014-09-04 19:30:00,25638,682123069.7226783
2014-09-04 20:00:00,26045,682123069.7226783
2014-09-04 20:30:00,25045,682123069.7226783
2014-09-04 21:00:00,24846,682123069.7226783
2014-09-04 21:30:00,24703,682123069.7226783
2014-09-04 22:00:00,24863,682123069.7226783
2014-09-04 22:30:00,23610,682123069.7226783
2014-09-04 23:00:00,21637,682123069.7226783
2014-09-04 23:30:00,21643,682123069.7226783
2014-09-05 00:00:00,18962,682123069.7226783
2014-09-05 00:30:00,15475,682123069.7226783
2014-09-05 01:00:00,11955,682123069.7226783
2014-09-05 01:30:00,9339,682123069.7226783
2014-09-05 02:00:00,7967,682123069.7226783
2014-09-05 02:30:00,6372,682123069.7226783
2014-09-05 03:00:00,5132,682123069.7226783
2014-09-05 03:30:00,4357,682123069.7226783
2014-09-05 04:00:00,4305,682123069.7226783
2014-09-05 04:30:00,3195,682123069.7226783
2014-09-05 05:00:00,2878,682123069.7226783
2014-09-05 05:30:00,4762,682123069.7226783
2014-09-05 06:00:00,7294,682123069.7226783
2014-09-05 06:30:00,12886,682123069.7226783
2014-09-05 07:00:00,15820,682123069.7226783
2014-09-05 07:30:00,19874,682123069.7226783
2014-09-05 08:00:00,20367,682123069.7226783
2014-09-05 08:30:00,20091,682123069.7226783
2014-09-05 09:00:00,19600,682123069.7226783
2014-09-05 09:30:00,19283,682123069.7226783
2014-09-05 10:00:00,18413,682123069.7226783
2014-09-05 10:30:00,18745,682123069.7226783
2014-09-05 11:00:00,17998,682123069.7226783
2014-09-05 11:30:00,19325,682123069.7226783
2014-09-05 12:00:00,19004,682123069.7226783
2014-09-05 12:30:00,18450,682123069.7226783
2014-09-05 13:00:00,18029,682123069.7226783
2014-09-05 13:30:00,18057,682123069.7226783
2014-09-05 14:00:00,19315,682123069.7226783
2014-09-05 14:30:00,20057,682123069.7226783
2014-09-05 15:00:00,19211,682123069.7226783
2014-09-05 15:30:00,16903,682123069.7226783
2014-09-05 16:00:00,15288,682123069.7226783
2014-09-05 16:30:00,13729,682123069.7226783
2014-09-05 17:00:00,17003,682123069.7226783
2014-09-05 17:30:00,20142,682123069.7226783
2014-09-05 18:00:00,23177,682123069.7226783
2014-09-05 18:30:00,25036,682123069.7226783
2014-09-05 19:00:00,27337,682123069.7226783
2014-09-05 19:30:00,26812,682123069.7226783
2014-09-05 20:00:00,26592,682123069.7226783
2014-09-05 20:30:00,26243,682123069.7226783
2014-09-05 21:00:00,25919,682123069.7226783
2014-09-05 21:30:00,25898,682123069.7226783
2014-09-05 22:00:00,26603,682123069.7226783
2014-09-05 22:30:00,26899,682123069.7226783
2014-09-05 23:00:00,26900,682123069.7226783
2014-09-05 23:30:00,26763,682123069.7226783
2014-09-06 00:00:00,25721,682123069.7226783
2014-09-06 00:30:00,24590,682123069.7226783
2014-09-06 01:00:00,22118,682123069.7226783
2014-09-06 01:30:00,20378,682123069.7226783
2014-09-06 02:00:00,19093,682123069.7226783
2014-09-06 02:30:00,16717,682123069.7226783
2014-09-06 03:00:00,14043,682123069.7226783
2014-09-06 03:30:00,12077,682123069.7226783
2014-09-06 04:00:00,10212,682123069.7226783
2014-09-06 04:30:00,6328,682123069.7226783
2014-09-06 05:00:00,4440,682123069.7226783
2014-09-06 05:30:00,3603,682123069.7226783
2014-09-06 06:00:00,3781,682123069.7226783
2014-09-06 06:30:00,4846,682123069.7226783
2014-09-06 07:00:00,5444,682123069.7226783
2014-09-06 07:30:00,7701,682123069.7226783
2014-09-06 08:00:00,8375,682123069.7226783
2014-09-06 08:30:00,11334,682123069.7226783
2014-09-06 09:00:00,12747,682123069.7226783
2014-09-06 09:30:00,15930,682123069.7226783
2014-09-06 10:00:00,16567,682123069.7226783
2014-09-06 10:30:00,18716,682123069.7226783
2014-09-06 11:00:00,18722,682123069.7226783
2014-09-06 11:30:00,20103,682123069.7226783
2014-09-06 12:00:00,20287,682123069.7226783
2014-09-06 12:30:00,21127,682123069.7226783
2014-09-06 13:00:00,21259,682123069.7226783
2014-09-06 13:30:00,21946,682123069.7226783
2014-09-06 14:00:00,21655,682123069.7226783
2014-09-06 14:30:00,21830,682123069.7226783
2014-09-06 15:00:00,22886,682123069.7226783
2014-09-06 15:30:00,20736,682123069.7226783
2014-09-06 16:00:00,18209,682123069.7226783
2014-09-06 16:30:00,17090,682123069.7226783
2014-09-06 17:00:00,19270,682123069.7226783
2014-09-06 17:30:00,22270,682123069.7226783
2014-09-06 18:00:00,24264,682123069.7226783
2014-09-06 18:30:00,25210,682123069.7226783
2014-09-06 19:00:00,25976,682123069.7226783
2014-09-06 19:30:00,25765,682123069.7226783
2014-09-06 20:00:00,24487,682123069.7226783
2014-09-06 20:30:00,23499,682123069.7226783
2014-09-06 21:00:00,23210,682123069.7226783
2014-09-06 21:30:00,23487,682123069.7226783
2014-09-06 22:00:00,24515,682123069.7226783
2014-09-06 22:30:00,30313,682123069.7226783
2014-09-06 23:00:00,30373,682123069.7226783
2014-09-06 23:30:00,28464,682123069.7226783
2014-09-07 00:00:00,25818,682123069.7226783
2014-09-07 00:30:00,24635,682123069.7226783
2014-09-07 01:00:00,23410,682123069.7226783
2014-09-07 01:30:00,21481,682123069.7226783
2014-09-07 02:00:00,19800,682123069.7226783
2014-09-07 02:30:00,17674,682123069.7226783
2014-09-07 03:00:00,15215,682123069.7226783
2014-09-07 03:30:00,13501,682123069.7226783
2014-09-07 04:00:00,10896,682123069.7226783
2014-09-07 04:30:00,6766,682123069.7226783
2014-09-07 05:00:00,4261,682123069.7226783
2014-09-07 05:30:00,3415,682123069.7226783
2014-09-07 06:00:00,3220,682123069.7226783
2014-09-07 06:30:00,4160,682123069.7226783
2014-09-07 07:00:00,4345,682123069.7226783
2014-09-07 07:30:00,5963,682123069.7226783
2014-09-07 08:00:00,6887,682123069.7226783
2014-09-07 08:30:00,8834,682123069.7226783
2014-09-07 09:00:00,10042,682123069.7226783
2014-09-07 09:30:00,13188,682123069.7226783
2014-09-07 10:00:00,14600,682123069.7226783
2014-09-07 10:30:00,18209,682123069.7226783
2014-09-07 11:00:00,18446,682123069.7226783
2014-09-07 11:30:00,20350,682123069.7226783
2014-09-07 12:00:00,20838,682123069.7226783
2014-09-07 12:30:00,22183,682123069.7226783
2014-09-07 13:00:00,20582,682123069.7226783
2014-09-07 13:30:00,20506,682123069.7226783
2014-09-07 14:00:00,20109,682123069.7226783
2014-09-07 14:30:00,20198,682123069.7226783
2014-09-07 15:00:00,18873,682123069.7226783
2014-09-07 15:30:00,19041,682123069.7226783
2014-09-07 16:00:00,19295,682123069.7226783
2014-09-07 16:30:00,18868,682123069.7226783
2014-09-07 17:00:00,18851,682123069.7226783
2014-09-07 17:30:00,20518,682123069.7226783
2014-09-07 18:00:00,21710,682123069.7226783
2014-09-07 18:30:00,20895,682123069.7226783
2014-09-07 19:00:00,20761,682123069.7226783
2014-09-07 19:30:00,19916,682123069.7226783
2014-09-07 20:00:00,19740,682123069.7226783
2014-09-07 20:30:00,18975,682123069.7226783
2014-09-07 21:00:00,17866,682123069.7226783
2014-09-07 21:30:00,17750,682123069.7226783
2014-09-07 22:00:00,16820,682123069.7226783
2014-09-07 22:30:00,15292,682123069.7226783
2014-09-07 23:00:00,13219,682123069.7226783
2014-09-07 23:30:00,12246,682123069.7226783
2014-09-08 00:00:00,9733,682123069.7226783
2014-09-08 00:30:00,7542,682123069.7226783
2014-09-08 01:00:00,5518,682123069.7226783
2014-09-08 01:30:00,4348,682123069.7226783
2014-09-08 02:00:00,3828,682123069.7226783
2014-09-08 02:30:00,3083,682123069.7226783
2014-09-08 03:00:00,2583,682123069.7226783
2014-09-08 03:30:00,2328,682123069.7226783
2014-09-08 04:00:00,2523,682123069.7226783
2014-09-08 04:30:00,2579,682123069.7226783
2014-09-08 05:00:00,2901,682123069.7226783
2014-09-08 05:30:00,4963,682123069.7226783
2014-09-08 06:00:00,7013,682123069.7226783
2014-09-08 06:30:00,11830,682123069.7226783
2014-09-08 07:00:00,14665,682123069.7226783
2014-09-08 07:30:00,18099,682123069.7226783
2014-09-08 08:00:00,18601,682123069.7226783
2014-09-08 08:30:00,18329,682123069.7226783
2014-09-08 09:00:00,18506,682123069.7226783
2014-09-08 09:30:00,17983,682123069.7226783
2014-09-08 10:00:00,16869,682123069.7226783
2014-09-08 10:30:00,16771,682123069.7226783
2014-09-08 11:00:00,16010,682123069.7226783
2014-09-08 11:30:00,17370,682123069.7226783
2014-09-08 12:00:00,17526,682123069.7226783
2014-09-08 12:30:00,17910,682123069.7226783
2014-09-08 13:00:00,16565,682123069.7226783
2014-09-08 13:30:00,18380,682123069.7226783
2014-09-08 14:00:00,18294,682123069.7226783
2014-09-08 14:30:00,19585,682123069.7226783
2014-09-08 15:00:00,19323,682123069.7226783
2014-09-08 15:30:00,18113,682123069.7226783
2014-09-08 16:00:00,16472,682123069.7226783
2014-09-08 16:30:00,16007,682123069.7226783
2014-09-08 17:00:00,18299,682123069.7226783
2014-09-08 17:30:00,20385,682123069.7226783
2014-09-08 18:00:00,22906,682123069.7226783
2014-09-08 18:30:00,24153,682123069.7226783
2014-09-08 19:00:00,24545,682123069.7226783
2014-09-08 19:30:00,23635,682123069.7226783
2014-09-08 20:00:00,23773,682123069.7226783
2014-09-08 20:30:00,23212,682123069.7226783
2014-09-08 21:00:00,21918,682123069.7226783
2014-09-08 21:30:00,21096,682123069.7226783
2014-09-08 22:00:00,21563,682123069.7226783
2014-09-08 22:30:00,17989,682123069.7226783
2014-09-08 23:00:00,15442,682123069.7226783
2014-09-08 23:30:00,12815,682123069.7226783
2014-09-09 00:00:00,10436,682123069.7226783
2014-09-09 00:30:00,8092,682123069.7226783
2014-09-09 01:00:00,6061,682123069.7226783
2014-09-09 01:30:00,5058,682123069.7226783
2014-09-09 02:00:00,4073,682123069.7226783
2014-09-09 02:30:00,3310,682123069.7226783
2014-09-09 03:00:00,2623,682123069.7226783
2014-09-09 03:30:00,2364,682123069.7226783
2014-09-09 04:00:00,2333,682123069.7226783
2014-09-09 04:30:00,2287,682123069.7226783
2014-09-09 05:00:00,2444,682123069.7226783
2014-09-09 05:30:00,4427,682123069.7226783
2014-09-09 06:00:00,6661,682123069.7226783
2014-09-09 06:30:00,12136,682123069.7226783
2014-09-09 07:00:00,15910,682123069.7226783
2014-09-09 07:30:00,20003,682123069.7226783
2014-09-09 08:00:00,19956,682123069.7226783
2014-09-09 08:30:00,19897,682123069.7226783
2014-09-09 09:00:00,18719,682123069.7226783
2014-09-09 09:30:00,18485,682123069.7226783
2014-09-09 10:00:00,17235,682123069.7226783
2014-09-09 10:30:00,17705,682123069.7226783
2014-09-09 11:00:00,17089,682123069.7226783
2014-09-09 11:30:00,18334,682123069.7226783
2014-09-09 12:00:00,18564,682123069.7226783
2014-09-09 12:30:00,18599,682123069.7226783
2014-09-09 13:00:00,17715,682123069.7226783
2014-09-09 13:30:00,18692,682123069.7226783
2014-09-09 14:00:00,19276,682123069.7226783
2014-09-09 14:30:00,20557,682123069.7226783
2014-09-09 15:00:00,19505,682123069.7226783
2014-09-09 15:30:00,16820,682123069.7226783
2014-09-09 16:00:00,14005,682123069.7226783
2014-09-09 16:30:00,13683,682123069.7226783
2014-09-09 17:00:00,16918,682123069.7226783
2014-09-09 17:30:00,20051,682123069.7226783
2014-09-09 18:00:00,22624,682123069.7226783
2014-09-09 18:30:00,23987,682123069.7226783
2014-09-09 19:00:00,24069,682123069.7226783
2014-09-09 19:30:00,24933,682123069.7226783
2014-09-09 20:00:00,24928,682123069.7226783
2014-09-09 20:30:00,24390,682123069.7226783
2014-09-09 21:00:00,24199,682123069.7226783
2014-09-09 21:30:00,24277,682123069.7226783
2014-09-09 22:00:00,23154,682123069.7226783
2014-09-09 22:30:00,21090,682123069.7226783
2014-09-09 23:00:00,18854,682123069.7226783
2014-09-09 23:30:00,16194,682123069.7226783
2014-09-10 00:00:00,13226,682123069.7226783
2014-09-10 00:30:00,9866,682123069.7226783
2014-09-10 01:00:00,8085,682123069.7226783
2014-09-10 01:30:00,6177,682123069.7226783
2014-09-10 02:00:00,5324,682123069.7226783
2014-09-10 02:30:00,4177,682123069.7226783
2014-09-10 03:00:00,3464,682123069.7226783
2014-09-10 03:30:00,2855,682123069.7226783
2014-09-10 04:00:00,2850,682123069.7226783
2014-09-10 04:30:00,2361,682123069.7226783
2014-09-10 05:00:00,2675,682123069.7226783
2014-09-10 05:30:00,4589,682123069.7226783
2014-09-10 06:00:00,6868,682123069.7226783
2014-09-10 06:30:00,12256,682123069.7226783
2014-09-10 07:00:00,16024,682123069.7226783
2014-09-10 07:30:00,20193,682123069.7226783
2014-09-10 08:00:00,20747,682123069.7226783
2014-09-10 08:30:00,20007,682123069.7226783
2014-09-10 09:00:00,18782,682123069.7226783
2014-09-10 09:30:00,18657,682123069.7226783
2014-09-10 10:00:00,17331,682123069.7226783
2014-09-10 10:30:00,17989,682123069.7226783
2014-09-10 11:00:00,17529,682123069.7226783
2014-09-10 11:30:00,18953,682123069.7226783
2014-09-10 12:00:00,18567,682123069.7226783
2014-09-10 12:30:00,17872,682123069.7226783
2014-09-10 13:00:00,17411,682123069.7226783
2014-09-10 13:30:00,18792,682123069.7226783
2014-09-10 14:00:00,18899,682123069.7226783
2014-09-10 14:30:00,19548,682123069.7226783
2014-09-10 15:00:00,19093,682123069.7226783
2014-09-10 15:30:00,16956,682123069.7226783
2014-09-10 16:00:00,14987,682123069.7226783
2014-09-10 16:30:00,13895,682123069.7226783
2014-09-10 17:00:00,17078,682123069.7226783
2014-09-10 17:30:00,20224,682123069.7226783
2014-09-10 18:00:00,22805,682123069.7226783
2014-09-10 18:30:00,24418,682123069.7226783
2014-09-10 19:00:00,25720,682123069.7226783
2014-09-10 19:30:00,25891,682123069.7226783
2014-09-10 20:00:00,26138,682123069.7226783
2014-09-10 20:30:00,25149,682123069.7226783
2014-09-10 21:00:00,24908,682123069.7226783
2014-09-10 21:30:00,24260,682123069.7226783
2014-09-10 22:00:00,24620,682123069.7226783
2014-09-10 22:30:00,22813,682123069.7226783
2014-09-10 23:00:00,20948,682123069.7226783
2014-09-10 23:30:00,18271,682123069.7226783
2014-09-11 00:00:00,14939,682123069.7226783
2014-09-11 00:30:00,11332,682123069.7226783
2014-09-11 01:00:00,8890,682123069.7226783
2014-09-11 01:30:00,6980,682123069.7226783
2014-09-11 02:00:00,5659,682123069.7226783
2014-09-11 02:30:00,4679,682123069.7226783
2014-09-11 03:00:00,3550,682123069.7226783
2014-09-11 03:30:00,2761,682123069.7226783
2014-09-11 04:00:00,3009,682123069.7226783
2014-09-11 04:30:00,2596,682123069.7226783
2014-09-11 05:00:00,2755,682123069.7226783
2014-09-11 05:30:00,4554,682123069.7226783
2014-09-11 06:00:00,6964,682123069.7226783
2014-09-11 06:30:00,12814,682123069.7226783
2014-09-11 07:00:00,16360,682123069.7226783
2014-09-11 07:30:00,20658,682123069.7226783
2014-09-11 08:00:00,21352,682123069.7226783
2014-09-11 08:30:00,20521,682123069.7226783
2014-09-11 09:00:00,19759,682123069.7226783
2014-09-11 09:30:00,19670,682123069.7226783
2014-09-11 10:00:00,18301,682123069.7226783
2014-09-11 10:30:00,17768,682123069.7226783
2014-09-11 11:00:00,16583,682123069.7226783
2014-09-11 11:30:00,18179,682123069.7226783
2014-09-11 12:00:00,18896,682123069.7226783
2014-09-11 12:30:00,18611,682123069.7226783
2014-09-11 13:00:00,17662,682123069.7226783
2014-09-11 13:30:00,19057,682123069.7226783
2014-09-11 14:00:00,18951,682123069.7226783
2014-09-11 14:30:00,19997,682123069.7226783
2014-09-11 15:00:00,19260,682123069.7226783
2014-09-11 15:30:00,17088,682123069.7226783
2014-09-11 16:00:00,15367,682123069.7226783
2014-09-11 16:30:00,13915,682123069.7226783
2014-09-11 17:00:00,17107,682123069.7226783
2014-09-11 17:30:00,20299,682123069.7226783
2014-09-11 18:00:00,23029,682123069.7226783
2014-09-11 18:30:00,24408,682123069.7226783
2014-09-11 19:00:00,25778,682123069.7226783
2014-09-11 19:30:00,26274,682123069.7226783
2014-09-11 20:00:00,26475,682123069.7226783
2014-09-11 20:30:00,25326,682123069.7226783
2014-09-11 21:00:00,24557,682123069.7226783
2014-09-11 21:30:00,24984,682123069.7226783
2014-09-11 22:00:00,25001,682123069.7226783
2014-09-11 22:30:00,24112,682123069.7226783
2014-09-11 23:00:00,23100,682123069.7226783
2014-09-11 23:30:00,20158,682123069.7226783
2014-09-12 00:00:00,17954,682123069.7226783
2014-09-12 00:30:00,14466,682123069.7226783
2014-09-12 01:00:00,11632,682123069.7226783
2014-09-12 01:30:00,9400,682123069.7226783
2014-09-12 02:00:00,7816,682123069.7226783
2014-09-12 02:30:00,6678,682123069.7226783
2014-09-12 03:00:00,5499,682123069.7226783
2014-09-12 03:30:00,4088,682123069.7226783
2014-09-12 04:00:00,4312,682123069.7226783
2014-09-12 04:30:00,3433,682123069.7226783
2014-09-12 05:00:00,3156,682123069.7226783
2014-09-12 05:30:00,4545,682123069.7226783
2014-09-12 06:00:00,6802,682123069.7226783
2014-09-12 06:30:00,11555,682123069.7226783
2014-09-12 07:00:00,15447,682123069.7226783
2014-09-12 07:30:00,20385,682123069.7226783
2014-09-12 08:00:00,20562,682123069.7226783
2014-09-12 08:30:00,20191,682123069.7226783
2014-09-12 09:00:00,19405,682123069.7226783
2014-09-12 09:30:00,18903,682123069.7226783
2014-09-12 10:00:00,17251,682123069.7226783
2014-09-12 10:30:00,17874,682123069.7226783
2014-09-12 11:00:00,17024,682123069.7226783
2014-09-12 11:30:00,18267,682123069.7226783
2014-09-12 12:00:00,18351,682123069.7226783
2014-09-12 12:30:00,17253,682123069.7226783
2014-09-12 13:00:00,17098,682123069.7226783
2014-09-12 13:30:00,17885,682123069.7226783
2014-09-12 14:00:00,18868,682123069.7226783
2014-09-12 14:30:00,19352,682123069.7226783
2014-09-12 15:00:00,18035,682123069.7226783
2014-09-12 15:30:00,15737,682123069.7226783
2014-09-12 16:00:00,14420,682123069.7226783
2014-09-12 16:30:00,13148,682123069.7226783
2014-09-12 17:00:00,16354,682123069.7226783
2014-09-12 17:30:00,20087,682123069.7226783
2014-09-12 18:00:00,22814,682123069.7226783
2014-09-12 18:30:00,25027,682123069.7226783
2014-09-12 19:00:00,25983,682123069.7226783
2014-09-12 19:30:00,27090,682123069.7226783
2014-09-12 20:00:00,26622,682123069.7226783
2014-09-12 20:30:00,25560,682123069.7226783
2014-09-12 21:00:00,25141,682123069.7226783
2014-09-12 21:30:00,25495,682123069.7226783
2014-09-12 22:00:00,26737,682123069.7226783
2014-09-12 22:30:00,26657,682123069.7226783
2014-09-12 23:00:00,27379,682123069.7226783
2014-09-12 23:30:00,27284,682123069.7226783
2014-09-13 00:00:00,26227,682123069.7226783
2014-09-13 00:30:00,24744,682123069.7226783
2014-09-13 01:00:00,23304,682123069.7226783
2014-09-13 01:30:00,21293,682123069.7226783
2014-09-13 02:00:00,19870,682123069.7226783
2014-09-13 02:30:00,17657,682123069.7226783
2014-09-13 03:00:00,15100,682123069.7226783
2014-09-13 03:30:00,12932,682123069.7226783
2014-09-13 04:00:00,10574,682123069.7226783
2014-09-13 04:30:00,6546,682123069.7226783
2014-09-13 05:00:00,4531,682123069.7226783
2014-09-13 05:30:00,3807,682123069.7226783
2014-09-13 06:00:00,3672,682123069.7226783
2014-09-13 06:30:00,5070,682123069.7226783
2014-09-13 07:00:00,5484,682123069.7226783
2014-09-13 07:30:00,7528,682123069.7226783
2014-09-13 08:00:00,8713,682123069.7226783
2014-09-13 08:30:00,11686,682123069.7226783
2014-09-13 09:00:00,12432,682123069.7226783
2014-09-13 09:30:00,16216,682123069.7226783
2014-09-13 10:00:00,16126,682123069.7226783
2014-09-13 10:30:00,18527,682123069.7226783
2014-09-13 11:00:00,18755,682123069.7226783
2014-09-13 11:30:00,20352,682123069.7226783
2014-09-13 12:00:00,21020,682123069.7226783
2014-09-13 12:30:00,20732,682123069.7226783
2014-09-13 13:00:00,21345,682123069.7226783
2014-09-13 13:30:00,21500,682123069.7226783
2014-09-13 14:00:00,20453,682123069.7226783
2014-09-13 14:30:00,23821,682123069.7226783
2014-09-13 15:00:00,26150,682123069.7226783
2014-09-13 15:30:00,24051,682123069.7226783
2014-09-13 16:00:00,19433,682123069.7226783
2014-09-13 16:30:00,17521,682123069.7226783
2014-09-13 17:00:00,19137,682123069.7226783
2014-09-13 17:30:00,22602,682123069.7226783
2014-09-13 18:00:00,25039,682123069.7226783
2014-09-13 18:30:00,25988,682123069.7226783
2014-09-13 19:00:00,26920,682123069.7226783
2014-09-13 19:30:00,26845,682123069.7226783
2014-09-13 20:00:00,26733,682123069.7226783
2014-09-13 20:30:00,24954,682123069.7226783
2014-09-13 21:00:00,22317,682123069.7226783
2014-09-13 21:30:00,22581,682123069.7226783
2014-09-13 22:00:00,23544,682123069.7226783
2014-09-13 22:30:00,25662,682123069.7226783
2014-09-13 23:00:00,26615,682123069.7226783
2014-09-13 23:30:00,27542,682123069.7226783
2014-09-14 00:00:00,27320,682123069.7226783
2014-09-14 00:30:00,25627,682123069.7226783
2014-09-14 01:00:00,23964,682123069.7226783
2014-09-14 01:30:00,22332,682123069.7226783
2014-09-14 02:00:00,20620,682123069.7226783
2014-09-14 02:30:00,18567,682123069.7226783
2014-09-14 03:00:00,15772,682123069.7226783
2014-09-14 03:30:00,13346,682123069.7226783
2014-09-14 04:00:00,11616,682123069.7226783
2014-09-14 04:30:00,6999,682123069.7226783
2014-09-14 05:00:00,4273,682123069.7226783
2014-09-14 05:30:00,3568,682123069.7226783
2014-09-14 06:00:00,4209,682123069.7226783
2014-09-14 06:30:00,4684,682123069.7226783
2014-09-14 07:00:00,4527,682123069.7226783
2014-09-14 07:30:00,6231,682123069.7226783
2014-09-14 08:00:00,7725,682123069.7226783
2014-09-14 08:30:00,10159,682123069.7226783
2014-09-14 09:00:00,11013,682123069.7226783
2014-09-14 09:30:00,14091,682123069.7226783
2014-09-14 10:00:00,15480,682123069.7226783
2014-09-14 10:30:00,18669,682123069.7226783
2014-09-14 11:00:00,18796,682123069.7226783
2014-09-14 11:30:00,20213,682123069.7226783
2014-09-14 12:00:00,20410,682123069.7226783
2014-09-14 12:30:00,21782,682123069.7226783
2014-09-14 13:00:00,20634,682123069.7226783
2014-09-14 13:30:00,20061,682123069.7226783
2014-09-14 14:00:00,19774,682123069.7226783
2014-09-14 14:30:00,20069,682123069.7226783
2014-09-14 15:00:00,19417,682123069.7226783
2014-09-14 15:30:00,19363,682123069.7226783
2014-09-14 16:00:00,19206,682123069.7226783
2014-09-14 16:30:00,18284,682123069.7226783
2014-09-14 17:00:00,19503,682123069.7226783
2014-09-14 17:30:00,20621,682123069.7226783
2014-09-14 18:00:00,21554,682123069.7226783
2014-09-14 18:30:00,21538,682123069.7226783
2014-09-14 19:00:00,20589,682123069.7226783
2014-09-14 19:30:00,20391,682123069.7226783
2014-09-14 20:00:00,19593,682123069.7226783
2014-09-14 20:30:00,18439,682123069.7226783
2014-09-14 21:00:00,17587,682123069.7226783
2014-09-14 21:30:00,17638,682123069.7226783
2014-09-14 22:00:00,15698,682123069.7226783
2014-09-14 22:30:00,14343,682123069.7226783
2014-09-14 23:00:00,12808,682123069.7226783
2014-09-14 23:30:00,10827,682123069.7226783
2014-09-15 00:00:00,8077,682123069.7226783
2014-09-15 00:30:00,6261,682123069.7226783
2014-09-15 01:00:00,4724,682123069.7226783
2014-09-15 01:30:00,3852,682123069.7226783
2014-09-15 02:00:00,3132,682123069.7226783
2014-09-15 02:30:00,2606,682123069.7226783
2014-09-15 03:00:00,1975,682123069.7226783
2014-09-15 03:30:00,1896,682123069.7226783
2014-09-15 04:00:00,2310,682123069.7226783
2014-09-15 04:30:00,2388,682123069.7226783
2014-09-15 05:00:00,2778,682123069.7226783
2014-09-15 05:30:00,4775,682123069.7226783
2014-09-15 06:00:00,7022,682123069.7226783
2014-09-15 06:30:00,11923,682123069.7226783
2014-09-15 07:00:00,14969,682123069.7226783
2014-09-15 07:30:00,17943,682123069.7226783
2014-09-15 08:00:00,18886,682123069.7226783
2014-09-15 08:30:00,18711,682123069.7226783
2014-09-15 09:00:00,18012,682123069.7226783
2014-09-15 09:30:00,17214,682123069.7226783
2014-09-15 10:00:00,16337,682123069.7226783
2014-09-15 10:30:00,16157,682123069.7226783
2014-09-15 11:00:00,15487,682123069.7226783
2014-09-15 11:30:00,16741,682123069.7226783
2014-09-15 12:00:00,16793,682123069.7226783
2014-09-15 12:30:00,16685,682123069.7226783
2014-09-15 13:00:00,15824,682123069.7226783
2014-09-15 13:30:00,17040,682123069.7226783
2014-09-15 14:00:00,17360,682123069.7226783
2014-09-15 14:30:00,18501,682123069.7226783
2014-09-15 15:00:00,18143,682123069.7226783
2014-09-15 15:30:00,16972,682123069.7226783
2014-09-15 16:00:00,16098,682123069.7226783
2014-09-15 16:30:00,15878,682123069.7226783
2014-09-15 17:00:00,18183,682123069.7226783
2014-09-15 17:30:00,20482,682123069.7226783
2014-09-15 18:00:00,23314,682123069.7226783
2014-09-15 18:30:00,24477,682123069.7226783
2014-09-15 19:00:00,24387,682123069.7226783
2014-09-15 19:30:00,24193,682123069.7226783
2014-09-15 20:00:00,24388,682123069.7226783
2014-09-15 20:30:00,22725,682123069.7226783
2014-09-15 21:00:00,21907,682123069.7226783
2014-09-15 21:30:00,21789,682123069.7226783
2014-09-15 22:00:00,20289,682123069.7226783
2014-09-15 22:30:00,16585,682123069.7226783
2014-09-15 23:00:00,14423,682123069.7226783
2014-09-15 23:30:00,12432,682123069.7226783
2014-09-16 00:00:00,9359,682123069.7226783
2014-09-16 00:30:00,7247,682123069.7226783
2014-09-16 01:00:00,5659,682123069.7226783
2014-09-16 01:30:00,4155,682123069.7226783
2014-09-16 02:00:00,3369,682123069.7226783
2014-09-16 02:30:00,2617,682123069.7226783
2014-09-16 03:00:00,2214,682123069.7226783
2014-09-16 03:30:00,1871,682123069.7226783
2014-09-16 04:00:00,2101,682123069.7226783
2014-09-16 04:30:00,2016,682123069.7226783
2014-09-16 05:00:00,2334,682123069.7226783
2014-09-16 05:30:00,4141,682123069.7226783
2014-09-16 06:00:00,6465,682123069.7226783
2014-09-16 06:30:00,11772,682123069.7226783
2014-09-16 07:00:00,16219,682123069.7226783
2014-09-16 07:30:00,21253,682123069.7226783
2014-09-16 08:00:00,22609,682123069.7226783
2014-09-16 08:30:00,21527,682123069.7226783
2014-09-16 09:00:00,20975,682123069.7226783
2014-09-16 09:30:00,19673,682123069.7226783
2014-09-16 10:00:00,18065,682123069.7226783
2014-09-16 10:30:00,18948,682123069.7226783
2014-09-16 11:00:00,18111,682123069.7226783
2014-09-16 11:30:00,17622,682123069.7226783
2014-09-16 12:00:00,17320,682123069.7226783
2014-09-16 12:30:00,16939,682123069.7226783
2014-09-16 13:00:00,16404,682123069.7226783
2014-09-16 13:30:00,17247,682123069.7226783
2014-09-16 14:00:00,17782,682123069.7226783
2014-09-16 14:30:00,18554,682123069.7226783
2014-09-16 15:00:00,18680,682123069.7226783
2014-09-16 15:30:00,16755,682123069.7226783
2014-09-16 16:00:00,14825,682123069.7226783
2014-09-16 16:30:00,13975,682123069.7226783
2014-09-16 17:00:00,17093,682123069.7226783
2014-09-16 17:30:00,19977,682123069.7226783
2014-09-16 18:00:00,22922,682123069.7226783
2014-09-16 18:30:00,24364,682123069.7226783
2014-09-16 19:00:00,24630,682123069.7226783
2014-09-16 19:30:00,25234,682123069.7226783
2014-09-16 20:00:00,24839,682123069.7226783
2014-09-16 20:30:00,24161,682123069.7226783
2014-09-16 21:00:00,24550,682123069.7226783
2014-09-16 21:30:00,23734,682123069.7226783
2014-09-16 22:00:00,22366,682123069.7226783
2014-09-16 22:30:00,20411,682123069.7226783
2014-09-16 23:00:00,17774,682123069.7226783
2014-09-16 23:30:00,14027,682123069.7226783
2014-09-17 00:00:00,11590,682123069.7226783
2014-09-17 00:30:00,8440,682123069.7226783
2014-09-17 01:00:00,6881,682123069.7226783
2014-09-17 01:30:00,4920,682123069.7226783
2014-09-17 02:00:00,4097,682123069.7226783
2014-09-17 02:30:00,3159,682123069.7226783
2014-09-17 03:00:00,2653,682123069.7226783
2014-09-17 03:30:00,2347,682123069.7226783
2014-09-17 04:00:00,2387,682123069.7226783
2014-09-17 04:30:00,2194,682123069.7226783
2014-09-17 05:00:00,2479,682123069.7226783
2014-09-17 05:30:00,4554,682123069.7226783
2014-09-17 06:00:00,6775,682123069.7226783
2014-09-17 06:30:00,12311,682123069.7226783
2014-09-17 07:00:00,15989,682123069.7226783
2014-09-17 07:30:00,20058,682123069.7226783
2014-09-17 08:00:00,20361,682123069.7226783
2014-09-17 08:30:00,20172,682123069.7226783
2014-09-17 09:00:00,18974,682123069.7226783
2014-09-17 09:30:00,17732,682123069.7226783
2014-09-17 10:00:00,17336,682123069.7226783
2014-09-17 10:30:00,17321,682123069.7226783
2014-09-17 11:00:00,16872,682123069.7226783
2014-09-17 11:30:00,18295,682123069.7226783
2014-09-17 12:00:00,18273,682123069.7226783
2014-09-17 12:30:00,17275,682123069.7226783
2014-09-17 13:00:00,17095,682123069.7226783
2014-09-17 13:30:00,17715,682123069.7226783
2014-09-17 14:00:00,18451,682123069.7226783
2014-09-17 14:30:00,18612,682123069.7226783
2014-09-17 15:00:00,18148,682123069.7226783
2014-09-17 15:30:00,16473,682123069.7226783
2014-09-17 16:00:00,14474,682123069.7226783
2014-09-17 16:30:00,13434,682123069.7226783
2014-09-17 17:00:00,16229,682123069.7226783
2014-09-17 17:30:00,19852,682123069.7226783
2014-09-17 18:00:00,22394,682123069.7226783
2014-09-17 18:30:00,24618,682123069.7226783
2014-09-17 19:00:00,25838,682123069.7226783
2014-09-17 19:30:00,25496,682123069.7226783
2014-09-17 20:00:00,24980,682123069.7226783
2014-09-17 20:30:00,23545,682123069.7226783
2014-09-17 21:00:00,23847,682123069.7226783
2014-09-17 21:30:00,24236,682123069.7226783
2014-09-17 22:00:00,23551,682123069.7226783
2014-09-17 22:30:00,22454,682123069.7226783
2014-09-17 23:00:00,20389,682123069.7226783
2014-09-17 23:30:00,17673,682123069.7226783
2014-09-18 00:00:00,13651,682123069.7226783
2014-09-18 00:30:00,10769,682123069.7226783
2014-09-18 01:00:00,8102,682123069.7226783
2014-09-18 01:30:00,6196,682123069.7226783
2014-09-18 02:00:00,5249,682123069.7226783
2014-09-18 02:30:00,3850,682123069.7226783
2014-09-18 03:00:00,3150,682123069.7226783
2014-09-18 03:30:00,2584,682123069.7226783
2014-09-18 04:00:00,2770,682123069.7226783
2014-09-18 04:30:00,2477,682123069.7226783
2014-09-18 05:00:00,2678,682123069.7226783
2014-09-18 05:30:00,4506,682123069.7226783
2014-09-18 06:00:00,7292,682123069.7226783
2014-09-18 06:30:00,12449,682123069.7226783
2014-09-18 07:00:00,16418,682123069.7226783
2014-09-18 07:30:00,20080,682123069.7226783
2014-09-18 08:00:00,20693,682123069.7226783
2014-09-18 08:30:00,19988,682123069.7226783
2014-09-18 09:00:00,19313,682123069.7226783
2014-09-18 09:30:00,18918,682123069.7226783
2014-09-18 10:00:00,17790,682123069.7226783
2014-09-18 10:30:00,18028,682123069.7226783
2014-09-18 11:00:00,17242,682123069.7226783
2014-09-18 11:30:00,18279,682123069.7226783
2014-09-18 12:00:00,18118,682123069.7226783
2014-09-18 12:30:00,17858,682123069.7226783
2014-09-18 13:00:00,17635,682123069.7226783
2014-09-18 13:30:00,18265,682123069.7226783
2014-09-18 14:00:00,18676,682123069.7226783
2014-09-18 14:30:00,18686,682123069.7226783
2014-09-18 15:00:00,18134,682123069.7226783
2014-09-18 15:30:00,15579,682123069.7226783
2014-09-18 16:00:00,13635,682123069.7226783
2014-09-18 16:30:00,12689,682123069.7226783
2014-09-18 17:00:00,15756,682123069.7226783
2014-09-18 17:30:00,19691,682123069.7226783
2014-09-18 18:00:00,21487,682123069.7226783
2014-09-18 18:30:00,22751,682123069.7226783
2014-09-18 19:00:00,24126,682123069.7226783
2014-09-18 19:30:00,24956,682123069.7226783
2014-09-18 20:00:00,26003,682123069.7226783
2014-09-18 20:30:00,25167,682123069.7226783
2014-09-18 21:00:00,25659,682123069.7226783
2014-09-18 21:30:00,25536,682123069.7226783
2014-09-18 22:00:00,25761,682123069.7226783
2014-09-18 22:30:00,25212,682123069.7226783
2014-09-18 23:00:00,23548,682123069.7226783
2014-09-18 23:30:00,22005,682123069.7226783
2014-09-19 00:00:00,19518,682123069.7226783
2014-09-19 00:30:00,15755,682123069.7226783
2014-09-19 01:00:00,12747,682123069.7226783
2014-09-19 01:30:00,10116,682123069.7226783
2014-09-19 02:00:00,8379,682123069.7226783
2014-09-19 02:30:00,6566,682123069.7226783
2014-09-19 03:00:00,5478,682123069.7226783
2014-09-19 03:30:00,4552,682123069.7226783
2014-09-19 04:00:00,4546,682123069.7226783
2014-09-19 04:30:00,3489,682123069.7226783
2014-09-19 05:00:00,3269,682123069.7226783
2014-09-19 05:30:00,4799,682123069.7226783
2014-09-19 06:00:00,7384,682123069.7226783
2014-09-19 06:30:00,11928,682123069.7226783
2014-09-19 07:00:00,15434,682123069.7226783
2014-09-19 07:30:00,19509,682123069.7226783
2014-09-19 08:00:00,19672,682123069.7226783
2014-09-19 08:30:00,19287,682123069.7226783
2014-09-19 09:00:00,18369,682123069.7226783
2014-09-19 09:30:00,18050,682123069.7226783
2014-09-19 10:00:00,17306,682123069.7226783
2014-09-19 10:30:00,17661,682123069.7226783
2014-09-19 11:00:00,17158,682123069.7226783
2014-09-19 11:30:00,18215,682123069.7226783
2014-09-19 12:00:00,18175,682123069.7226783
2014-09-19 12:30:00,17568,682123069.7226783
2014-09-19 13:00:00,17079,682123069.7226783
2014-09-19 13:30:00,17287,682123069.7226783
2014-09-19 14:00:00,17885,682123069.7226783
2014-09-19 14:30:00,18287,682123069.7226783
2014-09-19 15:00:00,17782,682123069.7226783
2014-09-19 15:30:00,16021,682123069.7226783
2014-09-19 16:00:00,14205,682123069.7226783
2014-09-19 16:30:00,12834,682123069.7226783
2014-09-19 17:00:00,16332,682123069.7226783
2014-09-19 17:30:00,19704,682123069.7226783
2014-09-19 18:00:00,22931,682123069.7226783
2014-09-19 18:30:00,25328,682123069.7226783
2014-09-19 19:00:00,26188,682123069.7226783
2014-09-19 19:30:00,27541,682123069.7226783
2014-09-19 20:00:00,26811,682123069.7226783
2014-09-19 20:30:00,26093,682123069.7226783
2014-09-19 21:00:00,26091,682123069.7226783
2014-09-19 21:30:00,26247,682123069.7226783
2014-09-19 22:00:00,27090,682123069.7226783
2014-09-19 22:30:00,27681,682123069.7226783
2014-09-19 23:00:00,27159,682123069.7226783
2014-09-19 23:30:00,26816,682123069.7226783
2014-09-20 00:00:00,25251,682123069.7226783
2014-09-20 00:30:00,23375,682123069.7226783
2014-09-20 01:00:00,21806,682123069.7226783
2014-09-20 01:30:00,20635,682123069.7226783
2014-09-20 02:00:00,19322,682123069.7226783
2014-09-20 02:30:00,16841,682123069.7226783
2014-09-20 03:00:00,14744,682123069.7226783
2014-09-20 03:30:00,12309,682123069.7226783
2014-09-20 04:00:00,10242,682123069.7226783
2014-09-20 04:30:00,6470,682123069.7226783
2014-09-20 05:00:00,4374,682123069.7226783
2014-09-20 05:30:00,3435,682123069.7226783
2014-09-20 06:00:00,3789,682123069.7226783
2014-09-20 06:30:00,4454,682123069.7226783
2014-09-20 07:00:00,5381,682123069.7226783
2014-09-20 07:30:00,7585,682123069.7226783
2014-09-20 08:00:00,8782,682123069.7226783
2014-09-20 08:30:00,11824,682123069.7226783
2014-09-20 09:00:00,12587,682123069.7226783
2014-09-20 09:30:00,15795,682123069.7226783
2014-09-20 10:00:00,16088,682123069.7226783
2014-09-20 10:30:00,18430,682123069.7226783
2014-09-20 11:00:00,18543,682123069.7226783
2014-09-20 11:30:00,20332,682123069.7226783
2014-09-20 12:00:00,19797,682123069.7226783
2014-09-20 12:30:00,20601,682123069.7226783
2014-09-20 13:00:00,20823,682123069.7226783
2014-09-20 13:30:00,21182,682123069.7226783
2014-09-20 14:00:00,20742,682123069.7226783
2014-09-20 14:30:00,20477,682123069.7226783
2014-09-20 15:00:00,20654,682123069.7226783
2014-09-20 15:30:00,20386,682123069.7226783
2014-09-20 16:00:00,18174,682123069.7226783
2014-09-20 16:30:00,16690,682123069.7226783
2014-09-20 17:00:00,18151,682123069.7226783
2014-09-20 17:30:00,21330,682123069.7226783
2014-09-20 18:00:00,23268,682123069.7226783
2014-09-20 18:30:00,25025,682123069.7226783
2014-09-20 19:00:00,25816,682123069.7226783
2014-09-20 19:30:00,25694,682123069.7226783
2014-09-20 20:00:00,24693,682123069.7226783
2014-09-20 20:30:00,24187,682123069.7226783
2014-09-20 21:00:00,23820,682123069.7226783
2014-09-20 21:30:00,24549,682123069.7226783
2014-09-20 22:00:00,25442,682123069.7226783
2014-09-20 22:30:00,25914,682123069.7226783
2014-09-20 23:00:00,26329,682123069.7226783
2014-09-20 23:30:00,26618,682123069.7226783
2014-09-21 00:00:00,26477,682123069.7226783
2014-09-21 00:30:00,25461,682123069.7226783
2014-09-21 01:00:00,25371,682123069.7226783
2014-09-21 01:30:00,21726,682123069.7226783
2014-09-21 02:00:00,20737,682123069.7226783
2014-09-21 02:30:00,18852,682123069.7226783
2014-09-21 03:00:00,16474,682123069.7226783
2014-09-21 03:30:00,13647,682123069.7226783
2014-09-21 04:00:00,11793,682123069.7226783
2014-09-21 04:30:00,7142,682123069.7226783
2014-09-21 05:00:00,4611,682123069.7226783
2014-09-21 05:30:00,3474,682123069.7226783
2014-09-21 06:00:00,4131,682123069.7226783
2014-09-21 06:30:00,4395,682123069.7226783
2014-09-21 07:00:00,4443,682123069.7226783
2014-09-21 07:30:00,6155,682123069.7226783
2014-09-21 08:00:00,6827,682123069.7226783
2014-09-21 08:30:00,9510,682123069.7226783
2014-09-21 09:00:00,10785,682123069.7226783
2014-09-21 09:30:00,13570,682123069.7226783
2014-09-21 10:00:00,14691,682123069.7226783
2014-09-21 10:30:00,17071,682123069.7226783
2014-09-21 11:00:00,17457,682123069.7226783
2014-09-21 11:30:00,17961,682123069.7226783
2014-09-21 12:00:00,17900,682123069.7226783
2014-09-21 12:30:00,18347,682123069.7226783
2014-09-21 13:00:00,17302,682123069.7226783
2014-09-21 13:30:00,16009,682123069.7226783
2014-09-21 14:00:00,15427,682123069.7226783
2014-09-21 14:30:00,14986,682123069.7226783
2014-09-21 15:00:00,14381,682123069.7226783
2014-09-21 15:30:00,13763,682123069.7226783
2014-09-21 16:00:00,13163,682123069.7226783
2014-09-21 16:30:00,11940,682123069.7226783
2014-09-21 17:00:00,13536,682123069.7226783
2014-09-21 17:30:00,15175,682123069.7226783
2014-09-21 18:00:00,16406,682123069.7226783
2014-09-21 18:30:00,17318,682123069.7226783
2014-09-21 19:00:00,17588,682123069.7226783
2014-09-21 19:30:00,17895,682123069.7226783
2014-09-21 20:00:00,18084,682123069.7226783
2014-09-21 20:30:00,16972,682123069.7226783
2014-09-21 21:00:00,16389,682123069.7226783
2014-09-21 21:30:00,15846,682123069.7226783
2014-09-21 22:00:00,15329,682123069.7226783
2014-09-21 22:30:00,14446,682123069.7226783
2014-09-21 23:00:00,12721,682123069.7226783
2014-09-21 23:30:00,10826,682123069.7226783
2014-09-22 00:00:00,9067,682123069.7226783
2014-09-22 00:30:00,6546,682123069.7226783
2014-09-22 01:00:00,4580,682123069.7226783
2014-09-22 01:30:00,3654,682123069.7226783
2014-09-22 02:00:00,3137,682123069.7226783
2014-09-22 02:30:00,2610,682123069.7226783
2014-09-22 03:00:00,2061,682123069.7226783
2014-09-22 03:30:00,1959,682123069.7226783
2014-09-22 04:00:00,2356,682123069.7226783
2014-09-22 04:30:00,2400,682123069.7226783
2014-09-22 05:00:00,2911,682123069.7226783
2014-09-22 05:30:00,4833,682123069.7226783
2014-09-22 06:00:00,7398,682123069.7226783
2014-09-22 06:30:00,11809,682123069.7226783
2014-09-22 07:00:00,14495,682123069.7226783
2014-09-22 07:30:00,16812,682123069.7226783
2014-09-22 08:00:00,17569,682123069.7226783
2014-09-22 08:30:00,16738,682123069.7226783
2014-09-22 09:00:00,16612,682123069.7226783
2014-09-22 09:30:00,15702,682123069.7226783
2014-09-22 10:00:00,14817,682123069.7226783
2014-09-22 10:30:00,14668,682123069.7226783
2014-09-22 11:00:00,14458,682123069.7226783
2014-09-22 11:30:00,15475,682123069.7226783
2014-09-22 12:00:00,15539,682123069.7226783
2014-09-22 12:30:00,15345,682123069.7226783
2014-09-22 13:00:00,15222,682123069.7226783
2014-09-22 13:30:00,15213,682123069.7226783
2014-09-22 14:00:00,16167,682123069.7226783
2014-09-22 14:30:00,16210,682123069.7226783
2014-09-22 15:00:00,16393,682123069.7226783
2014-09-22 15:30:00,14797,682123069.7226783
2014-09-22 16:00:00,13755,682123069.7226783
2014-09-22 16:30:00,13960,682123069.7226783
2014-09-22 17:00:00,16248,682123069.7226783
2014-09-22 17:30:00,18272,682123069.7226783
2014-09-22 18:00:00,20440,682123069.7226783
2014-09-22 18:30:00,21524,682123069.7226783
2014-09-22 19:00:00,21828,682123069.7226783
2014-09-22 19:30:00,22825,682123069.7226783
2014-09-22 20:00:00,22647,682123069.7226783
2014-09-22 20:30:00,22210,682123069.7226783
2014-09-22 21:00:00,22426,682123069.7226783
2014-09-22 21:30:00,20839,682123069.7226783
2014-09-22 22:00:00,20239,682123069.7226783
2014-09-22 22:30:00,18144,682123069.7226783
2014-09-22 23:00:00,15459,682123069.7226783
2014-09-22 23:30:00,13766,682123069.7226783
2014-09-23 00:00:00,11187,682123069.7226783
2014-09-23 00:30:00,8959,682123069.7226783
2014-09-23 01:00:00,7101,682123069.7226783
2014-09-23 01:30:00,4710,682123069.7226783
2014-09-23 02:00:00,3571,682123069.7226783
2014-09-23 02:30:00,2765,682123069.7226783
2014-09-23 03:00:00,2101,682123069.7226783
2014-09-23 03:30:00,1867,682123069.7226783
2014-09-23 04:00:00,2126,682123069.7226783
2014-09-23 04:30:00,2082,682123069.7226783
2014-09-23 05:00:00,2393,682123069.7226783
2014-09-23 05:30:00,4443,682123069.7226783
2014-09-23 06:00:00,7297,682123069.7226783
2014-09-23 06:30:00,12466,682123069.7226783
2014-09-23 07:00:00,15547,682123069.7226783
2014-09-23 07:30:00,18160,682123069.7226783
2014-09-23 08:00:00,18295,682123069.7226783
2014-09-23 08:30:00,17794,682123069.7226783
2014-09-23 09:00:00,16541,682123069.7226783
2014-09-23 09:30:00,16239,682123069.7226783
2014-09-23 10:00:00,15239,682123069.7226783
2014-09-23 10:30:00,15153,682123069.7226783
2014-09-23 11:00:00,14168,682123069.7226783
2014-09-23 11:30:00,14872,682123069.7226783
2014-09-23 12:00:00,15293,682123069.7226783
2014-09-23 12:30:00,14971,682123069.7226783
2014-09-23 13:00:00,14359,682123069.7226783
2014-09-23 13:30:00,14486,682123069.7226783
2014-09-23 14:00:00,14471,682123069.7226783
2014-09-23 14:30:00,14920,682123069.7226783
2014-09-23 15:00:00,14411,682123069.7226783
2014-09-23 15:30:00,13573,682123069.7226783
2014-09-23 16:00:00,11876,682123069.7226783
2014-09-23 16:30:00,11040,682123069.7226783
2014-09-23 17:00:00,13441,682123069.7226783
2014-09-23 17:30:00,16163,682123069.7226783
2014-09-23 18:00:00,19059,682123069.7226783
2014-09-23 18:30:00,19621,682123069.7226783
2014-09-23 19:00:00,21616,682123069.7226783
2014-09-23 19:30:00,23427,682123069.7226783
2014-09-23 20:00:00,23735,682123069.7226783
2014-09-23 20:30:00,23354,682123069.7226783
2014-09-23 21:00:00,23391,682123069.7226783
2014-09-23 21:30:00,23228,682123069.7226783
2014-09-23 22:00:00,21882,682123069.7226783
2014-09-23 22:30:00,21221,682123069.7226783
2014-09-23 23:00:00,18922,682123069.7226783
2014-09-23 23:30:00,15473,682123069.7226783
2014-09-24 00:00:00,12457,682123069.7226783
2014-09-24 00:30:00,9497,682123069.7226783
2014-09-24 01:00:00,7073,682123069.7226783
2014-09-24 01:30:00,5496,682123069.7226783
2014-09-24 02:00:00,4477,682123069.7226783
2014-09-24 02:30:00,3527,682123069.7226783
2014-09-24 03:00:00,2971,682123069.7226783
2014-09-24 03:30:00,2660,682123069.7226783
2014-09-24 04:00:00,2497,682123069.7226783
2014-09-24 04:30:00,2250,682123069.7226783
2014-09-24 05:00:00,2594,682123069.7226783
2014-09-24 05:30:00,4316,682123069.7226783
2014-09-24 06:00:00,7112,682123069.7226783
2014-09-24 06:30:00,12119,682123069.7226783
2014-09-24 07:00:00,15652,682123069.7226783
2014-09-24 07:30:00,18565,682123069.7226783
2014-09-24 08:00:00,18437,682123069.7226783
2014-09-24 08:30:00,17831,682123069.7226783
2014-09-24 09:00:00,17103,682123069.7226783
2014-09-24 09:30:00,16446,682123069.7226783
2014-09-24 10:00:00,15593,682123069.7226783
2014-09-24 10:30:00,15353,682123069.7226783
2014-09-24 11:00:00,15105,682123069.7226783
2014-09-24 11:30:00,16058,682123069.7226783
2014-09-24 12:00:00,16475,682123069.7226783
2014-09-24 12:30:00,16226,682123069.7226783
2014-09-24 13:00:00,15766,682123069.7226783
2014-09-24 13:30:00,16242,682123069.7226783
2014-09-24 14:00:00,16976,682123069.7226783
2014-09-24 14:30:00,17117,682123069.7226783
2014-09-24 15:00:00,16910,682123069.7226783
2014-09-24 15:30:00,14845,682123069.7226783
2014-09-24 16:00:00,12840,682123069.7226783
2014-09-24 16:30:00,12913,682123069.7226783
2014-09-24 17:00:00,15736,682123069.7226783
2014-09-24 17:30:00,18396,682123069.7226783
2014-09-24 18:00:00,21170,682123069.7226783
2014-09-24 18:30:00,21255,682123069.7226783
2014-09-24 19:00:00,22014,682123069.7226783
2014-09-24 19:30:00,22334,682123069.7226783
2014-09-24 20:00:00,21426,682123069.7226783
2014-09-24 20:30:00,21152,682123069.7226783
2014-09-24 21:00:00,22304,682123069.7226783
2014-09-24 21:30:00,22947,682123069.7226783
2014-09-24 22:00:00,22195,682123069.7226783
2014-09-24 22:30:00,21592,682123069.7226783
2014-09-24 23:00:00,18884,682123069.7226783
2014-09-24 23:30:00,15885,682123069.7226783
2014-09-25 00:00:00,12556,682123069.7226783
2014-09-25 00:30:00,10023,682123069.7226783
2014-09-25 01:00:00,7320,682123069.7226783
2014-09-25 01:30:00,6007,682123069.7226783
2014-09-25 02:00:00,4886,682123069.7226783
2014-09-25 02:30:00,4068,682123069.7226783
2014-09-25 03:00:00,3170,682123069.7226783
2014-09-25 03:30:00,2671,682123069.7226783
2014-09-25 04:00:00,2844,682123069.7226783
2014-09-25 04:30:00,2430,682123069.7226783
2014-09-25 05:00:00,2534,682123069.7226783
2014-09-25 05:30:00,4193,682123069.7226783
2014-09-25 06:00:00,6274,682123069.7226783
2014-09-25 06:30:00,11614,682123069.7226783
2014-09-25 07:00:00,14471,682123069.7226783
2014-09-25 07:30:00,17184,682123069.7226783
2014-09-25 08:00:00,18428,682123069.7226783
2014-09-25 08:30:00,18257,682123069.7226783
2014-09-25 09:00:00,17375,682123069.7226783
2014-09-25 09:30:00,18079,682123069.7226783
2014-09-25 10:00:00,17902,682123069.7226783
2014-09-25 10:30:00,17934,682123069.7226783
2014-09-25 11:00:00,16311,682123069.7226783
2014-09-25 11:30:00,16460,682123069.7226783
2014-09-25 12:00:00,17383,682123069.7226783
2014-09-25 12:30:00,16931,682123069.7226783
2014-09-25 13:00:00,17236,682123069.7226783
2014-09-25 13:30:00,17120,682123069.7226783
2014-09-25 14:00:00,16635,682123069.7226783
2014-09-25 14:30:00,16048,682123069.7226783
2014-09-25 15:00:00,15553,682123069.7226783
2014-09-25 15:30:00,14421,682123069.7226783
2014-09-25 16:00:00,13456,682123069.7226783
2014-09-25 16:30:00,12820,682123069.7226783
2014-09-25 17:00:00,16109,682123069.7226783
2014-09-25 17:30:00,19198,682123069.7226783
2014-09-25 18:00:00,21302,682123069.7226783
2014-09-25 18:30:00,22657,682123069.7226783
2014-09-25 19:00:00,23276,682123069.7226783
2014-09-25 19:30:00,23723,682123069.7226783
2014-09-25 20:00:00,23021,682123069.7226783
2014-09-25 20:30:00,21823,682123069.7226783
2014-09-25 21:00:00,21666,682123069.7226783
2014-09-25 21:30:00,22491,682123069.7226783
2014-09-25 22:00:00,22004,682123069.7226783
2014-09-25 22:30:00,23595,682123069.7226783
2014-09-25 23:00:00,22090,682123069.7226783
2014-09-25 23:30:00,20296,682123069.7226783
2014-09-26 00:00:00,16288,682123069.7226783
2014-09-26 00:30:00,13049,682123069.7226783
2014-09-26 01:00:00,10504,682123069.7226783
2014-09-26 01:30:00,8423,682123069.7226783
2014-09-26 02:00:00,7090,682123069.7226783
2014-09-26 02:30:00,5920,682123069.7226783
2014-09-26 03:00:00,4849,682123069.7226783
2014-09-26 03:30:00,4102,682123069.7226783
2014-09-26 04:00:00,4093,682123069.7226783
2014-09-26 04:30:00,3162,682123069.7226783
2014-09-26 05:00:00,2939,682123069.7226783
2014-09-26 05:30:00,4012,682123069.7226783
2014-09-26 06:00:00,6627,682123069.7226783
2014-09-26 06:30:00,10911,682123069.7226783
2014-09-26 07:00:00,13043,682123069.7226783
2014-09-26 07:30:00,16141,682123069.7226783
2014-09-26 08:00:00,16551,682123069.7226783
2014-09-26 08:30:00,17566,682123069.7226783
2014-09-26 09:00:00,16839,682123069.7226783
2014-09-26 09:30:00,16706,682123069.7226783
2014-09-26 10:00:00,15946,682123069.7226783
2014-09-26 10:30:00,16319,682123069.7226783
2014-09-26 11:00:00,15319,682123069.7226783
2014-09-26 11:30:00,16456,682123069.7226783
2014-09-26 12:00:00,16719,682123069.7226783
2014-09-26 12:30:00,16157,682123069.7226783
2014-09-26 13:00:00,15798,682123069.7226783
2014-09-26 13:30:00,16747,682123069.7226783
2014-09-26 14:00:00,16855,682123069.7226783
2014-09-26 14:30:00,17441,682123069.7226783
2014-09-26 15:00:00,16769,682123069.7226783
2014-09-26 15:30:00,15274,682123069.7226783
2014-09-26 16:00:00,14150,682123069.7226783
2014-09-26 16:30:00,13382,682123069.7226783
2014-09-26 17:00:00,16018,682123069.7226783
2014-09-26 17:30:00,19412,682123069.7226783
2014-09-26 18:00:00,22047,682123069.7226783
2014-09-26 18:30:00,23843,682123069.7226783
2014-09-26 19:00:00,24816,682123069.7226783
2014-09-26 19:30:00,25433,682123069.7226783
2014-09-26 20:00:00,25249,682123069.7226783
2014-09-26 20:30:00,24492,682123069.7226783
2014-09-26 21:00:00,24332,682123069.7226783
2014-09-26 21:30:00,24473,682123069.7226783
2014-09-26 22:00:00,25932,682123069.7226783
2014-09-26 22:30:00,25931,682123069.7226783
2014-09-26 23:00:00,26479,682123069.7226783
2014-09-26 23:30:00,25878,682123069.7226783
2014-09-27 00:00:00,25100,682123069.7226783
2014-09-27 00:30:00,23886,682123069.7226783
2014-09-27 01:00:00,22982,682123069.7226783
2014-09-27 01:30:00,20541,682123069.7226783
2014-09-27 02:00:00,18970,682123069.7226783
2014-09-27 02:30:00,17433,682123069.7226783
2014-09-27 03:00:00,14547,682123069.7226783
2014-09-27 03:30:00,12694,682123069.7226783
2014-09-27 04:00:00,10374,682123069.7226783
2014-09-27 04:30:00,6339,682123069.7226783
2014-09-27 05:00:00,4313,682123069.7226783
2014-09-27 05:30:00,3538,682123069.7226783
2014-09-27 06:00:00,3709,682123069.7226783
2014-09-27 06:30:00,5311,682123069.7226783
2014-09-27 07:00:00,5974,682123069.7226783
2014-09-27 07:30:00,8183,682123069.7226783
2014-09-27 08:00:00,8942,682123069.7226783
2014-09-27 08:30:00,11805,682123069.7226783
2014-09-27 09:00:00,12261,682123069.7226783
2014-09-27 09:30:00,15226,682123069.7226783
2014-09-27 10:00:00,15802,682123069.7226783
2014-09-27 10:30:00,17334,682123069.7226783
2014-09-27 11:00:00,18070,682123069.7226783
2014-09-27 11:30:00,20105,682123069.7226783
2014-09-27 12:00:00,20138,682123069.7226783
2014-09-27 12:30:00,19968,682123069.7226783
2014-09-27 13:00:00,20411,682123069.7226783
2014-09-27 13:30:00,20317,682123069.7226783
2014-09-27 14:00:00,19930,682123069.7226783
2014-09-27 14:30:00,20502,682123069.7226783
2014-09-27 15:00:00,19916,682123069.7226783
2014-09-27 15:30:00,19259,682123069.7226783
2014-09-27 16:00:00,17572,682123069.7226783
2014-09-27 16:30:00,15629,682123069.7226783
2014-09-27 17:00:00,17721,682123069.7226783
2014-09-27 17:30:00,21308,682123069.7226783
2014-09-27 18:00:00,23297,682123069.7226783
2014-09-27 18:30:00,24024,682123069.7226783
2014-09-27 19:00:00,24925,682123069.7226783
2014-09-27 19:30:00,25418,682123069.7226783
2014-09-27 20:00:00,23601,682123069.7226783
2014-09-27 20:30:00,23219,682123069.7226783
2014-09-27 21:00:00,22544,682123069.7226783
2014-09-27 21:30:00,23273,682123069.7226783
2014-09-27 22:00:00,25131,682123069.7226783
2014-09-27 22:30:00,26895,682123069.7226783
2014-09-27 23:00:00,27936,682123069.7226783
2014-09-27 23:30:00,28113,682123069.7226783
2014-09-28 00:00:00,27269,682123069.7226783
2014-09-28 00:30:00,26320,682123069.7226783
2014-09-28 01:00:00,24571,682123069.7226783
2014-09-28 01:30:00,22698,682123069.7226783
2014-09-28 02:00:00,20948,682123069.7226783
2014-09-28 02:30:00,18561,682123069.7226783
2014-09-28 03:00:00,16218,682123069.7226783
2014-09-28 03:30:00,13873,682123069.7226783
2014-09-28 04:00:00,11926,682123069.7226783
2014-09-28 04:30:00,7361,682123069.7226783
2014-09-28 05:00:00,4330,682123069.7226783
2014-09-28 05:30:00,3681,682123069.7226783
2014-09-28 06:00:00,3886,682123069.7226783
2014-09-28 06:30:00,4600,682123069.7226783
2014-09-28 07:00:00,4930,682123069.7226783
2014-09-28 07:30:00,6204,682123069.7226783
2014-09-28 08:00:00,7212,682123069.7226783
2014-09-28 08:30:00,9136,682123069.7226783
2014-09-28 09:00:00,10287,682123069.7226783
2014-09-28 09:30:00,12808,682123069.7226783
2014-09-28 10:00:00,13952,682123069.7226783
2014-09-28 10:30:00,16763,682123069.7226783
2014-09-28 11:00:00,17356,682123069.7226783
2014-09-28 11:30:00,19238,682123069.7226783
2014-09-28 12:00:00,19607,682123069.7226783
2014-09-28 12:30:00,20310,682123069.7226783
2014-09-28 13:00:00,20033,682123069.7226783
2014-09-28 13:30:00,19595,682123069.7226783
2014-09-28 14:00:00,19871,682123069.7226783
2014-09-28 14:30:00,19819,682123069.7226783
2014-09-28 15:00:00,18620,682123069.7226783
2014-09-28 15:30:00,18657,682123069.7226783
2014-09-28 16:00:00,17688,682123069.7226783
2014-09-28 16:30:00,16927,682123069.7226783
2014-09-28 17:00:00,17637,682123069.7226783
2014-09-28 17:30:00,19283,682123069.7226783
2014-09-28 18:00:00,20448,682123069.7226783
2014-09-28 18:30:00,19638,682123069.7226783
2014-09-28 19:00:00,19509,682123069.7226783
2014-09-28 19:30:00,18936,682123069.7226783
2014-09-28 20:00:00,18188,682123069.7226783
2014-09-28 20:30:00,16594,682123069.7226783
2014-09-28 21:00:00,16330,682123069.7226783
2014-09-28 21:30:00,16075,682123069.7226783
2014-09-28 22:00:00,14977,682123069.7226783
2014-09-28 22:30:00,13503,682123069.7226783
2014-09-28 23:00:00,12052,682123069.7226783
2014-09-28 23:30:00,10779,682123069.7226783
2014-09-29 00:00:00,8332,682123069.7226783
2014-09-29 00:30:00,6357,682123069.7226783
2014-09-29 01:00:00,4958,682123069.7226783
2014-09-29 01:30:00,3461,682123069.7226783
2014-09-29 02:00:00,3253,682123069.7226783
2014-09-29 02:30:00,2493,682123069.7226783
2014-09-29 03:00:00,1993,682123069.7226783
2014-09-29 03:30:00,1839,682123069.7226783
2014-09-29 04:00:00,2275,682123069.7226783
2014-09-29 04:30:00,2280,682123069.7226783
2014-09-29 05:00:00,2986,682123069.7226783
2014-09-29 05:30:00,4608,682123069.7226783
2014-09-29 06:00:00,7253,682123069.7226783
2014-09-29 06:30:00,11360,682123069.7226783
2014-09-29 07:00:00,14157,682123069.7226783
2014-09-29 07:30:00,16864,682123069.7226783
2014-09-29 08:00:00,17399,682123069.7226783
2014-09-29 08:30:00,16671,682123069.7226783
2014-09-29 09:00:00,15478,682123069.7226783
2014-09-29 09:30:00,14677,682123069.7226783
2014-09-29 10:00:00,14935,682123069.7226783
2014-09-29 10:30:00,15392,682123069.7226783
2014-09-29 11:00:00,15147,682123069.7226783
2014-09-29 11:30:00,16345,682123069.7226783
2014-09-29 12:00:00,16382,682123069.7226783
2014-09-29 12:30:00,15798,682123069.7226783
2014-09-29 13:00:00,15584,682123069.7226783
2014-09-29 13:30:00,16544,682123069.7226783
2014-09-29 14:00:00,17377,682123069.7226783
2014-09-29 14:30:00,18345,682123069.7226783
2014-09-29 15:00:00,18004,682123069.7226783
2014-09-29 15:30:00,16863,682123069.7226783
2014-09-29 16:00:00,15714,682123069.7226783
2014-09-29 16:30:00,14743,682123069.7226783
2014-09-29 17:00:00,17579,682123069.7226783
2014-09-29 17:30:00,21604,682123069.7226783
2014-09-29 18:00:00,23120,682123069.7226783
2014-09-29 18:30:00,22717,682123069.7226783
2014-09-29 19:00:00,22757,682123069.7226783
2014-09-29 19:30:00,22311,682123069.7226783
2014-09-29 20:00:00,21642,682123069.7226783
2014-09-29 20:30:00,20568,682123069.7226783
2014-09-29 21:00:00,19969,682123069.7226783
2014-09-29 21:30:00,19484,682123069.7226783
2014-09-29 22:00:00,17993,682123069.7226783
2014-09-29 22:30:00,17446,682123069.7226783
2014-09-29 23:00:00,13722,682123069.7226783
2014-09-29 23:30:00,11549,682123069.7226783
2014-09-30 00:00:00,9459,682123069.7226783
2014-09-30 00:30:00,6800,682123069.7226783
2014-09-30 01:00:00,5323,682123069.7226783
2014-09-30 01:30:00,3976,682123069.7226783
2014-09-30 02:00:00,3279,682123069.7226783
2014-09-30 02:30:00,2617,682123069.7226783
2014-09-30 03:00:00,2010,682123069.7226783
2014-09-30 03:30:00,1853,682123069.7226783
2014-09-30 04:00:00,2150,682123069.7226783
2014-09-30 04:30:00,2019,682123069.7226783
2014-09-30 05:00:00,2414,682123069.7226783
2014-09-30 05:30:00,4193,682123069.7226783
2014-09-30 06:00:00,6473,682123069.7226783
2014-09-30 06:30:00,11500,682123069.7226783
2014-09-30 07:00:00,14892,682123069.7226783
2014-09-30 07:30:00,19148,682123069.7226783
2014-09-30 08:00:00,19942,682123069.7226783
2014-09-30 08:30:00,19874,682123069.7226783
2014-09-30 09:00:00,18453,682123069.7226783
2014-09-30 09:30:00,18316,682123069.7226783
2014-09-30 10:00:00,16768,682123069.7226783
2014-09-30 10:30:00,16430,682123069.7226783
2014-09-30 11:00:00,16035,682123069.7226783
2014-09-30 11:30:00,17493,682123069.7226783
2014-09-30 12:00:00,17298,682123069.7226783
2014-09-30 12:30:00,16790,682123069.7226783
2014-09-30 13:00:00,15966,682123069.7226783
2014-09-30 13:30:00,17428,682123069.7226783
2014-09-30 14:00:00,18268,682123069.7226783
2014-09-30 14:30:00,18462,682123069.7226783
2014-09-30 15:00:00,18361,682123069.7226783
2014-09-30 15:30:00,16495,682123069.7226783
2014-09-30 16:00:00,14614,682123069.7226783
2014-09-30 16:30:00,14124,682123069.7226783
2014-09-30 17:00:00,17230,682123069.7226783
2014-09-30 17:30:00,20123,682123069.7226783
2014-09-30 18:00:00,22947,682123069.7226783
2014-09-30 18:30:00,23715,682123069.7226783
2014-09-30 19:00:00,24428,682123069.7226783
2014-09-30 19:30:00,24482,682123069.7226783
2014-09-30 20:00:00,24208,682123069.7226783
2014-09-30 20:30:00,23513,682123069.7226783
2014-09-30 21:00:00,24049,682123069.7226783
2014-09-30 21:30:00,23634,682123069.7226783
2014-09-30 22:00:00,22175,682123069.7226783
2014-09-30 22:30:00,20697,682123069.7226783
2014-09-30 23:00:00,17890,682123069.7226783
2014-09-30 23:30:00,15516,682123069.7226783
2014-10-01 00:00:00,12751,682123069.7226783
2014-10-01 00:30:00,8767,682123069.7226783
2014-10-01 01:00:00,7005,682123069.7226783
2014-10-01 01:30:00,5257,682123069.7226783
2014-10-01 02:00:00,4189,682123069.7226783
2014-10-01 02:30:00,3236,682123069.7226783
2014-10-01 03:00:00,2817,682123069.7226783
2014-10-01 03:30:00,2527,682123069.7226783
2014-10-01 04:00:00,2406,682123069.7226783
2014-10-01 04:30:00,1961,682123069.7226783
2014-10-01 05:00:00,2478,682123069.7226783
2014-10-01 05:30:00,4483,682123069.7226783
2014-10-01 06:00:00,7002,682123069.7226783
2014-10-01 06:30:00,11917,682123069.7226783
2014-10-01 07:00:00,15929,682123069.7226783
2014-10-01 07:30:00,20327,682123069.7226783
2014-10-01 08:00:00,20974,682123069.7226783
2014-10-01 08:30:00,20999,682123069.7226783
2014-10-01 09:00:00,19639,682123069.7226783
2014-10-01 09:30:00,19221,682123069.7226783
2014-10-01 10:00:00,17308,682123069.7226783
2014-10-01 10:30:00,17140,682123069.7226783
2014-10-01 11:00:00,16773,682123069.7226783
2014-10-01 11:30:00,19397,682123069.7226783
2014-10-01 12:00:00,18697,682123069.7226783
2014-10-01 12:30:00,18042,682123069.7226783
2014-10-01 13:00:00,17332,682123069.7226783
2014-10-01 13:30:00,17585,682123069.7226783
2014-10-01 14:00:00,18263,682123069.7226783
2014-10-01 14:30:00,18842,682123069.7226783
2014-10-01 15:00:00,18583,682123069.7226783
2014-10-01 15:30:00,17301,682123069.7226783
2014-10-01 16:00:00,15060,682123069.7226783
2014-10-01 16:30:00,14201,682123069.7226783
2014-10-01 17:00:00,16655,682123069.7226783
2014-10-01 17:30:00,19964,682123069.7226783
2014-10-01 18:00:00,22960,682123069.7226783
2014-10-01 18:30:00,23759,682123069.7226783
2014-10-01 19:00:00,25024,682123069.7226783
2014-10-01 19:30:00,25414,682123069.7226783
2014-10-01 20:00:00,24917,682123069.7226783
2014-10-01 20:30:00,24348,682123069.7226783
2014-10-01 21:00:00,24248,682123069.7226783
2014-10-01 21:30:00,24669,682123069.7226783
2014-10-01 22:00:00,23132,682123069.7226783
2014-10-01 22:30:00,22753,682123069.7226783
2014-10-01 23:00:00,20371,682123069.7226783
2014-10-01 23:30:00,17313,682123069.7226783
2014-10-02 00:00:00,13534,682123069.7226783
2014-10-02 00:30:00,10485,682123069.7226783
2014-10-02 01:00:00,7944,682123069.7226783
2014-10-02 01:30:00,6030,682123069.7226783
2014-10-02 02:00:00,4867,682123069.7226783
2014-10-02 02:30:00,3812,682123069.7226783
2014-10-02 03:00:00,3251,682123069.7226783
2014-10-02 03:30:00,2738,682123069.7226783
2014-10-02 04:00:00,2755,682123069.7226783
2014-10-02 04:30:00,2221,682123069.7226783
2014-10-02 05:00:00,2363,682123069.7226783
2014-10-02 05:30:00,4351,682123069.7226783
2014-10-02 06:00:00,6835,682123069.7226783
2014-10-02 06:30:00,11982,682123069.7226783
2014-10-02 07:00:00,15844,682123069.7226783
2014-10-02 07:30:00,19853,682123069.7226783
2014-10-02 08:00:00,20187,682123069.7226783
2014-10-02 08:30:00,20480,682123069.7226783
2014-10-02 09:00:00,19531,682123069.7226783
2014-10-02 09:30:00,18873,682123069.7226783
2014-10-02 10:00:00,17534,682123069.7226783
2014-10-02 10:30:00,17803,682123069.7226783
2014-10-02 11:00:00,16994,682123069.7226783
2014-10-02 11:30:00,18149,682123069.7226783
2014-10-02 12:00:00,18251,682123069.7226783
2014-10-02 12:30:00,17723,682123069.7226783
2014-10-02 13:00:00,17104,682123069.7226783
2014-10-02 13:30:00,18124,682123069.7226783
2014-10-02 14:00:00,18680,682123069.7226783
2014-10-02 14:30:00,19364,682123069.7226783
2014-10-02 15:00:00,19044,682123069.7226783
2014-10-02 15:30:00,16883,682123069.7226783
2014-10-02 16:00:00,14389,682123069.7226783
2014-10-02 16:30:00,13866,682123069.7226783
2014-10-02 17:00:00,17005,682123069.7226783
2014-10-02 17:30:00,20674,682123069.7226783
2014-10-02 18:00:00,22678,682123069.7226783
2014-10-02 18:30:00,23225,682123069.7226783
2014-10-02 19:00:00,25012,682123069.7226783
2014-10-02 19:30:00,25574,682123069.7226783
2014-10-02 20:00:00,25301,682123069.7226783
2014-10-02 20:30:00,25391,682123069.7226783
2014-10-02 21:00:00,25520,682123069.7226783
2014-10-02 21:30:00,25582,682123069.7226783
2014-10-02 22:00:00,24848,682123069.7226783
2014-10-02 22:30:00,24100,682123069.7226783
2014-10-02 23:00:00,23336,682123069.7226783
2014-10-02 23:30:00,21549,682123069.7226783
2014-10-03 00:00:00,18003,682123069.7226783
2014-10-03 00:30:00,15266,682123069.7226783
2014-10-03 01:00:00,12130,682123069.7226783
2014-10-03 01:30:00,9847,682123069.7226783
2014-10-03 02:00:00,8022,682123069.7226783
2014-10-03 02:30:00,6508,682123069.7226783
2014-10-03 03:00:00,5309,682123069.7226783
2014-10-03 03:30:00,4339,682123069.7226783
2014-10-03 04:00:00,4202,682123069.7226783
2014-10-03 04:30:00,3358,682123069.7226783
2014-10-03 05:00:00,3083,682123069.7226783
2014-10-03 05:30:00,4391,682123069.7226783
2014-10-03 06:00:00,6769,682123069.7226783
2014-10-03 06:30:00,11309,682123069.7226783
2014-10-03 07:00:00,14866,682123069.7226783
2014-10-03 07:30:00,18942,682123069.7226783
2014-10-03 08:00:00,19693,682123069.7226783
2014-10-03 08:30:00,19776,682123069.7226783
2014-10-03 09:00:00,19309,682123069.7226783
2014-10-03 09:30:00,18801,682123069.7226783
2014-10-03 10:00:00,17108,682123069.7226783
2014-10-03 10:30:00,16952,682123069.7226783
2014-10-03 11:00:00,17108,682123069.7226783
2014-10-03 11:30:00,17927,682123069.7226783
2014-10-03 12:00:00,18426,682123069.7226783
2014-10-03 12:30:00,17340,682123069.7226783
2014-10-03 13:00:00,17150,682123069.7226783
2014-10-03 13:30:00,17581,682123069.7226783
2014-10-03 14:00:00,18924,682123069.7226783
2014-10-03 14:30:00,19602,682123069.7226783
2014-10-03 15:00:00,18893,682123069.7226783
2014-10-03 15:30:00,16691,682123069.7226783
2014-10-03 16:00:00,15332,682123069.7226783
2014-10-03 16:30:00,14661,682123069.7226783
2014-10-03 17:00:00,18110,682123069.7226783
2014-10-03 17:30:00,22624,682123069.7226783
2014-10-03 18:00:00,25209,682123069.7226783
2014-10-03 18:30:00,24975,682123069.7226783
2014-10-03 19:00:00,26477,682123069.7226783
2014-10-03 19:30:00,27165,682123069.7226783
2014-10-03 20:00:00,25960,682123069.7226783
2014-10-03 20:30:00,25435,682123069.7226783
2014-10-03 21:00:00,24847,682123069.7226783
2014-10-03 21:30:00,25174,682123069.7226783
2014-10-03 22:00:00,25419,682123069.7226783
2014-10-03 22:30:00,25904,682123069.7226783
2014-10-03 23:00:00,24543,682123069.7226783
2014-10-03 23:30:00,24513,682123069.7226783
2014-10-04 00:00:00,23316,682123069.7226783
2014-10-04 00:30:00,22311,682123069.7226783
2014-10-04 01:00:00,20470,682123069.7226783
2014-10-04 01:30:00,18629,682123069.7226783
2014-10-04 02:00:00,17120,682123069.7226783
2014-10-04 02:30:00,15544,682123069.7226783
2014-10-04 03:00:00,14012,682123069.7226783
2014-10-04 03:30:00,11425,682123069.7226783
2014-10-04 04:00:00,9541,682123069.7226783
2014-10-04 04:30:00,5912,682123069.7226783
2014-10-04 05:00:00,3832,682123069.7226783
2014-10-04 05:30:00,3230,682123069.7226783
2014-10-04 06:00:00,3425,682123069.7226783
2014-10-04 06:30:00,4159,682123069.7226783
2014-10-04 07:00:00,4720,682123069.7226783
2014-10-04 07:30:00,5848,682123069.7226783
2014-10-04 08:00:00,6901,682123069.7226783
2014-10-04 08:30:00,9611,682123069.7226783
2014-10-04 09:00:00,11626,682123069.7226783
2014-10-04 09:30:00,14814,682123069.7226783
2014-10-04 10:00:00,16839,682123069.7226783
2014-10-04 10:30:00,18245,682123069.7226783
2014-10-04 11:00:00,18230,682123069.7226783
2014-10-04 11:30:00,18322,682123069.7226783
2014-10-04 12:00:00,18541,682123069.7226783
2014-10-04 12:30:00,18062,682123069.7226783
2014-10-04 13:00:00,18008,682123069.7226783
2014-10-04 13:30:00,18784,682123069.7226783
2014-10-04 14:00:00,17708,682123069.7226783
2014-10-04 14:30:00,17998,682123069.7226783
2014-10-04 15:00:00,18033,682123069.7226783
2014-10-04 15:30:00,17851,682123069.7226783
2014-10-04 16:00:00,17046,682123069.7226783
2014-10-04 16:30:00,17241,682123069.7226783
2014-10-04 17:00:00,19295,682123069.7226783
2014-10-04 17:30:00,21740,682123069.7226783
2014-10-04 18:00:00,22729,682123069.7226783
2014-10-04 18:30:00,23854,682123069.7226783
2014-10-04 19:00:00,25857,682123069.7226783
2014-10-04 19:30:00,26490,682123069.7226783
2014-10-04 20:00:00,24115,682123069.7226783
2014-10-04 20:30:00,23384,682123069.7226783
2014-10-04 21:00:00,23515,682123069.7226783
2014-10-04 21:30:00,24476,682123069.7226783
2014-10-04 22:00:00,24455,682123069.7226783
2014-10-04 22:30:00,25474,682123069.7226783
2014-10-04 23:00:00,25811,682123069.7226783
2014-10-04 23:30:00,25847,682123069.7226783
2014-10-05 00:00:00,25224,682123069.7226783
2014-10-05 00:30:00,23248,682123069.7226783
2014-10-05 01:00:00,22772,682123069.7226783
2014-10-05 01:30:00,20671,682123069.7226783
2014-10-05 02:00:00,19208,682123069.7226783
2014-10-05 02:30:00,17300,682123069.7226783
2014-10-05 03:00:00,15260,682123069.7226783
2014-10-05 03:30:00,12970,682123069.7226783
2014-10-05 04:00:00,11168,682123069.7226783
2014-10-05 04:30:00,6678,682123069.7226783
2014-10-05 05:00:00,4321,682123069.7226783
2014-10-05 05:30:00,3259,682123069.7226783
2014-10-05 06:00:00,3277,682123069.7226783
2014-10-05 06:30:00,4072,682123069.7226783
2014-10-05 07:00:00,4566,682123069.7226783
2014-10-05 07:30:00,5973,682123069.7226783
2014-10-05 08:00:00,7209,682123069.7226783
2014-10-05 08:30:00,8999,682123069.7226783
2014-10-05 09:00:00,10669,682123069.7226783
2014-10-05 09:30:00,12678,682123069.7226783
2014-10-05 10:00:00,14511,682123069.7226783
2014-10-05 10:30:00,16953,682123069.7226783
2014-10-05 11:00:00,17817,682123069.7226783
2014-10-05 11:30:00,18894,682123069.7226783
2014-10-05 12:00:00,18505,682123069.7226783
2014-10-05 12:30:00,19227,682123069.7226783
2014-10-05 13:00:00,18361,682123069.7226783
2014-10-05 13:30:00,18014,682123069.7226783
2014-10-05 14:00:00,17486,682123069.7226783
2014-10-05 14:30:00,17816,682123069.7226783
2014-10-05 15:00:00,17364,682123069.7226783
2014-10-05 15:30:00,16871,682123069.7226783
2014-10-05 16:00:00,15497,682123069.7226783
2014-10-05 16:30:00,15185,682123069.7226783
2014-10-05 17:00:00,16114,682123069.7226783
2014-10-05 17:30:00,18312,682123069.7226783
2014-10-05 18:00:00,19793,682123069.7226783
2014-10-05 18:30:00,19706,682123069.7226783
2014-10-05 19:00:00,20198,682123069.7226783
2014-10-05 19:30:00,19790,682123069.7226783
2014-10-05 20:00:00,18192,682123069.7226783
2014-10-05 20:30:00,17701,682123069.7226783
2014-10-05 21:00:00,16484,682123069.7226783
2014-10-05 21:30:00,16626,682123069.7226783
2014-10-05 22:00:00,14889,682123069.7226783
2014-10-05 22:30:00,14114,682123069.7226783
2014-10-05 23:00:00,11870,682123069.7226783
2014-10-05 23:30:00,10041,682123069.7226783
2014-10-06 00:00:00,7997,682123069.7226783
2014-10-06 00:30:00,5689,682123069.7226783
2014-10-06 01:00:00,4351,682123069.7226783
2014-10-06 01:30:00,3348,682123069.7226783
2014-10-06 02:00:00,2809,682123069.7226783
2014-10-06 02:30:00,2193,682123069.7226783
2014-10-06 03:00:00,1752,682123069.7226783
2014-10-06 03:30:00,1731,682123069.7226783
2014-10-06 04:00:00,1994,682123069.7226783
2014-10-06 04:30:00,2178,682123069.7226783
2014-10-06 05:00:00,2787,682123069.7226783
2014-10-06 05:30:00,4578,682123069.7226783
2014-10-06 06:00:00,6816,682123069.7226783
2014-10-06 06:30:00,11243,682123069.7226783
2014-10-06 07:00:00,14265,682123069.7226783
2014-10-06 07:30:00,17395,682123069.7226783
2014-10-06 08:00:00,18327,682123069.7226783
2014-10-06 08:30:00,17729,682123069.7226783
2014-10-06 09:00:00,17870,682123069.7226783
2014-10-06 09:30:00,16982,682123069.7226783
2014-10-06 10:00:00,15335,682123069.7226783
2014-10-06 10:30:00,15998,682123069.7226783
2014-10-06 11:00:00,15414,682123069.7226783
2014-10-06 11:30:00,16233,682123069.7226783
2014-10-06 12:00:00,16499,682123069.7226783
2014-10-06 12:30:00,16380,682123069.7226783
2014-10-06 13:00:00,15414,682123069.7226783
2014-10-06 13:30:00,16720,682123069.7226783
2014-10-06 14:00:00,17137,682123069.7226783
2014-10-06 14:30:00,18046,682123069.7226783
2014-10-06 15:00:00,18110,682123069.7226783
2014-10-06 15:30:00,17087,682123069.7226783
2014-10-06 16:00:00,15794,682123069.7226783
2014-10-06 16:30:00,15965,682123069.7226783
2014-10-06 17:00:00,18732,682123069.7226783
2014-10-06 17:30:00,21107,682123069.7226783
2014-10-06 18:00:00,23450,682123069.7226783
2014-10-06 18:30:00,24200,682123069.7226783
2014-10-06 19:00:00,24518,682123069.7226783
2014-10-06 19:30:00,23704,682123069.7226783
2014-10-06 20:00:00,22112,682123069.7226783
2014-10-06 20:30:00,20986,682123069.7226783
2014-10-06 21:00:00,21032,682123069.7226783
2014-10-06 21:30:00,19963,682123069.7226783
2014-10-06 22:00:00,18986,682123069.7226783
2014-10-06 22:30:00,17125,682123069.7226783
2014-10-06 23:00:00,15528,682123069.7226783
2014-10-06 23:30:00,11610,682123069.7226783
2014-10-07 00:00:00,9469,682123069.7226783
2014-10-07 00:30:00,6605,682123069.7226783
2014-10-07 01:00:00,5283,682123069.7226783
2014-10-07 01:30:00,4152,682123069.7226783
2014-10-07 02:00:00,3319,682123069.7226783
2014-10-07 02:30:00,2432,682123069.7226783
2014-10-07 03:00:00,1968,682123069.7226783
2014-10-07 03:30:00,1769,682123069.7226783
2014-10-07 04:00:00,2018,682123069.7226783
2014-10-07 04:30:00,1933,682123069.7226783
2014-10-07 05:00:00,2240,682123069.7226783
2014-10-07 05:30:00,4305,682123069.7226783
2014-10-07 06:00:00,6719,682123069.7226783
2014-10-07 06:30:00,11392,682123069.7226783
2014-10-07 07:00:00,14960,682123069.7226783
2014-10-07 07:30:00,18975,682123069.7226783
2014-10-07 08:00:00,19602,682123069.7226783
2014-10-07 08:30:00,19572,682123069.7226783
2014-10-07 09:00:00,18772,682123069.7226783
2014-10-07 09:30:00,17757,682123069.7226783
2014-10-07 10:00:00,16706,682123069.7226783
2014-10-07 10:30:00,16601,682123069.7226783
2014-10-07 11:00:00,15673,682123069.7226783
2014-10-07 11:30:00,16929,682123069.7226783
2014-10-07 12:00:00,17435,682123069.7226783
2014-10-07 12:30:00,16953,682123069.7226783
2014-10-07 13:00:00,16417,682123069.7226783
2014-10-07 13:30:00,17022,682123069.7226783
2014-10-07 14:00:00,17540,682123069.7226783
2014-10-07 14:30:00,18417,682123069.7226783
2014-10-07 15:00:00,18698,682123069.7226783
2014-10-07 15:30:00,16193,682123069.7226783
2014-10-07 16:00:00,14544,682123069.7226783
2014-10-07 16:30:00,13864,682123069.7226783
2014-10-07 17:00:00,17041,682123069.7226783
2014-10-07 17:30:00,20434,682123069.7226783
2014-10-07 18:00:00,23029,682123069.7226783
2014-10-07 18:30:00,23711,682123069.7226783
2014-10-07 19:00:00,24817,682123069.7226783
2014-10-07 19:30:00,24933,682123069.7226783
2014-10-07 20:00:00,24002,682123069.7226783
2014-10-07 20:30:00,23651,682123069.7226783
2014-10-07 21:00:00,23764,682123069.7226783
2014-10-07 21:30:00,23224,682123069.7226783
2014-10-07 22:00:00,22020,682123069.7226783
2014-10-07 22:30:00,22214,682123069.7226783
2014-10-07 23:00:00,21446,682123069.7226783
2014-10-07 23:30:00,15974,682123069.7226783
2014-10-08 00:00:00,12484,682123069.7226783
2014-10-08 00:30:00,9130,682123069.7226783
2014-10-08 01:00:00,6693,682123069.7226783
2014-10-08 01:30:00,5333,682123069.7226783
2014-10-08 02:00:00,3820,682123069.7226783
2014-10-08 02:30:00,3065,682123069.7226783
2014-10-08 03:00:00,2511,682123069.7226783
2014-10-08 03:30:00,2299,682123069.7226783
2014-10-08 04:00:00,2318,682123069.7226783
2014-10-08 04:30:00,2125,682123069.7226783
2014-10-08 05:00:00,2484,682123069.7226783
2014-10-08 05:30:00,4358,682123069.7226783
2014-10-08 06:00:00,6790,682123069.7226783
2014-10-08 06:30:00,11660,682123069.7226783
2014-10-08 07:00:00,15780,682123069.7226783
2014-10-08 07:30:00,19516,682123069.7226783
2014-10-08 08:00:00,20307,682123069.7226783
2014-10-08 08:30:00,19954,682123069.7226783
2014-10-08 09:00:00,18254,682123069.7226783
2014-10-08 09:30:00,18010,682123069.7226783
2014-10-08 10:00:00,17206,682123069.7226783
2014-10-08 10:30:00,17213,682123069.7226783
2014-10-08 11:00:00,16691,682123069.7226783
2014-10-08 11:30:00,18259,682123069.7226783
2014-10-08 12:00:00,18151,682123069.7226783
2014-10-08 12:30:00,17555,682123069.7226783
2014-10-08 13:00:00,16944,682123069.7226783
2014-10-08 13:30:00,17728,682123069.7226783
2014-10-08 14:00:00,18074,682123069.7226783
2014-10-08 14:30:00,18993,682123069.7226783
2014-10-08 15:00:00,18695,682123069.7226783
2014-10-08 15:30:00,17191,682123069.7226783
2014-10-08 16:00:00,15023,682123069.7226783
2014-10-08 16:30:00,14164,682123069.7226783
2014-10-08 17:00:00,17004,682123069.7226783
2014-10-08 17:30:00,20361,682123069.7226783
2014-10-08 18:00:00,23633,682123069.7226783
2014-10-08 18:30:00,24661,682123069.7226783
2014-10-08 19:00:00,25754,682123069.7226783
2014-10-08 19:30:00,25671,682123069.7226783
2014-10-08 20:00:00,25156,682123069.7226783
2014-10-08 20:30:00,24961,682123069.7226783
2014-10-08 21:00:00,24938,682123069.7226783
2014-10-08 21:30:00,24851,682123069.7226783
2014-10-08 22:00:00,24683,682123069.7226783
2014-10-08 22:30:00,23411,682123069.7226783
2014-10-08 23:00:00,20599,682123069.7226783
2014-10-08 23:30:00,17147,682123069.7226783
2014-10-09 00:00:00,13602,682123069.7226783
2014-10-09 00:30:00,10452,682123069.7226783
2014-10-09 01:00:00,7836,682123069.7226783
2014-10-09 01:30:00,6040,682123069.7226783
2014-10-09 02:00:00,4981,682123069.7226783
2014-10-09 02:30:00,3613,682123069.7226783
2014-10-09 03:00:00,2923,682123069.7226783
2014-10-09 03:30:00,2632,682123069.7226783
2014-10-09 04:00:00,2912,682123069.7226783
2014-10-09 04:30:00,2577,682123069.7226783
2014-10-09 05:00:00,2921,682123069.7226783
2014-10-09 05:30:00,4679,682123069.7226783
2014-10-09 06:00:00,6693,682123069.7226783
2014-10-09 06:30:00,12140,682123069.7226783
2014-10-09 07:00:00,15534,682123069.7226783
2014-10-09 07:30:00,19974,682123069.7226783
2014-10-09 08:00:00,20533,682123069.7226783
2014-10-09 08:30:00,19988,682123069.7226783
2014-10-09 09:00:00,19239,682123069.7226783
2014-10-09 09:30:00,18788,682123069.7226783
2014-10-09 10:00:00,17934,682123069.7226783
2014-10-09 10:30:00,18048,682123069.7226783
2014-10-09 11:00:00,17415,682123069.7226783
2014-10-09 11:30:00,18292,682123069.7226783
2014-10-09 12:00:00,18506,682123069.7226783
2014-10-09 12:30:00,18180,682123069.7226783
2014-10-09 13:00:00,17401,682123069.7226783
2014-10-09 13:30:00,18973,682123069.7226783
2014-10-09 14:00:00,19361,682123069.7226783
2014-10-09 14:30:00,19722,682123069.7226783
2014-10-09 15:00:00,19572,682123069.7226783
2014-10-09 15:30:00,17500,682123069.7226783
2014-10-09 16:00:00,15213,682123069.7226783
2014-10-09 16:30:00,14457,682123069.7226783
2014-10-09 17:00:00,17736,682123069.7226783
2014-10-09 17:30:00,21319,682123069.7226783
2014-10-09 18:00:00,23270,682123069.7226783
2014-10-09 18:30:00,24892,682123069.7226783
2014-10-09 19:00:00,26555,682123069.7226783
2014-10-09 19:30:00,26743,682123069.7226783
2014-10-09 20:00:00,26376,682123069.7226783
2014-10-09 20:30:00,26311,682123069.7226783
2014-10-09 21:00:00,26179,682123069.7226783
2014-10-09 21:30:00,26774,682123069.7226783
2014-10-09 22:00:00,26449,682123069.7226783
2014-10-09 22:30:00,25459,682123069.7226783
2014-10-09 23:00:00,23927,682123069.7226783
2014-10-09 23:30:00,21851,682123069.7226783
2014-10-10 00:00:00,18756,682123069.7226783
2014-10-10 00:30:00,14990,682123069.7226783
2014-10-10 01:00:00,13865,682123069.7226783
2014-10-10 01:30:00,10263,682123069.7226783
2014-10-10 02:00:00,7873,682123069.7226783
2014-10-10 02:30:00,6480,682123069.7226783
2014-10-10 03:00:00,5094,682123069.7226783
2014-10-10 03:30:00,4217,682123069.7226783
2014-10-10 04:00:00,4289,682123069.7226783
2014-10-10 04:30:00,3640,682123069.7226783
2014-10-10 05:00:00,3376,682123069.7226783
2014-10-10 05:30:00,5145,682123069.7226783
2014-10-10 06:00:00,7144,682123069.7226783
2014-10-10 06:30:00,11739,682123069.7226783
2014-10-10 07:00:00,15197,682123069.7226783
2014-10-10 07:30:00,19716,682123069.7226783
2014-10-10 08:00:00,20851,682123069.7226783
2014-10-10 08:30:00,20463,682123069.7226783
2014-10-10 09:00:00,19658,682123069.7226783
2014-10-10 09:30:00,19287,682123069.7226783
2014-10-10 10:00:00,17986,682123069.7226783
2014-10-10 10:30:00,17776,682123069.7226783
2014-10-10 11:00:00,17735,682123069.7226783
2014-10-10 11:30:00,18716,682123069.7226783
2014-10-10 12:00:00,19032,682123069.7226783
2014-10-10 12:30:00,17702,682123069.7226783
2014-10-10 13:00:00,17023,682123069.7226783
2014-10-10 13:30:00,18352,682123069.7226783
2014-10-10 14:00:00,19791,682123069.7226783
2014-10-10 14:30:00,20131,682123069.7226783
2014-10-10 15:00:00,18645,682123069.7226783
2014-10-10 15:30:00,16572,682123069.7226783
2014-10-10 16:00:00,14736,682123069.7226783
2014-10-10 16:30:00,13731,682123069.7226783
2014-10-10 17:00:00,17166,682123069.7226783
2014-10-10 17:30:00,20392,682123069.7226783
2014-10-10 18:00:00,22838,682123069.7226783
2014-10-10 18:30:00,23791,682123069.7226783
2014-10-10 19:00:00,25914,682123069.7226783
2014-10-10 19:30:00,26355,682123069.7226783
2014-10-10 20:00:00,25656,682123069.7226783
2014-10-10 20:30:00,25449,682123069.7226783
2014-10-10 21:00:00,25448,682123069.7226783
2014-10-10 21:30:00,25823,682123069.7226783
2014-10-10 22:00:00,25813,682123069.7226783
2014-10-10 22:30:00,26407,682123069.7226783
2014-10-10 23:00:00,26898,682123069.7226783
2014-10-10 23:30:00,26587,682123069.7226783
2014-10-11 00:00:00,25257,682123069.7226783
2014-10-11 00:30:00,23717,682123069.7226783
2014-10-11 01:00:00,22541,682123069.7226783
2014-10-11 01:30:00,19773,682123069.7226783
2014-10-11 02:00:00,19652,682123069.7226783
2014-10-11 02:30:00,16294,682123069.7226783
2014-10-11 03:00:00,13968,682123069.7226783
2014-10-11 03:30:00,12000,682123069.7226783
2014-10-11 04:00:00,10432,682123069.7226783
2014-10-11 04:30:00,6402,682123069.7226783
2014-10-11 05:00:00,4443,682123069.7226783
2014-10-11 05:30:00,3481,682123069.7226783
2014-10-11 06:00:00,3971,682123069.7226783
2014-10-11 06:30:00,5191,682123069.7226783
2014-10-11 07:00:00,6434,682123069.7226783
2014-10-11 07:30:00,8435,682123069.7226783
2014-10-11 08:00:00,10255,682123069.7226783
2014-10-11 08:30:00,13847,682123069.7226783
2014-10-11 09:00:00,14970,682123069.7226783
2014-10-11 09:30:00,18403,682123069.7226783
2014-10-11 10:00:00,19338,682123069.7226783
2014-10-11 10:30:00,21107,682123069.7226783
2014-10-11 11:00:00,20821,682123069.7226783
2014-10-11 11:30:00,21854,682123069.7226783
2014-10-11 12:00:00,21813,682123069.7226783
2014-10-11 12:30:00,22250,682123069.7226783
2014-10-11 13:00:00,21450,682123069.7226783
2014-10-11 13:30:00,21271,682123069.7226783
2014-10-11 14:00:00,20595,682123069.7226783
2014-10-11 14:30:00,20863,682123069.7226783
2014-10-11 15:00:00,20262,682123069.7226783
2014-10-11 15:30:00,21024,682123069.7226783
2014-10-11 16:00:00,19141,682123069.7226783
2014-10-11 16:30:00,17903,682123069.7226783
2014-10-11 17:00:00,19903,682123069.7226783
2014-10-11 17:30:00,22820,682123069.7226783
2014-10-11 18:00:00,24243,682123069.7226783
2014-10-11 18:30:00,25880,682123069.7226783
2014-10-11 19:00:00,26756,682123069.7226783
2014-10-11 19:30:00,26593,682123069.7226783
2014-10-11 20:00:00,25248,682123069.7226783
2014-10-11 20:30:00,23934,682123069.7226783
2014-10-11 21:00:00,23401,682123069.7226783
2014-10-11 21:30:00,24145,682123069.7226783
2014-10-11 22:00:00,25308,682123069.7226783
2014-10-11 22:30:00,26284,682123069.7226783
2014-10-11 23:00:00,27136,682123069.7226783
2014-10-11 23:30:00,27099,682123069.7226783
2014-10-12 00:00:00,26610,682123069.7226783
2014-10-12 00:30:00,25400,682123069.7226783
2014-10-12 01:00:00,23992,682123069.7226783
2014-10-12 01:30:00,22359,682123069.7226783
2014-10-12 02:00:00,21054,682123069.7226783
2014-10-12 02:30:00,18812,682123069.7226783
2014-10-12 03:00:00,16584,682123069.7226783
2014-10-12 03:30:00,14204,682123069.7226783
2014-10-12 04:00:00,11990,682123069.7226783
2014-10-12 04:30:00,7092,682123069.7226783
2014-10-12 05:00:00,4311,682123069.7226783
2014-10-12 05:30:00,3844,682123069.7226783
2014-10-12 06:00:00,3796,682123069.7226783
2014-10-12 06:30:00,4755,682123069.7226783
2014-10-12 07:00:00,4491,682123069.7226783
2014-10-12 07:30:00,5559,682123069.7226783
2014-10-12 08:00:00,6959,682123069.7226783
2014-10-12 08:30:00,9127,682123069.7226783
2014-10-12 09:00:00,11015,682123069.7226783
2014-10-12 09:30:00,13961,682123069.7226783
2014-10-12 10:00:00,15445,682123069.7226783
2014-10-12 10:30:00,17923,682123069.7226783
2014-10-12 11:00:00,18438,682123069.7226783
2014-10-12 11:30:00,19592,682123069.7226783
2014-10-12 12:00:00,19733,682123069.7226783
2014-10-12 12:30:00,19766,682123069.7226783
2014-10-12 13:00:00,19809,682123069.7226783
2014-10-12 13:30:00,19242,682123069.7226783
2014-10-12 14:00:00,18990,682123069.7226783
2014-10-12 14:30:00,18676,682123069.7226783
2014-10-12 15:00:00,18037,682123069.7226783
2014-10-12 15:30:00,16660,682123069.7226783
2014-10-12 16:00:00,15948,682123069.7226783
2014-10-12 16:30:00,15261,682123069.7226783
2014-10-12 17:00:00,17141,682123069.7226783
2014-10-12 17:30:00,19085,682123069.7226783
2014-10-12 18:00:00,20188,682123069.7226783
2014-10-12 18:30:00,20512,682123069.7226783
2014-10-12 19:00:00,20723,682123069.7226783
2014-10-12 19:30:00,20415,682123069.7226783
2014-10-12 20:00:00,19483,682123069.7226783
2014-10-12 20:30:00,19008,682123069.7226783
2014-10-12 21:00:00,17958,682123069.7226783
2014-10-12 21:30:00,18341,682123069.7226783
2014-10-12 22:00:00,18181,682123069.7226783
2014-10-12 22:30:00,17069,682123069.7226783
2014-10-12 23:00:00,15057,682123069.7226783
2014-10-12 23:30:00,13867,682123069.7226783
2014-10-13 00:00:00,11544,682123069.7226783
2014-10-13 00:30:00,9016,682123069.7226783
2014-10-13 01:00:00,6739,682123069.7226783
2014-10-13 01:30:00,5420,682123069.7226783
2014-10-13 02:00:00,4584,682123069.7226783
2014-10-13 02:30:00,3787,682123069.7226783
2014-10-13 03:00:00,3018,682123069.7226783
2014-10-13 03:30:00,2667,682123069.7226783
2014-10-13 04:00:00,2981,682123069.7226783
2014-10-13 04:30:00,2756,682123069.7226783
2014-10-13 05:00:00,2712,682123069.7226783
2014-10-13 05:30:00,3798,682123069.7226783
2014-10-13 06:00:00,5117,682123069.7226783
2014-10-13 06:30:00,7727,682123069.7226783
2014-10-13 07:00:00,9655,682123069.7226783
2014-10-13 07:30:00,12109,682123069.7226783
2014-10-13 08:00:00,13484,682123069.7226783
2014-10-13 08:30:00,15506,682123069.7226783
2014-10-13 09:00:00,15325,682123069.7226783
2014-10-13 09:30:00,15924,682123069.7226783
2014-10-13 10:00:00,14830,682123069.7226783
2014-10-13 10:30:00,14907,682123069.7226783
2014-10-13 11:00:00,14796,682123069.7226783
2014-10-13 11:30:00,15699,682123069.7226783
2014-10-13 12:00:00,15705,682123069.7226783
2014-10-13 12:30:00,15880,682123069.7226783
2014-10-13 13:00:00,15693,682123069.7226783
2014-10-13 13:30:00,16643,682123069.7226783
2014-10-13 14:00:00,16929,682123069.7226783
2014-10-13 14:30:00,17698,682123069.7226783
2014-10-13 15:00:00,17429,682123069.7226783
2014-10-13 15:30:00,17248,682123069.7226783
2014-10-13 16:00:00,16219,682123069.7226783
2014-10-13 16:30:00,15918,682123069.7226783
2014-10-13 17:00:00,17780,682123069.7226783
2014-10-13 17:30:00,19414,682123069.7226783
2014-10-13 18:00:00,21594,682123069.7226783
2014-10-13 18:30:00,24915,682123069.7226783
2014-10-13 19:00:00,24556,682123069.7226783
2014-10-13 19:30:00,22341,682123069.7226783
2014-10-13 20:00:00,22343,682123069.7226783
2014-10-13 20:30:00,21619,682123069.7226783
2014-10-13 21:00:00,21315,682123069.7226783
2014-10-13 21:30:00,19821,682123069.7226783
2014-10-13 22:00:00,17669,682123069.7226783
2014-10-13 22:30:00,15504,682123069.7226783
2014-10-13 23:00:00,14525,682123069.7226783
2014-10-13 23:30:00,10738,682123069.7226783
2014-10-14 00:00:00,8908,682123069.7226783
2014-10-14 00:30:00,6593,682123069.7226783
2014-10-14 01:00:00,5560,682123069.7226783
2014-10-14 01:30:00,4014,682123069.7226783
2014-10-14 02:00:00,3046,682123069.7226783
2014-10-14 02:30:00,2349,682123069.7226783
2014-10-14 03:00:00,1876,682123069.7226783
2014-10-14 03:30:00,1691,682123069.7226783
2014-10-14 04:00:00,1941,682123069.7226783
2014-10-14 04:30:00,1850,682123069.7226783
2014-10-14 05:00:00,2318,682123069.7226783
2014-10-14 05:30:00,4337,682123069.7226783
2014-10-14 06:00:00,6669,682123069.7226783
2014-10-14 06:30:00,11585,682123069.7226783
2014-10-14 07:00:00,15170,682123069.7226783
2014-10-14 07:30:00,19136,682123069.7226783
2014-10-14 08:00:00,20085,682123069.7226783
2014-10-14 08:30:00,19758,682123069.7226783
2014-10-14 09:00:00,18842,682123069.7226783
2014-10-14 09:30:00,18530,682123069.7226783
2014-10-14 10:00:00,16617,682123069.7226783
2014-10-14 10:30:00,17458,682123069.7226783
2014-10-14 11:00:00,16359,682123069.7226783
2014-10-14 11:30:00,17483,682123069.7226783
2014-10-14 12:00:00,17600,682123069.7226783
2014-10-14 12:30:00,17552,682123069.7226783
2014-10-14 13:00:00,17058,682123069.7226783
2014-10-14 13:30:00,17658,682123069.7226783
2014-10-14 14:00:00,18319,682123069.7226783
2014-10-14 14:30:00,18818,682123069.7226783
2014-10-14 15:00:00,18735,682123069.7226783
2014-10-14 15:30:00,17254,682123069.7226783
2014-10-14 16:00:00,15022,682123069.7226783
2014-10-14 16:30:00,14365,682123069.7226783
2014-10-14 17:00:00,16300,682123069.7226783
2014-10-14 17:30:00,19687,682123069.7226783
2014-10-14 18:00:00,22620,682123069.7226783
2014-10-14 18:30:00,23309,682123069.7226783
2014-10-14 19:00:00,23636,682123069.7226783
2014-10-14 19:30:00,23752,682123069.7226783
2014-10-14 20:00:00,23095,682123069.7226783
2014-10-14 20:30:00,23108,682123069.7226783
2014-10-14 21:00:00,23221,682123069.7226783
2014-10-14 21:30:00,23581,682123069.7226783
2014-10-14 22:00:00,22249,682123069.7226783
2014-10-14 22:30:00,19533,682123069.7226783
2014-10-14 23:00:00,17226,682123069.7226783
2014-10-14 23:30:00,13935,682123069.7226783
2014-10-15 00:00:00,11429,682123069.7226783
2014-10-15 00:30:00,8486,682123069.7226783
2014-10-15 01:00:00,6484,682123069.7226783
2014-10-15 01:30:00,5093,682123069.7226783
2014-10-15 02:00:00,4018,682123069.7226783
2014-10-15 02:30:00,3218,682123069.7226783
2014-10-15 03:00:00,2536,682123069.7226783
2014-10-15 03:30:00,2219,682123069.7226783
2014-10-15 04:00:00,2171,682123069.7226783
2014-10-15 04:30:00,2268,682123069.7226783
2014-10-15 05:00:00,2437,682123069.7226783
2014-10-15 05:30:00,4569,682123069.7226783
2014-10-15 06:00:00,6862,682123069.7226783
2014-10-15 06:30:00,11924,682123069.7226783
2014-10-15 07:00:00,15860,682123069.7226783
2014-10-15 07:30:00,19821,682123069.7226783
2014-10-15 08:00:00,20508,682123069.7226783
2014-10-15 08:30:00,20540,682123069.7226783
2014-10-15 09:00:00,19590,682123069.7226783
2014-10-15 09:30:00,18480,682123069.7226783
2014-10-15 10:00:00,17330,682123069.7226783
2014-10-15 10:30:00,18508,682123069.7226783
2014-10-15 11:00:00,17354,682123069.7226783
2014-10-15 11:30:00,18552,682123069.7226783
2014-10-15 12:00:00,18241,682123069.7226783
2014-10-15 12:30:00,18475,682123069.7226783
2014-10-15 13:00:00,17939,682123069.7226783
2014-10-15 13:30:00,18398,682123069.7226783
2014-10-15 14:00:00,18875,682123069.7226783
2014-10-15 14:30:00,19559,682123069.7226783
2014-10-15 15:00:00,19133,682123069.7226783
2014-10-15 15:30:00,16816,682123069.7226783
2014-10-15 16:00:00,14757,682123069.7226783
2014-10-15 16:30:00,14470,682123069.7226783
2014-10-15 17:00:00,17800,682123069.7226783
2014-10-15 17:30:00,21127,682123069.7226783
2014-10-15 18:00:00,22269,682123069.7226783
2014-10-15 18:30:00,22819,682123069.7226783
2014-10-15 19:00:00,23582,682123069.7226783
2014-10-15 19:30:00,26273,682123069.7226783
2014-10-15 20:00:00,25338,682123069.7226783
2014-10-15 20:30:00,24021,682123069.7226783
2014-10-15 21:00:00,26163,682123069.7226783
2014-10-15 21:30:00,23839,682123069.7226783
2014-10-15 22:00:00,22608,682123069.7226783
2014-10-15 22:30:00,24886,682123069.7226783
2014-10-15 23:00:00,20128,682123069.7226783
2014-10-15 23:30:00,16180,682123069.7226783
2014-10-16 00:00:00,13302,682123069.7226783
2014-10-16 00:30:00,10509,682123069.7226783
2014-10-16 01:00:00,8241,682123069.7226783
2014-10-16 01:30:00,5536,682123069.7226783
2014-10-16 02:00:00,4664,682123069.7226783
2014-10-16 02:30:00,3460,682123069.7226783
2014-10-16 03:00:00,2799,682123069.7226783
2014-10-16 03:30:00,2730,682123069.7226783
2014-10-16 04:00:00,2801,682123069.7226783
2014-10-16 04:30:00,2511,682123069.7226783
2014-10-16 05:00:00,2670,682123069.7226783
2014-10-16 05:30:00,4767,682123069.7226783
2014-10-16 06:00:00,7096,682123069.7226783
2014-10-16 06:30:00,12556,682123069.7226783
2014-10-16 07:00:00,16431,682123069.7226783
2014-10-16 07:30:00,21581,682123069.7226783
2014-10-16 08:00:00,21355,682123069.7226783
2014-10-16 08:30:00,21573,682123069.7226783
2014-10-16 09:00:00,20390,682123069.7226783
2014-10-16 09:30:00,20452,682123069.7226783
2014-10-16 10:00:00,19678,682123069.7226783
2014-10-16 10:30:00,18801,682123069.7226783
2014-10-16 11:00:00,17223,682123069.7226783
2014-10-16 11:30:00,18249,682123069.7226783
2014-10-16 12:00:00,17691,682123069.7226783
2014-10-16 12:30:00,17052,682123069.7226783
2014-10-16 13:00:00,16783,682123069.7226783
2014-10-16 13:30:00,18392,682123069.7226783
2014-10-16 14:00:00,18593,682123069.7226783
2014-10-16 14:30:00,19364,682123069.7226783
2014-10-16 15:00:00,19176,682123069.7226783
2014-10-16 15:30:00,16795,682123069.7226783
2014-10-16 16:00:00,15293,682123069.7226783
2014-10-16 16:30:00,14922,682123069.7226783
2014-10-16 17:00:00,17899,682123069.7226783
2014-10-16 17:30:00,21758,682123069.7226783
2014-10-16 18:00:00,24169,682123069.7226783
2014-10-16 18:30:00,24615,682123069.7226783
2014-10-16 19:00:00,26370,682123069.7226783
2014-10-16 19:30:00,26990,682123069.7226783
2014-10-16 20:00:00,26168,682123069.7226783
2014-10-16 20:30:00,25449,682123069.7226783
2014-10-16 21:00:00,25994,682123069.7226783
2014-10-16 21:30:00,27115,682123069.7226783
2014-10-16 22:00:00,26191,682123069.7226783
2014-10-16 22:30:00,25146,682123069.7226783
2014-10-16 23:00:00,24371,682123069.7226783
2014-10-16 23:30:00,23771,682123069.7226783
2014-10-17 00:00:00,19268,682123069.7226783
2014-10-17 00:30:00,15623,682123069.7226783
2014-10-17 01:00:00,12595,682123069.7226783
2014-10-17 01:30:00,10224,682123069.7226783
2014-10-17 02:00:00,7941,682123069.7226783
2014-10-17 02:30:00,6678,682123069.7226783
2014-10-17 03:00:00,5182,682123069.7226783
2014-10-17 03:30:00,4502,682123069.7226783
2014-10-17 04:00:00,4316,682123069.7226783
2014-10-17 04:30:00,3512,682123069.7226783
2014-10-17 05:00:00,3174,682123069.7226783
2014-10-17 05:30:00,4771,682123069.7226783
2014-10-17 06:00:00,6557,682123069.7226783
2014-10-17 06:30:00,11929,682123069.7226783
2014-10-17 07:00:00,14950,682123069.7226783
2014-10-17 07:30:00,19835,682123069.7226783
2014-10-17 08:00:00,20149,682123069.7226783
2014-10-17 08:30:00,19998,682123069.7226783
2014-10-17 09:00:00,19310,682123069.7226783
2014-10-17 09:30:00,18601,682123069.7226783
2014-10-17 10:00:00,17567,682123069.7226783
2014-10-17 10:30:00,17890,682123069.7226783
2014-10-17 11:00:00,17470,682123069.7226783
2014-10-17 11:30:00,18557,682123069.7226783
2014-10-17 12:00:00,18944,682123069.7226783
2014-10-17 12:30:00,17922,682123069.7226783
2014-10-17 13:00:00,17627,682123069.7226783
2014-10-17 13:30:00,18361,682123069.7226783
2014-10-17 14:00:00,19557,682123069.7226783
2014-10-17 14:30:00,19811,682123069.7226783
2014-10-17 15:00:00,19277,682123069.7226783
2014-10-17 15:30:00,16741,682123069.7226783
2014-10-17 16:00:00,14948,682123069.7226783
2014-10-17 16:30:00,14244,682123069.7226783
2014-10-17 17:00:00,17563,682123069.7226783
2014-10-17 17:30:00,21246,682123069.7226783
2014-10-17 18:00:00,23115,682123069.7226783
2014-10-17 18:30:00,24785,682123069.7226783
2014-10-17 19:00:00,26396,682123069.7226783
2014-10-17 19:30:00,26837,682123069.7226783
2014-10-17 20:00:00,26621,682123069.7226783
2014-10-17 20:30:00,26144,682123069.7226783
2014-10-17 21:00:00,26019,682123069.7226783
2014-10-17 21:30:00,26816,682123069.7226783
2014-10-17 22:00:00,26701,682123069.7226783
2014-10-17 22:30:00,26519,682123069.7226783
2014-10-17 23:00:00,26740,682123069.7226783
2014-10-17 23:30:00,26173,682123069.7226783
2014-10-18 00:00:00,25059,682123069.7226783
2014-10-18 00:30:00,24437,682123069.7226783
2014-10-18 01:00:00,22718,682123069.7226783
2014-10-18 01:30:00,20700,682123069.7226783
2014-10-18 02:00:00,19623,682123069.7226783
2014-10-18 02:30:00,16675,682123069.7226783
2014-10-18 03:00:00,14447,682123069.7226783
2014-10-18 03:30:00,12377,682123069.7226783
2014-10-18 04:00:00,10609,682123069.7226783
2014-10-18 04:30:00,6436,682123069.7226783
2014-10-18 05:00:00,4562,682123069.7226783
2014-10-18 05:30:00,3783,682123069.7226783
2014-10-18 06:00:00,3923,682123069.7226783
2014-10-18 06:30:00,5060,682123069.7226783
2014-10-18 07:00:00,5992,682123069.7226783
2014-10-18 07:30:00,8639,682123069.7226783
2014-10-18 08:00:00,10309,682123069.7226783
2014-10-18 08:30:00,13563,682123069.7226783
2014-10-18 09:00:00,14136,682123069.7226783
2014-10-18 09:30:00,16945,682123069.7226783
2014-10-18 10:00:00,17004,682123069.7226783
2014-10-18 10:30:00,19045,682123069.7226783
2014-10-18 11:00:00,19859,682123069.7226783
2014-10-18 11:30:00,21198,682123069.7226783
2014-10-18 12:00:00,21550,682123069.7226783
2014-10-18 12:30:00,21583,682123069.7226783
2014-10-18 13:00:00,21455,682123069.7226783
2014-10-18 13:30:00,21869,682123069.7226783
2014-10-18 14:00:00,21426,682123069.7226783
2014-10-18 14:30:00,21650,682123069.7226783
2014-10-18 15:00:00,21611,682123069.7226783
2014-10-18 15:30:00,20904,682123069.7226783
2014-10-18 16:00:00,18820,682123069.7226783
2014-10-18 16:30:00,17255,682123069.7226783
2014-10-18 17:00:00,19029,682123069.7226783
2014-10-18 17:30:00,22812,682123069.7226783
2014-10-18 18:00:00,24455,682123069.7226783
2014-10-18 18:30:00,26373,682123069.7226783
2014-10-18 19:00:00,27460,682123069.7226783
2014-10-18 19:30:00,27222,682123069.7226783
2014-10-18 20:00:00,25204,682123069.7226783
2014-10-18 20:30:00,24329,682123069.7226783
2014-10-18 21:00:00,24526,682123069.7226783
2014-10-18 21:30:00,25203,682123069.7226783
2014-10-18 22:00:00,25975,682123069.7226783
2014-10-18 22:30:00,27073,682123069.7226783
2014-10-18 23:00:00,27881,682123069.7226783
2014-10-18 23:30:00,28626,682123069.7226783
2014-10-19 00:00:00,28093,682123069.7226783
2014-10-19 00:30:00,26200,682123069.7226783
2014-10-19 01:00:00,25610,682123069.7226783
2014-10-19 01:30:00,23483,682123069.7226783
2014-10-19 02:00:00,21850,682123069.7226783
2014-10-19 02:30:00,19297,682123069.7226783
2014-10-19 03:00:00,16574,682123069.7226783
2014-10-19 03:30:00,14355,682123069.7226783
2014-10-19 04:00:00,12112,682123069.7226783
2014-10-19 04:30:00,7284,682123069.7226783
2014-10-19 05:00:00,4845,682123069.7226783
2014-10-19 05:30:00,3667,682123069.7226783
2014-10-19 06:00:00,3718,682123069.7226783
2014-10-19 06:30:00,4573,682123069.7226783
2014-10-19 07:00:00,5167,682123069.7226783
2014-10-19 07:30:00,6844,682123069.7226783
2014-10-19 08:00:00,7279,682123069.7226783
2014-10-19 08:30:00,9761,682123069.7226783
2014-10-19 09:00:00,11712,682123069.7226783
2014-10-19 09:30:00,14210,682123069.7226783
2014-10-19 10:00:00,15394,682123069.7226783
2014-10-19 10:30:00,18387,682123069.7226783
2014-10-19 11:00:00,19168,682123069.7226783
2014-10-19 11:30:00,20891,682123069.7226783
2014-10-19 12:00:00,21806,682123069.7226783
2014-10-19 12:30:00,22188,682123069.7226783
2014-10-19 13:00:00,22153,682123069.7226783
2014-10-19 13:30:00,21713,682123069.7226783
2014-10-19 14:00:00,21838,682123069.7226783
2014-10-19 14:30:00,21082,682123069.7226783
2014-10-19 15:00:00,20448,682123069.7226783
2014-10-19 15:30:00,20113,682123069.7226783
2014-10-19 16:00:00,18645,682123069.7226783
2014-10-19 16:30:00,17210,682123069.7226783
2014-10-19 17:00:00,18326,682123069.7226783
2014-10-19 17:30:00,20498,682123069.7226783
2014-10-19 18:00:00,20924,682123069.7226783
2014-10-19 18:30:00,21579,682123069.7226783
2014-10-19 19:00:00,22026,682123069.7226783
2014-10-19 19:30:00,22197,682123069.7226783
2014-10-19 20:00:00,19709,682123069.7226783
2014-10-19 20:30:00,18780,682123069.7226783
2014-10-19 21:00:00,18060,682123069.7226783
2014-10-19 21:30:00,17973,682123069.7226783
2014-10-19 22:00:00,16572,682123069.7226783
2014-10-19 22:30:00,14957,682123069.7226783
2014-10-19 23:00:00,12461,682123069.7226783
2014-10-19 23:30:00,10448,682123069.7226783
2014-10-20 00:00:00,8295,682123069.7226783
2014-10-20 00:30:00,6837,682123069.7226783
2014-10-20 01:00:00,4747,682123069.7226783
2014-10-20 01:30:00,3283,682123069.7226783
2014-10-20 02:00:00,2904,682123069.7226783
2014-10-20 02:30:00,2345,682123069.7226783
2014-10-20 03:00:00,1917,682123069.7226783
2014-10-20 03:30:00,1783,682123069.7226783
2014-10-20 04:00:00,2174,682123069.7226783
2014-10-20 04:30:00,2157,682123069.7226783
2014-10-20 05:00:00,2989,682123069.7226783
2014-10-20 05:30:00,4841,682123069.7226783
2014-10-20 06:00:00,7228,682123069.7226783
2014-10-20 06:30:00,11726,682123069.7226783
2014-10-20 07:00:00,14557,682123069.7226783
2014-10-20 07:30:00,17848,682123069.7226783
2014-10-20 08:00:00,18436,682123069.7226783
2014-10-20 08:30:00,18059,682123069.7226783
2014-10-20 09:00:00,18028,682123069.7226783
2014-10-20 09:30:00,17353,682123069.7226783
2014-10-20 10:00:00,16350,682123069.7226783
2014-10-20 10:30:00,16376,682123069.7226783
2014-10-20 11:00:00,16099,682123069.7226783
2014-10-20 11:30:00,16817,682123069.7226783
2014-10-20 12:00:00,16898,682123069.7226783
2014-10-20 12:30:00,16809,682123069.7226783
2014-10-20 13:00:00,16199,682123069.7226783
2014-10-20 13:30:00,16758,682123069.7226783
2014-10-20 14:00:00,17679,682123069.7226783
2014-10-20 14:30:00,18148,682123069.7226783
2014-10-20 15:00:00,18644,682123069.7226783
2014-10-20 15:30:00,17183,682123069.7226783
2014-10-20 16:00:00,16196,682123069.7226783
2014-10-20 16:30:00,15534,682123069.7226783
2014-10-20 17:00:00,18451,682123069.7226783
2014-10-20 17:30:00,20950,682123069.7226783
2014-10-20 18:00:00,23192,682123069.7226783
2014-10-20 18:30:00,24655,682123069.7226783
2014-10-20 19:00:00,24094,682123069.7226783
2014-10-20 19:30:00,23285,682123069.7226783
2014-10-20 20:00:00,22083,682123069.7226783
2014-10-20 20:30:00,21485,682123069.7226783
2014-10-20 21:00:00,21579,682123069.7226783
2014-10-20 21:30:00,21118,682123069.7226783
2014-10-20 22:00:00,20204,682123069.7226783
2014-10-20 22:30:00,16909,682123069.7226783
2014-10-20 23:00:00,13785,682123069.7226783
2014-10-20 23:30:00,11695,682123069.7226783
2014-10-21 00:00:00,9214,682123069.7226783
2014-10-21 00:30:00,6931,682123069.7226783
2014-10-21 01:00:00,5413,682123069.7226783
2014-10-21 01:30:00,4130,682123069.7226783
2014-10-21 02:00:00,3276,682123069.7226783
2014-10-21 02:30:00,2475,682123069.7226783
2014-10-21 03:00:00,2080,682123069.7226783
2014-10-21 03:30:00,1917,682123069.7226783
2014-10-21 04:00:00,2123,682123069.7226783
2014-10-21 04:30:00,1984,682123069.7226783
2014-10-21 05:00:00,2458,682123069.7226783
2014-10-21 05:30:00,4338,682123069.7226783
2014-10-21 06:00:00,6470,682123069.7226783
2014-10-21 06:30:00,11775,682123069.7226783
2014-10-21 07:00:00,15088,682123069.7226783
2014-10-21 07:30:00,19429,682123069.7226783
2014-10-21 08:00:00,20482,682123069.7226783
2014-10-21 08:30:00,19886,682123069.7226783
2014-10-21 09:00:00,19170,682123069.7226783
2014-10-21 09:30:00,18277,682123069.7226783
2014-10-21 10:00:00,17064,682123069.7226783
2014-10-21 10:30:00,16386,682123069.7226783
2014-10-21 11:00:00,16633,682123069.7226783
2014-10-21 11:30:00,17681,682123069.7226783
2014-10-21 12:00:00,18233,682123069.7226783
2014-10-21 12:30:00,17996,682123069.7226783
2014-10-21 13:00:00,16695,682123069.7226783
2014-10-21 13:30:00,16912,682123069.7226783
2014-10-21 14:00:00,18124,682123069.7226783
2014-10-21 14:30:00,18411,682123069.7226783
2014-10-21 15:00:00,19013,682123069.7226783
2014-10-21 15:30:00,17590,682123069.7226783
2014-10-21 16:00:00,15673,682123069.7226783
2014-10-21 16:30:00,14923,682123069.7226783
2014-10-21 17:00:00,17981,682123069.7226783
2014-10-21 17:30:00,21208,682123069.7226783
2014-10-21 18:00:00,23458,682123069.7226783
2014-10-21 18:30:00,24028,682123069.7226783
2014-10-21 19:00:00,24934,682123069.7226783
2014-10-21 19:30:00,25135,682123069.7226783
2014-10-21 20:00:00,24613,682123069.7226783
2014-10-21 20:30:00,24617,682123069.7226783
2014-10-21 21:00:00,25841,682123069.7226783
2014-10-21 21:30:00,24141,682123069.7226783
2014-10-21 22:00:00,23069,682123069.7226783
2014-10-21 22:30:00,21243,682123069.7226783
2014-10-21 23:00:00,18077,682123069.7226783
2014-10-21 23:30:00,15745,682123069.7226783
2014-10-22 00:00:00,12115,682123069.7226783
2014-10-22 00:30:00,9035,682123069.7226783
2014-10-22 01:00:00,7015,682123069.7226783
2014-10-22 01:30:00,5113,682123069.7226783
2014-10-22 02:00:00,4220,682123069.7226783
2014-10-22 02:30:00,3331,682123069.7226783
2014-10-22 03:00:00,2870,682123069.7226783
2014-10-22 03:30:00,2516,682123069.7226783
2014-10-22 04:00:00,2656,682123069.7226783
2014-10-22 04:30:00,2336,682123069.7226783
2014-10-22 05:00:00,2494,682123069.7226783
2014-10-22 05:30:00,5081,682123069.7226783
2014-10-22 06:00:00,8091,682123069.7226783
2014-10-22 06:30:00,13037,682123069.7226783
2014-10-22 07:00:00,16579,682123069.7226783
2014-10-22 07:30:00,19657,682123069.7226783
2014-10-22 08:00:00,20914,682123069.7226783
2014-10-22 08:30:00,20612,682123069.7226783
2014-10-22 09:00:00,20015,682123069.7226783
2014-10-22 09:30:00,19001,682123069.7226783
2014-10-22 10:00:00,17533,682123069.7226783
2014-10-22 10:30:00,17877,682123069.7226783
2014-10-22 11:00:00,16470,682123069.7226783
2014-10-22 11:30:00,18266,682123069.7226783
2014-10-22 12:00:00,17992,682123069.7226783
2014-10-22 12:30:00,17419,682123069.7226783
2014-10-22 13:00:00,16775,682123069.7226783
2014-10-22 13:30:00,17378,682123069.7226783
2014-10-22 14:00:00,18067,682123069.7226783
2014-10-22 14:30:00,19841,682123069.7226783
2014-10-22 15:00:00,18552,682123069.7226783
2014-10-22 15:30:00,16825,682123069.7226783
2014-10-22 16:00:00,14712,682123069.7226783
2014-10-22 16:30:00,14439,682123069.7226783
2014-10-22 17:00:00,17305,682123069.7226783
2014-10-22 17:30:00,20949,682123069.7226783
2014-10-22 18:00:00,22182,682123069.7226783
2014-10-22 18:30:00,23886,682123069.7226783
2014-10-22 19:00:00,25234,682123069.7226783
2014-10-22 19:30:00,24731,682123069.7226783
2014-10-22 20:00:00,25195,682123069.7226783
2014-10-22 20:30:00,25551,682123069.7226783
2014-10-22 21:00:00,26110,682123069.7226783
2014-10-22 21:30:00,24842,682123069.7226783
2014-10-22 22:00:00,23178,682123069.7226783
2014-10-22 22:30:00,23408,682123069.7226783
2014-10-22 23:00:00,21749,682123069.7226783
2014-10-22 23:30:00,17918,682123069.7226783
2014-10-23 00:00:00,13496,682123069.7226783
2014-10-23 00:30:00,10416,682123069.7226783
2014-10-23 01:00:00,8090,682123069.7226783
2014-10-23 01:30:00,5946,682123069.7226783
2014-10-23 02:00:00,4330,682123069.7226783
2014-10-23 02:30:00,3282,682123069.7226783
2014-10-23 03:00:00,2732,682123069.7226783
2014-10-23 03:30:00,2524,682123069.7226783
2014-10-23 04:00:00,2700,682123069.7226783
2014-10-23 04:30:00,2290,682123069.7226783
2014-10-23 05:00:00,2743,682123069.7226783
2014-10-23 05:30:00,4732,682123069.7226783
2014-10-23 06:00:00,7570,682123069.7226783
2014-10-23 06:30:00,12751,682123069.7226783
2014-10-23 07:00:00,16887,682123069.7226783
2014-10-23 07:30:00,20268,682123069.7226783
2014-10-23 08:00:00,21992,682123069.7226783
2014-10-23 08:30:00,21301,682123069.7226783
2014-10-23 09:00:00,20526,682123069.7226783
2014-10-23 09:30:00,19251,682123069.7226783
2014-10-23 10:00:00,18228,682123069.7226783
2014-10-23 10:30:00,18603,682123069.7226783
2014-10-23 11:00:00,18762,682123069.7226783
2014-10-23 11:30:00,19645,682123069.7226783
2014-10-23 12:00:00,20453,682123069.7226783
2014-10-23 12:30:00,19400,682123069.7226783
2014-10-23 13:00:00,18448,682123069.7226783
2014-10-23 13:30:00,18199,682123069.7226783
2014-10-23 14:00:00,18845,682123069.7226783
2014-10-23 14:30:00,18973,682123069.7226783
2014-10-23 15:00:00,17968,682123069.7226783
2014-10-23 15:30:00,15112,682123069.7226783
2014-10-23 16:00:00,13580,682123069.7226783
2014-10-23 16:30:00,12751,682123069.7226783
2014-10-23 17:00:00,15901,682123069.7226783
2014-10-23 17:30:00,19774,682123069.7226783
2014-10-23 18:00:00,21960,682123069.7226783
2014-10-23 18:30:00,23790,682123069.7226783
2014-10-23 19:00:00,24998,682123069.7226783
2014-10-23 19:30:00,25414,682123069.7226783
2014-10-23 20:00:00,26075,682123069.7226783
2014-10-23 20:30:00,25616,682123069.7226783
2014-10-23 21:00:00,25916,682123069.7226783
2014-10-23 21:30:00,25589,682123069.7226783
2014-10-23 22:00:00,25041,682123069.7226783
2014-10-23 22:30:00,24891,682123069.7226783
2014-10-23 23:00:00,23888,682123069.7226783
2014-10-23 23:30:00,22464,682123069.7226783
2014-10-24 00:00:00,19061,682123069.7226783
2014-10-24 00:30:00,16689,682123069.7226783
2014-10-24 01:00:00,13006,682123069.7226783
2014-10-24 01:30:00,9512,682123069.7226783
2014-10-24 02:00:00,7745,682123069.7226783
2014-10-24 02:30:00,6037,682123069.7226783
2014-10-24 03:00:00,5194,682123069.7226783
2014-10-24 03:30:00,4419,682123069.7226783
2014-10-24 04:00:00,4267,682123069.7226783
2014-10-24 04:30:00,3366,682123069.7226783
2014-10-24 05:00:00,3096,682123069.7226783
2014-10-24 05:30:00,4532,682123069.7226783
2014-10-24 06:00:00,6877,682123069.7226783
2014-10-24 06:30:00,11826,682123069.7226783
2014-10-24 07:00:00,15333,682123069.7226783
2014-10-24 07:30:00,19013,682123069.7226783
2014-10-24 08:00:00,20131,682123069.7226783
2014-10-24 08:30:00,19779,682123069.7226783
2014-10-24 09:00:00,19227,682123069.7226783
2014-10-24 09:30:00,18824,682123069.7226783
2014-10-24 10:00:00,17705,682123069.7226783
2014-10-24 10:30:00,18111,682123069.7226783
2014-10-24 11:00:00,17408,682123069.7226783
2014-10-24 11:30:00,18509,682123069.7226783
2014-10-24 12:00:00,18510,682123069.7226783
2014-10-24 12:30:00,17910,682123069.7226783
2014-10-24 13:00:00,17690,682123069.7226783
2014-10-24 13:30:00,18149,682123069.7226783
2014-10-24 14:00:00,19632,682123069.7226783
2014-10-24 14:30:00,19426,682123069.7226783
2014-10-24 15:00:00,18760,682123069.7226783
2014-10-24 15:30:00,16379,682123069.7226783
2014-10-24 16:00:00,15083,682123069.7226783
2014-10-24 16:30:00,14553,682123069.7226783
2014-10-24 17:00:00,17509,682123069.7226783
2014-10-24 17:30:00,20911,682123069.7226783
2014-10-24 18:00:00,22958,682123069.7226783
2014-10-24 18:30:00,25257,682123069.7226783
2014-10-24 19:00:00,26659,682123069.7226783
2014-10-24 19:30:00,27104,682123069.7226783
2014-10-24 20:00:00,26439,682123069.7226783
2014-10-24 20:30:00,25840,682123069.7226783
2014-10-24 21:00:00,25694,682123069.7226783
2014-10-24 21:30:00,26093,682123069.7226783
2014-10-24 22:00:00,26821,682123069.7226783
2014-10-24 22:30:00,26870,682123069.7226783
2014-10-24 23:00:00,26889,682123069.7226783
2014-10-24 23:30:00,27283,682123069.7226783
2014-10-25 00:00:00,25739,682123069.7226783
2014-10-25 00:30:00,23889,682123069.7226783
2014-10-25 01:00:00,22278,682123069.7226783
2014-10-25 01:30:00,20337,682123069.7226783
2014-10-25 02:00:00,19179,682123069.7226783
2014-10-25 02:30:00,16566,682123069.7226783
2014-10-25 03:00:00,14146,682123069.7226783
2014-10-25 03:30:00,12015,682123069.7226783
2014-10-25 04:00:00,10285,682123069.7226783
2014-10-25 04:30:00,6316,682123069.7226783
2014-10-25 05:00:00,4106,682123069.7226783
2014-10-25 05:30:00,3465,682123069.7226783
2014-10-25 06:00:00,3657,682123069.7226783
2014-10-25 06:30:00,4756,682123069.7226783
2014-10-25 07:00:00,6003,682123069.7226783
2014-10-25 07:30:00,7853,682123069.7226783
2014-10-25 08:00:00,9091,682123069.7226783
2014-10-25 08:30:00,12209,682123069.7226783
2014-10-25 09:00:00,13433,682123069.7226783
2014-10-25 09:30:00,16768,682123069.7226783
2014-10-25 10:00:00,16390,682123069.7226783
2014-10-25 10:30:00,18666,682123069.7226783
2014-10-25 11:00:00,19740,682123069.7226783
2014-10-25 11:30:00,21266,682123069.7226783
2014-10-25 12:00:00,21452,682123069.7226783
2014-10-25 12:30:00,21613,682123069.7226783
2014-10-25 13:00:00,21773,682123069.7226783
2014-10-25 13:30:00,21440,682123069.7226783
2014-10-25 14:00:00,20362,682123069.7226783
2014-10-25 14:30:00,20601,682123069.7226783
2014-10-25 15:00:00,20989,682123069.7226783
2014-10-25 15:30:00,20210,682123069.7226783
2014-10-25 16:00:00,18243,682123069.7226783
2014-10-25 16:30:00,16875,682123069.7226783
2014-10-25 17:00:00,19078,682123069.7226783
2014-10-25 17:30:00,22244,682123069.7226783
2014-10-25 18:00:00,23703,682123069.7226783
2014-10-25 18:30:00,25544,682123069.7226783
2014-10-25 19:00:00,27125,682123069.7226783
2014-10-25 19:30:00,26539,682123069.7226783
2014-10-25 20:00:00,24964,682123069.7226783
2014-10-25 20:30:00,23665,682123069.7226783
2014-10-25 21:00:00,23200,682123069.7226783
2014-10-25 21:30:00,24238,682123069.7226783
2014-10-25 22:00:00,25202,682123069.7226783
2014-10-25 22:30:00,26140,682123069.7226783
2014-10-25 23:00:00,27417,682123069.7226783
2014-10-25 23:30:00,27692,682123069.7226783
2014-10-26 00:00:00,26866,682123069.7226783
2014-10-26 00:30:00,26254,682123069.7226783
2014-10-26 01:00:00,24482,682123069.7226783
2014-10-26 01:30:00,22425,682123069.7226783
2014-10-26 02:00:00,20865,682123069.7226783
2014-10-26 02:30:00,18801,682123069.7226783
2014-10-26 03:00:00,16066,682123069.7226783
2014-10-26 03:30:00,14093,682123069.7226783
2014-10-26 04:00:00,11863,682123069.7226783
2014-10-26 04:30:00,7194,682123069.7226783
2014-10-26 05:00:00,4661,682123069.7226783
2014-10-26 05:30:00,3656,682123069.7226783
2014-10-26 06:00:00,3780,682123069.7226783
2014-10-26 06:30:00,4116,682123069.7226783
2014-10-26 07:00:00,4530,682123069.7226783
2014-10-26 07:30:00,6287,682123069.7226783
2014-10-26 08:00:00,7318,682123069.7226783
2014-10-26 08:30:00,9260,682123069.7226783
2014-10-26 09:00:00,10911,682123069.7226783
2014-10-26 09:30:00,14136,682123069.7226783
2014-10-26 10:00:00,15466,682123069.7226783
2014-10-26 10:30:00,18611,682123069.7226783
2014-10-26 11:00:00,18437,682123069.7226783
2014-10-26 11:30:00,20375,682123069.7226783
2014-10-26 12:00:00,20658,682123069.7226783
2014-10-26 12:30:00,21283,682123069.7226783
2014-10-26 13:00:00,20200,682123069.7226783
2014-10-26 13:30:00,20135,682123069.7226783
2014-10-26 14:00:00,20306,682123069.7226783
2014-10-26 14:30:00,20404,682123069.7226783
2014-10-26 15:00:00,19931,682123069.7226783
2014-10-26 15:30:00,19772,682123069.7226783
2014-10-26 16:00:00,18406,682123069.7226783
2014-10-26 16:30:00,16957,682123069.7226783
2014-10-26 17:00:00,17972,682123069.7226783
2014-10-26 17:30:00,19563,682123069.7226783
2014-10-26 18:00:00,20106,682123069.7226783
2014-10-26 18:30:00,20449,682123069.7226783
2014-10-26 19:00:00,19860,682123069.7226783
2014-10-26 19:30:00,19343,682123069.7226783
2014-10-26 20:00:00,18128,682123069.7226783
2014-10-26 20:30:00,17298,682123069.7226783
2014-10-26 21:00:00,16004,682123069.7226783
2014-10-26 21:30:00,16422,682123069.7226783
2014-10-26 22:00:00,14618,682123069.7226783
2014-10-26 22:30:00,13017,682123069.7226783
2014-10-26 23:00:00,11532,682123069.7226783
2014-10-26 23:30:00,10089,682123069.7226783
2014-10-27 00:00:00,8326,682123069.7226783
2014-10-27 00:30:00,6579,682123069.7226783
2014-10-27 01:00:00,4385,682123069.7226783
2014-10-27 01:30:00,3470,682123069.7226783
2014-10-27 02:00:00,2854,682123069.7226783
2014-10-27 02:30:00,2128,682123069.7226783
2014-10-27 03:00:00,1785,682123069.7226783
2014-10-27 03:30:00,1707,682123069.7226783
2014-10-27 04:00:00,2138,682123069.7226783
2014-10-27 04:30:00,2406,682123069.7226783
2014-10-27 05:00:00,2847,682123069.7226783
2014-10-27 05:30:00,4951,682123069.7226783
2014-10-27 06:00:00,7094,682123069.7226783
2014-10-27 06:30:00,11090,682123069.7226783
2014-10-27 07:00:00,14205,682123069.7226783
2014-10-27 07:30:00,17506,682123069.7226783
2014-10-27 08:00:00,18105,682123069.7226783
2014-10-27 08:30:00,17656,682123069.7226783
2014-10-27 09:00:00,17751,682123069.7226783
2014-10-27 09:30:00,17096,682123069.7226783
2014-10-27 10:00:00,15784,682123069.7226783
2014-10-27 10:30:00,16086,682123069.7226783
2014-10-27 11:00:00,14843,682123069.7226783
2014-10-27 11:30:00,16446,682123069.7226783
2014-10-27 12:00:00,16614,682123069.7226783
2014-10-27 12:30:00,16155,682123069.7226783
2014-10-27 13:00:00,15502,682123069.7226783
2014-10-27 13:30:00,16293,682123069.7226783
2014-10-27 14:00:00,16885,682123069.7226783
2014-10-27 14:30:00,17759,682123069.7226783
2014-10-27 15:00:00,18533,682123069.7226783
2014-10-27 15:30:00,17617,682123069.7226783
2014-10-27 16:00:00,16279,682123069.7226783
2014-10-27 16:30:00,15551,682123069.7226783
2014-10-27 17:00:00,18199,682123069.7226783
2014-10-27 17:30:00,20618,682123069.7226783
2014-10-27 18:00:00,22703,682123069.7226783
2014-10-27 18:30:00,23897,682123069.7226783
2014-10-27 19:00:00,24329,682123069.7226783
2014-10-27 19:30:00,23182,682123069.7226783
2014-10-27 20:00:00,21778,682123069.7226783
2014-10-27 20:30:00,21251,682123069.7226783
2014-10-27 21:00:00,21189,682123069.7226783
2014-10-27 21:30:00,20884,682123069.7226783
2014-10-27 22:00:00,19670,682123069.7226783
2014-10-27 22:30:00,18163,682123069.7226783
2014-10-27 23:00:00,15613,682123069.7226783
2014-10-27 23:30:00,13371,682123069.7226783
2014-10-28 00:00:00,10910,682123069.7226783
2014-10-28 00:30:00,7638,682123069.7226783
2014-10-28 01:00:00,5589,682123069.7226783
2014-10-28 01:30:00,4215,682123069.7226783
2014-10-28 02:00:00,3386,682123069.7226783
2014-10-28 02:30:00,2753,682123069.7226783
2014-10-28 03:00:00,2181,682123069.7226783
2014-10-28 03:30:00,2034,682123069.7226783
2014-10-28 04:00:00,2094,682123069.7226783
2014-10-28 04:30:00,1896,682123069.7226783
2014-10-28 05:00:00,2632,682123069.7226783
2014-10-28 05:30:00,4581,682123069.7226783
2014-10-28 06:00:00,6612,682123069.7226783
2014-10-28 06:30:00,11609,682123069.7226783
2014-10-28 07:00:00,15127,682123069.7226783
2014-10-28 07:30:00,19097,682123069.7226783
2014-10-28 08:00:00,19516,682123069.7226783
2014-10-28 08:30:00,19422,682123069.7226783
2014-10-28 09:00:00,18088,682123069.7226783
2014-10-28 09:30:00,17669,682123069.7226783
2014-10-28 10:00:00,16744,682123069.7226783
2014-10-28 10:30:00,17075,682123069.7226783
2014-10-28 11:00:00,16035,682123069.7226783
2014-10-28 11:30:00,17421,682123069.7226783
2014-10-28 12:00:00,17756,682123069.7226783
2014-10-28 12:30:00,17057,682123069.7226783
2014-10-28 13:00:00,16101,682123069.7226783
2014-10-28 13:30:00,17443,682123069.7226783
2014-10-28 14:00:00,17890,682123069.7226783
2014-10-28 14:30:00,18651,682123069.7226783
2014-10-28 15:00:00,18762,682123069.7226783
2014-10-28 15:30:00,17135,682123069.7226783
2014-10-28 16:00:00,15175,682123069.7226783
2014-10-28 16:30:00,13958,682123069.7226783
2014-10-28 17:00:00,16881,682123069.7226783
2014-10-28 17:30:00,19615,682123069.7226783
2014-10-28 18:00:00,22196,682123069.7226783
2014-10-28 18:30:00,22906,682123069.7226783
2014-10-28 19:00:00,23482,682123069.7226783
2014-10-28 19:30:00,23088,682123069.7226783
2014-10-28 20:00:00,23728,682123069.7226783
2014-10-28 20:30:00,23210,682123069.7226783
2014-10-28 21:00:00,23685,682123069.7226783
2014-10-28 21:30:00,23843,682123069.7226783
2014-10-28 22:00:00,22597,682123069.7226783
2014-10-28 22:30:00,20923,682123069.7226783
2014-10-28 23:00:00,19229,682123069.7226783
2014-10-28 23:30:00,15963,682123069.7226783
2014-10-29 00:00:00,12292,682123069.7226783
2014-10-29 00:30:00,9190,682123069.7226783
2014-10-29 01:00:00,6864,682123069.7226783
2014-10-29 01:30:00,5693,682123069.7226783
2014-10-29 02:00:00,4499,682123069.7226783
2014-10-29 02:30:00,3304,682123069.7226783
2014-10-29 03:00:00,2560,682123069.7226783
2014-10-29 03:30:00,2485,682123069.7226783
2014-10-29 04:00:00,2560,682123069.7226783
2014-10-29 04:30:00,2248,682123069.7226783
2014-10-29 05:00:00,2389,682123069.7226783
2014-10-29 05:30:00,4313,682123069.7226783
2014-10-29 06:00:00,6649,682123069.7226783
2014-10-29 06:30:00,11289,682123069.7226783
2014-10-29 07:00:00,15103,682123069.7226783
2014-10-29 07:30:00,19437,682123069.7226783
2014-10-29 08:00:00,19443,682123069.7226783
2014-10-29 08:30:00,19707,682123069.7226783
2014-10-29 09:00:00,18912,682123069.7226783
2014-10-29 09:30:00,18203,682123069.7226783
2014-10-29 10:00:00,16492,682123069.7226783
2014-10-29 10:30:00,16837,682123069.7226783
2014-10-29 11:00:00,16075,682123069.7226783
2014-10-29 11:30:00,17160,682123069.7226783
2014-10-29 12:00:00,17606,682123069.7226783
2014-10-29 12:30:00,17267,682123069.7226783
2014-10-29 13:00:00,16875,682123069.7226783
2014-10-29 13:30:00,17940,682123069.7226783
2014-10-29 14:00:00,18339,682123069.7226783
2014-10-29 14:30:00,18971,682123069.7226783
2014-10-29 15:00:00,19298,682123069.7226783
2014-10-29 15:30:00,16665,682123069.7226783
2014-10-29 16:00:00,15008,682123069.7226783
2014-10-29 16:30:00,13873,682123069.7226783
2014-10-29 17:00:00,17894,682123069.7226783
2014-10-29 17:30:00,21574,682123069.7226783
2014-10-29 18:00:00,22116,682123069.7226783
2014-10-29 18:30:00,23582,682123069.7226783
2014-10-29 19:00:00,25553,682123069.7226783
2014-10-29 19:30:00,25299,682123069.7226783
2014-10-29 20:00:00,24778,682123069.7226783
2014-10-29 20:30:00,24729,682123069.7226783
2014-10-29 21:00:00,24907,682123069.7226783
2014-10-29 21:30:00,24810,682123069.7226783
2014-10-29 22:00:00,24246,682123069.7226783
2014-10-29 22:30:00,23250,682123069.7226783
2014-10-29 23:00:00,20700,682123069.7226783
2014-10-29 23:30:00,18631,682123069.7226783
2014-10-30 00:00:00,14048,682123069.7226783
2014-10-30 00:30:00,10691,682123069.7226783
2014-10-30 01:00:00,8363,682123069.7226783
2014-10-30 01:30:00,6405,682123069.7226783
2014-10-30 02:00:00,5251,682123069.7226783
2014-10-30 02:30:00,3714,682123069.7226783
2014-10-30 03:00:00,3232,682123069.7226783
2014-10-30 03:30:00,3057,682123069.7226783
2014-10-30 04:00:00,3005,682123069.7226783
2014-10-30 04:30:00,2506,682123069.7226783
2014-10-30 05:00:00,2821,682123069.7226783
2014-10-30 05:30:00,5287,682123069.7226783
2014-10-30 06:00:00,7427,682123069.7226783
2014-10-30 06:30:00,12248,682123069.7226783
2014-10-30 07:00:00,15618,682123069.7226783
2014-10-30 07:30:00,19528,682123069.7226783
2014-10-30 08:00:00,19813,682123069.7226783
2014-10-30 08:30:00,19680,682123069.7226783
2014-10-30 09:00:00,19351,682123069.7226783
2014-10-30 09:30:00,18967,682123069.7226783
2014-10-30 10:00:00,17899,682123069.7226783
2014-10-30 10:30:00,17994,682123069.7226783
2014-10-30 11:00:00,17167,682123069.7226783
2014-10-30 11:30:00,18094,682123069.7226783
2014-10-30 12:00:00,18575,682123069.7226783
2014-10-30 12:30:00,18022,682123069.7226783
2014-10-30 13:00:00,17359,682123069.7226783
2014-10-30 13:30:00,18035,682123069.7226783
2014-10-30 14:00:00,18733,682123069.7226783
2014-10-30 14:30:00,19410,682123069.7226783
2014-10-30 15:00:00,18991,682123069.7226783
2014-10-30 15:30:00,16749,682123069.7226783
2014-10-30 16:00:00,14604,682123069.7226783
2014-10-30 16:30:00,13367,682123069.7226783
2014-10-30 17:00:00,16382,682123069.7226783
2014-10-30 17:30:00,19879,682123069.7226783
2014-10-30 18:00:00,21735,682123069.7226783
2014-10-30 18:30:00,23802,682123069.7226783
2014-10-30 19:00:00,24832,682123069.7226783
2014-10-30 19:30:00,24964,682123069.7226783
2014-10-30 20:00:00,25791,682123069.7226783
2014-10-30 20:30:00,25810,682123069.7226783
2014-10-30 21:00:00,25816,682123069.7226783
2014-10-30 21:30:00,25849,682123069.7226783
2014-10-30 22:00:00,24877,682123069.7226783
2014-10-30 22:30:00,25072,682123069.7226783
2014-10-30 23:00:00,24763,682123069.7226783
2014-10-30 23:30:00,22241,682123069.7226783
2014-10-31 00:00:00,19957,682123069.7226783
2014-10-31 00:30:00,16881,682123069.7226783
2014-10-31 01:00:00,13588,682123069.7226783
2014-10-31 01:30:00,10958,682123069.7226783
2014-10-31 02:00:00,9119,682123069.7226783
2014-10-31 02:30:00,7589,682123069.7226783
2014-10-31 03:00:00,6221,682123069.7226783
2014-10-31 03:30:00,4936,682123069.7226783
2014-10-31 04:00:00,4796,682123069.7226783
2014-10-31 04:30:00,3555,682123069.7226783
2014-10-31 05:00:00,3337,682123069.7226783
2014-10-31 05:30:00,4665,682123069.7226783
2014-10-31 06:00:00,7084,682123069.7226783
2014-10-31 06:30:00,11681,682123069.7226783
2014-10-31 07:00:00,14822,682123069.7226783
2014-10-31 07:30:00,19004,682123069.7226783
2014-10-31 08:00:00,20306,682123069.7226783
2014-10-31 08:30:00,20687,682123069.7226783
2014-10-31 09:00:00,19585,682123069.7226783
2014-10-31 09:30:00,18702,682123069.7226783
2014-10-31 10:00:00,18099,682123069.7226783
2014-10-31 10:30:00,18335,682123069.7226783
2014-10-31 11:00:00,17653,682123069.7226783
2014-10-31 11:30:00,18889,682123069.7226783
2014-10-31 12:00:00,19146,682123069.7226783
2014-10-31 12:30:00,18833,682123069.7226783
2014-10-31 13:00:00,18315,682123069.7226783
2014-10-31 13:30:00,18917,682123069.7226783
2014-10-31 14:00:00,20430,682123069.7226783
2014-10-31 14:30:00,20608,682123069.7226783
2014-10-31 15:00:00,19915,682123069.7226783
2014-10-31 15:30:00,16981,682123069.7226783
2014-10-31 16:00:00,15045,682123069.7226783
2014-10-31 16:30:00,13978,682123069.7226783
2014-10-31 17:00:00,16891,682123069.7226783
2014-10-31 17:30:00,20025,682123069.7226783
2014-10-31 18:00:00,21438,682123069.7226783
2014-10-31 18:30:00,23813,682123069.7226783
2014-10-31 19:00:00,25517,682123069.7226783
2014-10-31 19:30:00,25493,682123069.7226783
2014-10-31 20:00:00,25475,682123069.7226783
2014-10-31 20:30:00,26996,682123069.7226783
2014-10-31 21:00:00,27015,682123069.7226783
2014-10-31 21:30:00,27264,682123069.7226783
2014-10-31 22:00:00,26977,682123069.7226783
2014-10-31 22:30:00,26343,682123069.7226783
2014-10-31 23:00:00,26333,682123069.7226783
2014-10-31 23:30:00,26524,682123069.7226783
2014-11-01 00:00:00,25425,682123069.7226783
2014-11-01 00:30:00,24937,682123069.7226783
2014-11-01 01:00:00,24946,682123069.7226783
2014-11-01 01:30:00,23736,682123069.7226783
2014-11-01 02:00:00,23245,682123069.7226783
2014-11-01 02:30:00,21459,682123069.7226783
2014-11-01 03:00:00,19849,682123069.7226783
2014-11-01 03:30:00,17679,682123069.7226783
2014-11-01 04:00:00,15018,682123069.7226783
2014-11-01 04:30:00,10600,682123069.7226783
2014-11-01 05:00:00,7758,682123069.7226783
2014-11-01 05:30:00,5907,682123069.7226783
2014-11-01 06:00:00,5743,682123069.7226783
2014-11-01 06:30:00,6223,682123069.7226783
2014-11-01 07:00:00,6386,682123069.7226783
2014-11-01 07:30:00,9098,682123069.7226783
2014-11-01 08:00:00,9864,682123069.7226783
2014-11-01 08:30:00,12903,682123069.7226783
2014-11-01 09:00:00,14185,682123069.7226783
2014-11-01 09:30:00,18584,682123069.7226783
2014-11-01 10:00:00,19066,682123069.7226783
2014-11-01 10:30:00,22683,682123069.7226783
2014-11-01 11:00:00,23292,682123069.7226783
2014-11-01 11:30:00,24154,682123069.7226783
2014-11-01 12:00:00,25310,682123069.7226783
2014-11-01 12:30:00,26625,682123069.7226783
2014-11-01 13:00:00,25584,682123069.7226783
2014-11-01 13:30:00,25115,682123069.7226783
2014-11-01 14:00:00,23935,682123069.7226783
2014-11-01 14:30:00,23341,682123069.7226783
2014-11-01 15:00:00,23337,682123069.7226783
2014-11-01 15:30:00,22199,682123069.7226783
2014-11-01 16:00:00,20008,682123069.7226783
2014-11-01 16:30:00,18443,682123069.7226783
2014-11-01 17:00:00,20865,682123069.7226783
2014-11-01 17:30:00,23719,682123069.7226783
2014-11-01 18:00:00,25241,682123069.7226783
2014-11-01 18:30:00,27383,682123069.7226783
2014-11-01 19:00:00,28398,682123069.7226783
2014-11-01 19:30:00,27426,682123069.7226783
2014-11-01 20:00:00,26537,682123069.7226783
2014-11-01 20:30:00,25980,682123069.7226783
2014-11-01 21:00:00,24601,682123069.7226783
2014-11-01 21:30:00,24838,682123069.7226783
2014-11-01 22:00:00,26372,682123069.7226783
2014-11-01 22:30:00,26567,682123069.7226783
2014-11-01 23:00:00,25879,682123069.7226783
2014-11-01 23:30:00,26125,682123069.7226783
2014-11-02 00:00:00,25110,682123069.7226783
2014-11-02 00:30:00,23109,682123069.7226783
2014-11-02 01:00:00,39197,682123069.7226783
2014-11-02 01:30:00,35212,682123069.7226783
2014-11-02 02:00:00,13259,682123069.7226783
2014-11-02 02:30:00,12250,682123069.7226783
2014-11-02 03:00:00,10013,682123069.7226783
2014-11-02 03:30:00,7898,682123069.7226783
2014-11-02 04:00:00,6375,682123069.7226783
2014-11-02 04:30:00,4532,682123069.7226783
2014-11-02 05:00:00,5116,682123069.7226783
2014-11-02 05:30:00,5232,682123069.7226783
2014-11-02 06:00:00,4542,682123069.7226783
2014-11-02 06:30:00,5298,682123069.7226783
2014-11-02 07:00:00,5155,682123069.7226783
2014-11-02 07:30:00,6029,682123069.7226783
2014-11-02 08:00:00,6280,682123069.7226783
2014-11-02 08:30:00,8771,682123069.7226783
2014-11-02 09:00:00,10151,682123069.7226783
2014-11-02 09:30:00,12501,682123069.7226783
2014-11-02 10:00:00,13990,682123069.7226783
2014-11-02 10:30:00,16534,682123069.7226783
2014-11-02 11:00:00,17133,682123069.7226783
2014-11-02 11:30:00,18775,682123069.7226783
2014-11-02 12:00:00,18985,682123069.7226783
2014-11-02 12:30:00,19911,682123069.7226783
2014-11-02 13:00:00,19123,682123069.7226783
2014-11-02 13:30:00,19524,682123069.7226783
2014-11-02 14:00:00,19640,682123069.7226783
2014-11-02 14:30:00,18364,682123069.7226783
2014-11-02 15:00:00,17940,682123069.7226783
2014-11-02 15:30:00,17949,682123069.7226783
2014-11-02 16:00:00,17288,682123069.7226783
2014-11-02 16:30:00,16326,682123069.7226783
2014-11-02 17:00:00,17522,682123069.7226783
2014-11-02 17:30:00,19243,682123069.7226783
2014-11-02 18:00:00,20291,682123069.7226783
2014-11-02 18:30:00,21649,682123069.7226783
2014-11-02 19:00:00,22839,682123069.7226783
2014-11-02 19:30:00,21772,682123069.7226783
2014-11-02 20:00:00,20994,682123069.7226783
2014-11-02 20:30:00,19774,682123069.7226783
2014-11-02 21:00:00,18398,682123069.7226783
2014-11-02 21:30:00,17764,682123069.7226783
2014-11-02 22:00:00,17334,682123069.7226783
2014-11-02 22:30:00,15431,682123069.7226783
2014-11-02 23:00:00,12958,682123069.7226783
2014-11-02 23:30:00,10224,682123069.7226783
2014-11-03 00:00:00,8771,682123069.7226783
2014-11-03 00:30:00,6045,682123069.7226783
2014-11-03 01:00:00,4413,682123069.7226783
2014-11-03 01:30:00,3235,682123069.7226783
2014-11-03 02:00:00,2688,682123069.7226783
2014-11-03 02:30:00,1983,682123069.7226783
2014-11-03 03:00:00,1756,682123069.7226783
2014-11-03 03:30:00,1683,682123069.7226783
2014-11-03 04:00:00,2140,682123069.7226783
2014-11-03 04:30:00,2288,682123069.7226783
2014-11-03 05:00:00,2948,682123069.7226783
2014-11-03 05:30:00,4813,682123069.7226783
2014-11-03 06:00:00,8044,682123069.7226783
2014-11-03 06:30:00,12885,682123069.7226783
2014-11-03 07:00:00,14627,682123069.7226783
2014-11-03 07:30:00,18111,682123069.7226783
2014-11-03 08:00:00,18266,682123069.7226783
2014-11-03 08:30:00,18384,682123069.7226783
2014-11-03 09:00:00,18104,682123069.7226783
2014-11-03 09:30:00,17357,682123069.7226783
2014-11-03 10:00:00,16008,682123069.7226783
2014-11-03 10:30:00,16379,682123069.7226783
2014-11-03 11:00:00,15351,682123069.7226783
2014-11-03 11:30:00,16770,682123069.7226783
2014-11-03 12:00:00,16711,682123069.7226783
2014-11-03 12:30:00,17011,682123069.7226783
2014-11-03 13:00:00,16373,682123069.7226783
2014-11-03 13:30:00,17097,682123069.7226783
2014-11-03 14:00:00,17364,682123069.7226783
2014-11-03 14:30:00,18333,682123069.7226783
2014-11-03 15:00:00,18428,682123069.7226783
2014-11-03 15:30:00,16974,682123069.7226783
2014-11-03 16:00:00,16139,682123069.7226783
2014-11-03 16:30:00,15205,682123069.7226783
2014-11-03 17:00:00,17392,682123069.7226783
2014-11-03 17:30:00,20141,682123069.7226783
2014-11-03 18:00:00,22581,682123069.7226783
2014-11-03 18:30:00,23098,682123069.7226783
2014-11-03 19:00:00,23154,682123069.7226783
2014-11-03 19:30:00,22688,682123069.7226783
2014-11-03 20:00:00,22047,682123069.7226783
2014-11-03 20:30:00,21283,682123069.7226783
2014-11-03 21:00:00,21070,682123069.7226783
2014-11-03 21:30:00,19910,682123069.7226783
2014-11-03 22:00:00,20541,682123069.7226783
2014-11-03 22:30:00,18105,682123069.7226783
2014-11-03 23:00:00,14554,682123069.7226783
2014-11-03 23:30:00,12695,682123069.7226783
2014-11-04 00:00:00,10667,682123069.7226783
2014-11-04 00:30:00,8479,682123069.7226783
2014-11-04 01:00:00,6005,682123069.7226783
2014-11-04 01:30:00,3899,682123069.7226783
2014-11-04 02:00:00,3111,682123069.7226783
2014-11-04 02:30:00,2526,682123069.7226783
2014-11-04 03:00:00,2112,682123069.7226783
2014-11-04 03:30:00,1885,682123069.7226783
2014-11-04 04:00:00,1921,682123069.7226783
2014-11-04 04:30:00,2267,682123069.7226783
2014-11-04 05:00:00,2413,682123069.7226783
2014-11-04 05:30:00,4413,682123069.7226783
2014-11-04 06:00:00,7168,682123069.7226783
2014-11-04 06:30:00,12160,682123069.7226783
2014-11-04 07:00:00,14845,682123069.7226783
2014-11-04 07:30:00,18403,682123069.7226783
2014-11-04 08:00:00,18445,682123069.7226783
2014-11-04 08:30:00,19018,682123069.7226783
2014-11-04 09:00:00,18105,682123069.7226783
2014-11-04 09:30:00,17459,682123069.7226783
2014-11-04 10:00:00,16381,682123069.7226783
2014-11-04 10:30:00,16623,682123069.7226783
2014-11-04 11:00:00,16144,682123069.7226783
2014-11-04 11:30:00,17318,682123069.7226783
2014-11-04 12:00:00,17658,682123069.7226783
2014-11-04 12:30:00,17108,682123069.7226783
2014-11-04 13:00:00,16178,682123069.7226783
2014-11-04 13:30:00,17973,682123069.7226783
2014-11-04 14:00:00,18152,682123069.7226783
2014-11-04 14:30:00,18445,682123069.7226783
2014-11-04 15:00:00,18556,682123069.7226783
2014-11-04 15:30:00,16865,682123069.7226783
2014-11-04 16:00:00,14505,682123069.7226783
2014-11-04 16:30:00,13471,682123069.7226783
2014-11-04 17:00:00,15853,682123069.7226783
2014-11-04 17:30:00,18369,682123069.7226783
2014-11-04 18:00:00,20968,682123069.7226783
2014-11-04 18:30:00,22239,682123069.7226783
2014-11-04 19:00:00,22626,682123069.7226783
2014-11-04 19:30:00,22924,682123069.7226783
2014-11-04 20:00:00,22853,682123069.7226783
2014-11-04 20:30:00,22393,682123069.7226783
2014-11-04 21:00:00,23088,682123069.7226783
2014-11-04 21:30:00,22431,682123069.7226783
2014-11-04 22:00:00,22239,682123069.7226783
2014-11-04 22:30:00,19918,682123069.7226783
2014-11-04 23:00:00,17675,682123069.7226783
2014-11-04 23:30:00,14953,682123069.7226783
2014-11-05 00:00:00,12025,682123069.7226783
2014-11-05 00:30:00,8767,682123069.7226783
2014-11-05 01:00:00,6670,682123069.7226783
2014-11-05 01:30:00,5197,682123069.7226783
2014-11-05 02:00:00,4289,682123069.7226783
2014-11-05 02:30:00,3186,682123069.7226783
2014-11-05 03:00:00,2747,682123069.7226783
2014-11-05 03:30:00,2257,682123069.7226783
2014-11-05 04:00:00,2397,682123069.7226783
2014-11-05 04:30:00,2205,682123069.7226783
2014-11-05 05:00:00,2625,682123069.7226783
2014-11-05 05:30:00,4404,682123069.7226783
2014-11-05 06:00:00,7007,682123069.7226783
2014-11-05 06:30:00,12065,682123069.7226783
2014-11-05 07:00:00,15803,682123069.7226783
2014-11-05 07:30:00,19844,682123069.7226783
2014-11-05 08:00:00,19937,682123069.7226783
2014-11-05 08:30:00,20299,682123069.7226783
2014-11-05 09:00:00,19584,682123069.7226783
2014-11-05 09:30:00,19313,682123069.7226783
2014-11-05 10:00:00,16887,682123069.7226783
2014-11-05 10:30:00,17118,682123069.7226783
2014-11-05 11:00:00,16847,682123069.7226783
2014-11-05 11:30:00,18356,682123069.7226783
2014-11-05 12:00:00,18124,682123069.7226783
2014-11-05 12:30:00,17783,682123069.7226783
2014-11-05 13:00:00,17223,682123069.7226783
2014-11-05 13:30:00,17852,682123069.7226783
2014-11-05 14:00:00,18374,682123069.7226783
2014-11-05 14:30:00,18641,682123069.7226783
2014-11-05 15:00:00,18913,682123069.7226783
2014-11-05 15:30:00,16314,682123069.7226783
2014-11-05 16:00:00,13917,682123069.7226783
2014-11-05 16:30:00,13151,682123069.7226783
2014-11-05 17:00:00,16100,682123069.7226783
2014-11-05 17:30:00,19136,682123069.7226783
2014-11-05 18:00:00,21762,682123069.7226783
2014-11-05 18:30:00,22829,682123069.7226783
2014-11-05 19:00:00,23705,682123069.7226783
2014-11-05 19:30:00,23740,682123069.7226783
2014-11-05 20:00:00,23789,682123069.7226783
2014-11-05 20:30:00,23389,682123069.7226783
2014-11-05 21:00:00,24122,682123069.7226783
2014-11-05 21:30:00,24156,682123069.7226783
2014-11-05 22:00:00,23679,682123069.7226783
2014-11-05 22:30:00,22803,682123069.7226783
2014-11-05 23:00:00,20814,682123069.7226783
2014-11-05 23:30:00,17376,682123069.7226783
2014-11-06 00:00:00,13846,682123069.7226783
2014-11-06 00:30:00,10387,682123069.7226783
2014-11-06 01:00:00,8384,682123069.7226783
2014-11-06 01:30:00,6455,682123069.7226783
2014-11-06 02:00:00,5043,682123069.7226783
2014-11-06 02:30:00,3738,682123069.7226783
2014-11-06 03:00:00,3155,682123069.7226783
2014-11-06 03:30:00,2758,682123069.7226783
2014-11-06 04:00:00,3122,682123069.7226783
2014-11-06 04:30:00,2625,682123069.7226783
2014-11-06 05:00:00,2760,682123069.7226783
2014-11-06 05:30:00,4995,682123069.7226783
2014-11-06 06:00:00,8021,682123069.7226783
2014-11-06 06:30:00,13803,682123069.7226783
2014-11-06 07:00:00,17405,682123069.7226783
2014-11-06 07:30:00,20841,682123069.7226783
2014-11-06 08:00:00,21338,682123069.7226783
2014-11-06 08:30:00,21281,682123069.7226783
2014-11-06 09:00:00,20108,682123069.7226783
2014-11-06 09:30:00,20198,682123069.7226783
2014-11-06 10:00:00,19035,682123069.7226783
2014-11-06 10:30:00,19155,682123069.7226783
2014-11-06 11:00:00,17964,682123069.7226783
2014-11-06 11:30:00,18680,682123069.7226783
2014-11-06 12:00:00,18600,682123069.7226783
2014-11-06 12:30:00,17556,682123069.7226783
2014-11-06 13:00:00,17373,682123069.7226783
2014-11-06 13:30:00,17832,682123069.7226783
2014-11-06 14:00:00,18087,682123069.7226783
2014-11-06 14:30:00,18057,682123069.7226783
2014-11-06 15:00:00,17634,682123069.7226783
2014-11-06 15:30:00,15492,682123069.7226783
2014-11-06 16:00:00,13677,682123069.7226783
2014-11-06 16:30:00,12574,682123069.7226783
2014-11-06 17:00:00,15818,682123069.7226783
2014-11-06 17:30:00,19350,682123069.7226783
2014-11-06 18:00:00,21754,682123069.7226783
2014-11-06 18:30:00,23740,682123069.7226783
2014-11-06 19:00:00,24666,682123069.7226783
2014-11-06 19:30:00,25142,682123069.7226783
2014-11-06 20:00:00,25597,682123069.7226783
2014-11-06 20:30:00,25126,682123069.7226783
2014-11-06 21:00:00,25312,682123069.7226783
2014-11-06 21:30:00,26067,682123069.7226783
2014-11-06 22:00:00,25613,682123069.7226783
2014-11-06 22:30:00,23971,682123069.7226783
2014-11-06 23:00:00,22859,682123069.7226783
2014-11-06 23:30:00,21287,682123069.7226783
2014-11-07 00:00:00,18308,682123069.7226783
2014-11-07 00:30:00,14352,682123069.7226783
2014-11-07 01:00:00,11746,682123069.7226783
2014-11-07 01:30:00,9042,682123069.7226783
2014-11-07 02:00:00,7318,682123069.7226783
2014-11-07 02:30:00,6009,682123069.7226783
2014-11-07 03:00:00,5364,682123069.7226783
2014-11-07 03:30:00,4336,682123069.7226783
2014-11-07 04:00:00,4008,682123069.7226783
2014-11-07 04:30:00,3263,682123069.7226783
2014-11-07 05:00:00,3183,682123069.7226783
2014-11-07 05:30:00,4813,682123069.7226783
2014-11-07 06:00:00,7519,682123069.7226783
2014-11-07 06:30:00,12074,682123069.7226783
2014-11-07 07:00:00,15249,682123069.7226783
2014-11-07 07:30:00,19300,682123069.7226783
2014-11-07 08:00:00,19564,682123069.7226783
2014-11-07 08:30:00,19132,682123069.7226783
2014-11-07 09:00:00,18454,682123069.7226783
2014-11-07 09:30:00,17950,682123069.7226783
2014-11-07 10:00:00,17374,682123069.7226783
2014-11-07 10:30:00,17674,682123069.7226783
2014-11-07 11:00:00,17016,682123069.7226783
2014-11-07 11:30:00,18484,682123069.7226783
2014-11-07 12:00:00,18460,682123069.7226783
2014-11-07 12:30:00,17693,682123069.7226783
2014-11-07 13:00:00,18093,682123069.7226783
2014-11-07 13:30:00,19918,682123069.7226783
2014-11-07 14:00:00,19945,682123069.7226783
2014-11-07 14:30:00,19077,682123069.7226783
2014-11-07 15:00:00,18186,682123069.7226783
2014-11-07 15:30:00,16030,682123069.7226783
2014-11-07 16:00:00,14092,682123069.7226783
2014-11-07 16:30:00,13270,682123069.7226783
2014-11-07 17:00:00,15935,682123069.7226783
2014-11-07 17:30:00,19419,682123069.7226783
2014-11-07 18:00:00,21778,682123069.7226783
2014-11-07 18:30:00,24460,682123069.7226783
2014-11-07 19:00:00,26246,682123069.7226783
2014-11-07 19:30:00,27224,682123069.7226783
2014-11-07 20:00:00,26862,682123069.7226783
2014-11-07 20:30:00,27340,682123069.7226783
2014-11-07 21:00:00,27335,682123069.7226783
2014-11-07 21:30:00,26727,682123069.7226783
2014-11-07 22:00:00,27181,682123069.7226783
2014-11-07 22:30:00,27761,682123069.7226783
2014-11-07 23:00:00,27193,682123069.7226783
2014-11-07 23:30:00,26857,682123069.7226783
2014-11-08 00:00:00,25692,682123069.7226783
2014-11-08 00:30:00,24162,682123069.7226783
2014-11-08 01:00:00,22219,682123069.7226783
2014-11-08 01:30:00,20748,682123069.7226783
2014-11-08 02:00:00,19471,682123069.7226783
2014-11-08 02:30:00,16940,682123069.7226783
2014-11-08 03:00:00,14431,682123069.7226783
2014-11-08 03:30:00,11898,682123069.7226783
2014-11-08 04:00:00,10264,682123069.7226783
2014-11-08 04:30:00,5942,682123069.7226783
2014-11-08 05:00:00,4063,682123069.7226783
2014-11-08 05:30:00,3498,682123069.7226783
2014-11-08 06:00:00,3726,682123069.7226783
2014-11-08 06:30:00,5242,682123069.7226783
2014-11-08 07:00:00,5655,682123069.7226783
2014-11-08 07:30:00,8191,682123069.7226783
2014-11-08 08:00:00,9371,682123069.7226783
2014-11-08 08:30:00,13050,682123069.7226783
2014-11-08 09:00:00,13820,682123069.7226783
2014-11-08 09:30:00,17437,682123069.7226783
2014-11-08 10:00:00,17281,682123069.7226783
2014-11-08 10:30:00,19718,682123069.7226783
2014-11-08 11:00:00,19999,682123069.7226783
2014-11-08 11:30:00,22047,682123069.7226783
2014-11-08 12:00:00,22352,682123069.7226783
2014-11-08 12:30:00,22898,682123069.7226783
2014-11-08 13:00:00,22660,682123069.7226783
2014-11-08 13:30:00,23047,682123069.7226783
2014-11-08 14:00:00,21976,682123069.7226783
2014-11-08 14:30:00,22746,682123069.7226783
2014-11-08 15:00:00,22382,682123069.7226783
2014-11-08 15:30:00,21956,682123069.7226783
2014-11-08 16:00:00,18619,682123069.7226783
2014-11-08 16:30:00,15861,682123069.7226783
2014-11-08 17:00:00,18326,682123069.7226783
2014-11-08 17:30:00,22332,682123069.7226783
2014-11-08 18:00:00,25097,682123069.7226783
2014-11-08 18:30:00,27236,682123069.7226783
2014-11-08 19:00:00,27898,682123069.7226783
2014-11-08 19:30:00,26790,682123069.7226783
2014-11-08 20:00:00,25561,682123069.7226783
2014-11-08 20:30:00,24344,682123069.7226783
2014-11-08 21:00:00,23890,682123069.7226783
2014-11-08 21:30:00,24609,682123069.7226783
2014-11-08 22:00:00,26595,682123069.7226783
2014-11-08 22:30:00,27260,682123069.7226783
2014-11-08 23:00:00,27998,682123069.7226783
2014-11-08 23:30:00,27854,682123069.7226783
2014-11-09 00:00:00,26931,682123069.7226783
2014-11-09 00:30:00,25208,682123069.7226783
2014-11-09 01:00:00,23782,682123069.7226783
2014-11-09 01:30:00,22472,682123069.7226783
2014-11-09 02:00:00,21183,682123069.7226783
2014-11-09 02:30:00,18443,682123069.7226783
2014-11-09 03:00:00,16105,682123069.7226783
2014-11-09 03:30:00,13801,682123069.7226783
2014-11-09 04:00:00,11997,682123069.7226783
2014-11-09 04:30:00,7112,682123069.7226783
2014-11-09 05:00:00,4627,682123069.7226783
2014-11-09 05:30:00,3683,682123069.7226783
2014-11-09 06:00:00,3587,682123069.7226783
2014-11-09 06:30:00,4158,682123069.7226783
2014-11-09 07:00:00,4351,682123069.7226783
2014-11-09 07:30:00,5823,682123069.7226783
2014-11-09 08:00:00,6850,682123069.7226783
2014-11-09 08:30:00,9839,682123069.7226783
2014-11-09 09:00:00,11422,682123069.7226783
2014-11-09 09:30:00,14897,682123069.7226783
2014-11-09 10:00:00,15815,682123069.7226783
2014-11-09 10:30:00,18787,682123069.7226783
2014-11-09 11:00:00,18880,682123069.7226783
2014-11-09 11:30:00,19871,682123069.7226783
2014-11-09 12:00:00,20722,682123069.7226783
2014-11-09 12:30:00,21774,682123069.7226783
2014-11-09 13:00:00,21318,682123069.7226783
2014-11-09 13:30:00,20699,682123069.7226783
2014-11-09 14:00:00,20831,682123069.7226783
2014-11-09 14:30:00,20467,682123069.7226783
2014-11-09 15:00:00,20249,682123069.7226783
2014-11-09 15:30:00,20100,682123069.7226783
2014-11-09 16:00:00,18688,682123069.7226783
2014-11-09 16:30:00,17249,682123069.7226783
2014-11-09 17:00:00,18573,682123069.7226783
2014-11-09 17:30:00,19937,682123069.7226783
2014-11-09 18:00:00,20564,682123069.7226783
2014-11-09 18:30:00,20132,682123069.7226783
2014-11-09 19:00:00,19654,682123069.7226783
2014-11-09 19:30:00,18449,682123069.7226783
2014-11-09 20:00:00,17176,682123069.7226783
2014-11-09 20:30:00,17596,682123069.7226783
2014-11-09 21:00:00,16431,682123069.7226783
2014-11-09 21:30:00,15860,682123069.7226783
2014-11-09 22:00:00,15253,682123069.7226783
2014-11-09 22:30:00,13845,682123069.7226783
2014-11-09 23:00:00,11656,682123069.7226783
2014-11-09 23:30:00,9818,682123069.7226783
2014-11-10 00:00:00,7870,682123069.7226783
2014-11-10 00:30:00,6079,682123069.7226783
2014-11-10 01:00:00,4644,682123069.7226783
2014-11-10 01:30:00,3501,682123069.7226783
2014-11-10 02:00:00,2989,682123069.7226783
2014-11-10 02:30:00,2247,682123069.7226783
2014-11-10 03:00:00,1853,682123069.7226783
2014-11-10 03:30:00,1791,682123069.7226783
2014-11-10 04:00:00,2189,682123069.7226783
2014-11-10 04:30:00,2328,682123069.7226783
2014-11-10 05:00:00,2827,682123069.7226783
2014-11-10 05:30:00,4738,682123069.7226783
2014-11-10 06:00:00,6803,682123069.7226783
2014-11-10 06:30:00,11738,682123069.7226783
2014-11-10 07:00:00,14296,682123069.7226783
2014-11-10 07:30:00,17240,682123069.7226783
2014-11-10 08:00:00,17657,682123069.7226783
2014-11-10 08:30:00,17904,682123069.7226783
2014-11-10 09:00:00,17705,682123069.7226783
2014-11-10 09:30:00,16814,682123069.7226783
2014-11-10 10:00:00,15908,682123069.7226783
2014-11-10 10:30:00,15545,682123069.7226783
2014-11-10 11:00:00,15119,682123069.7226783
2014-11-10 11:30:00,16241,682123069.7226783
2014-11-10 12:00:00,16354,682123069.7226783
2014-11-10 12:30:00,16002,682123069.7226783
2014-11-10 13:00:00,15560,682123069.7226783
2014-11-10 13:30:00,16855,682123069.7226783
2014-11-10 14:00:00,17292,682123069.7226783
2014-11-10 14:30:00,17780,682123069.7226783
2014-11-10 15:00:00,18467,682123069.7226783
2014-11-10 15:30:00,17048,682123069.7226783
2014-11-10 16:00:00,15386,682123069.7226783
2014-11-10 16:30:00,15329,682123069.7226783
2014-11-10 17:00:00,17444,682123069.7226783
2014-11-10 17:30:00,19765,682123069.7226783
2014-11-10 18:00:00,22418,682123069.7226783
2014-11-10 18:30:00,22794,682123069.7226783
2014-11-10 19:00:00,23094,682123069.7226783
2014-11-10 19:30:00,22197,682123069.7226783
2014-11-10 20:00:00,21796,682123069.7226783
2014-11-10 20:30:00,20849,682123069.7226783
2014-11-10 21:00:00,21169,682123069.7226783
2014-11-10 21:30:00,20613,682123069.7226783
2014-11-10 22:00:00,20734,682123069.7226783
2014-11-10 22:30:00,17540,682123069.7226783
2014-11-10 23:00:00,15189,682123069.7226783
2014-11-10 23:30:00,12879,682123069.7226783
2014-11-11 00:00:00,10511,682123069.7226783
2014-11-11 00:30:00,7509,682123069.7226783
2014-11-11 01:00:00,6277,682123069.7226783
2014-11-11 01:30:00,4622,682123069.7226783
2014-11-11 02:00:00,3785,682123069.7226783
2014-11-11 02:30:00,2970,682123069.7226783
2014-11-11 03:00:00,2332,682123069.7226783
2014-11-11 03:30:00,2166,682123069.7226783
2014-11-11 04:00:00,2179,682123069.7226783
2014-11-11 04:30:00,2040,682123069.7226783
2014-11-11 05:00:00,2278,682123069.7226783
2014-11-11 05:30:00,3860,682123069.7226783
2014-11-11 06:00:00,5517,682123069.7226783
2014-11-11 06:30:00,9569,682123069.7226783
2014-11-11 07:00:00,12272,682123069.7226783
2014-11-11 07:30:00,16460,682123069.7226783
2014-11-11 08:00:00,16976,682123069.7226783
2014-11-11 08:30:00,17823,682123069.7226783
2014-11-11 09:00:00,17655,682123069.7226783
2014-11-11 09:30:00,16946,682123069.7226783
2014-11-11 10:00:00,15846,682123069.7226783
2014-11-11 10:30:00,15835,682123069.7226783
2014-11-11 11:00:00,15442,682123069.7226783
2014-11-11 11:30:00,16069,682123069.7226783
2014-11-11 12:00:00,15966,682123069.7226783
2014-11-11 12:30:00,15584,682123069.7226783
2014-11-11 13:00:00,15384,682123069.7226783
2014-11-11 13:30:00,15909,682123069.7226783
2014-11-11 14:00:00,16140,682123069.7226783
2014-11-11 14:30:00,16337,682123069.7226783
2014-11-11 15:00:00,16381,682123069.7226783
2014-11-11 15:30:00,15196,682123069.7226783
2014-11-11 16:00:00,13003,682123069.7226783
2014-11-11 16:30:00,12213,682123069.7226783
2014-11-11 17:00:00,15103,682123069.7226783
2014-11-11 17:30:00,18301,682123069.7226783
2014-11-11 18:00:00,20626,682123069.7226783
2014-11-11 18:30:00,22533,682123069.7226783
2014-11-11 19:00:00,22905,682123069.7226783
2014-11-11 19:30:00,22181,682123069.7226783
2014-11-11 20:00:00,21899,682123069.7226783
2014-11-11 20:30:00,21789,682123069.7226783
2014-11-11 21:00:00,22253,682123069.7226783
2014-11-11 21:30:00,22515,682123069.7226783
2014-11-11 22:00:00,21410,682123069.7226783
2014-11-11 22:30:00,19812,682123069.7226783
2014-11-11 23:00:00,17135,682123069.7226783
2014-11-11 23:30:00,13567,682123069.7226783
2014-11-12 00:00:00,10829,682123069.7226783
2014-11-12 00:30:00,7850,682123069.7226783
2014-11-12 01:00:00,6572,682123069.7226783
2014-11-12 01:30:00,4748,682123069.7226783
2014-11-12 02:00:00,3777,682123069.7226783
2014-11-12 02:30:00,3255,682123069.7226783
2014-11-12 03:00:00,2415,682123069.7226783
2014-11-12 03:30:00,2279,682123069.7226783
2014-11-12 04:00:00,2353,682123069.7226783
2014-11-12 04:30:00,2142,682123069.7226783
2014-11-12 05:00:00,2540,682123069.7226783
2014-11-12 05:30:00,4177,682123069.7226783
2014-11-12 06:00:00,6843,682123069.7226783
2014-11-12 06:30:00,11818,682123069.7226783
2014-11-12 07:00:00,15665,682123069.7226783
2014-11-12 07:30:00,19785,682123069.7226783
2014-11-12 08:00:00,19813,682123069.7226783
2014-11-12 08:30:00,19623,682123069.7226783
2014-11-12 09:00:00,18444,682123069.7226783
2014-11-12 09:30:00,17937,682123069.7226783
2014-11-12 10:00:00,16552,682123069.7226783
2014-11-12 10:30:00,17394,682123069.7226783
2014-11-12 11:00:00,16960,682123069.7226783
2014-11-12 11:30:00,18105,682123069.7226783
2014-11-12 12:00:00,17724,682123069.7226783
2014-11-12 12:30:00,16327,682123069.7226783
2014-11-12 13:00:00,16527,682123069.7226783
2014-11-12 13:30:00,17290,682123069.7226783
2014-11-12 14:00:00,18042,682123069.7226783
2014-11-12 14:30:00,18250,682123069.7226783
2014-11-12 15:00:00,17656,682123069.7226783
2014-11-12 15:30:00,16288,682123069.7226783
2014-11-12 16:00:00,13992,682123069.7226783
2014-11-12 16:30:00,12912,682123069.7226783
2014-11-12 17:00:00,16032,682123069.7226783
2014-11-12 17:30:00,18814,682123069.7226783
2014-11-12 18:00:00,21296,682123069.7226783
2014-11-12 18:30:00,23115,682123069.7226783
2014-11-12 19:00:00,23859,682123069.7226783
2014-11-12 19:30:00,24749,682123069.7226783
2014-11-12 20:00:00,23879,682123069.7226783
2014-11-12 20:30:00,23815,682123069.7226783
2014-11-12 21:00:00,24595,682123069.7226783
2014-11-12 21:30:00,24494,682123069.7226783
2014-11-12 22:00:00,24213,682123069.7226783
2014-11-12 22:30:00,22931,682123069.7226783
2014-11-12 23:00:00,20785,682123069.7226783
2014-11-12 23:30:00,17464,682123069.7226783
2014-11-13 00:00:00,13303,682123069.7226783
2014-11-13 00:30:00,10350,682123069.7226783
2014-11-13 01:00:00,7850,682123069.7226783
2014-11-13 01:30:00,5961,682123069.7226783
2014-11-13 02:00:00,5051,682123069.7226783
2014-11-13 02:30:00,3833,682123069.7226783
2014-11-13 03:00:00,3006,682123069.7226783
2014-11-13 03:30:00,2515,682123069.7226783
2014-11-13 04:00:00,2816,682123069.7226783
2014-11-13 04:30:00,2248,682123069.7226783
2014-11-13 05:00:00,2621,682123069.7226783
2014-11-13 05:30:00,4392,682123069.7226783
2014-11-13 06:00:00,7062,682123069.7226783
2014-11-13 06:30:00,12333,682123069.7226783
2014-11-13 07:00:00,15661,682123069.7226783
2014-11-13 07:30:00,19597,682123069.7226783
2014-11-13 08:00:00,20200,682123069.7226783
2014-11-13 08:30:00,19843,682123069.7226783
2014-11-13 09:00:00,19031,682123069.7226783
2014-11-13 09:30:00,18253,682123069.7226783
2014-11-13 10:00:00,17244,682123069.7226783
2014-11-13 10:30:00,17402,682123069.7226783
2014-11-13 11:00:00,17286,682123069.7226783
2014-11-13 11:30:00,18936,682123069.7226783
2014-11-13 12:00:00,18516,682123069.7226783
2014-11-13 12:30:00,17635,682123069.7226783
2014-11-13 13:00:00,17343,682123069.7226783
2014-11-13 13:30:00,19090,682123069.7226783
2014-11-13 14:00:00,19197,682123069.7226783
2014-11-13 14:30:00,19207,682123069.7226783
2014-11-13 15:00:00,18412,682123069.7226783
2014-11-13 15:30:00,16391,682123069.7226783
2014-11-13 16:00:00,13472,682123069.7226783
2014-11-13 16:30:00,12807,682123069.7226783
2014-11-13 17:00:00,16097,682123069.7226783
2014-11-13 17:30:00,19322,682123069.7226783
2014-11-13 18:00:00,21645,682123069.7226783
2014-11-13 18:30:00,22745,682123069.7226783
2014-11-13 19:00:00,24219,682123069.7226783
2014-11-13 19:30:00,25443,682123069.7226783
2014-11-13 20:00:00,25695,682123069.7226783
2014-11-13 20:30:00,25994,682123069.7226783
2014-11-13 21:00:00,26424,682123069.7226783
2014-11-13 21:30:00,25450,682123069.7226783
2014-11-13 22:00:00,24621,682123069.7226783
2014-11-13 22:30:00,23727,682123069.7226783
2014-11-13 23:00:00,22503,682123069.7226783
2014-11-13 23:30:00,20709,682123069.7226783
2014-11-14 00:00:00,17932,682123069.7226783
2014-11-14 00:30:00,14668,682123069.7226783
2014-11-14 01:00:00,11986,682123069.7226783
2014-11-14 01:30:00,9213,682123069.7226783
2014-11-14 02:00:00,7202,682123069.7226783
2014-11-14 02:30:00,5552,682123069.7226783
2014-11-14 03:00:00,5023,682123069.7226783
2014-11-14 03:30:00,3900,682123069.7226783
2014-11-14 04:00:00,4039,682123069.7226783
2014-11-14 04:30:00,2987,682123069.7226783
2014-11-14 05:00:00,3090,682123069.7226783
2014-11-14 05:30:00,4737,682123069.7226783
2014-11-14 06:00:00,7102,682123069.7226783
2014-11-14 06:30:00,12268,682123069.7226783
2014-11-14 07:00:00,15903,682123069.7226783
2014-11-14 07:30:00,20015,682123069.7226783
2014-11-14 08:00:00,20432,682123069.7226783
2014-11-14 08:30:00,20735,682123069.7226783
2014-11-14 09:00:00,19149,682123069.7226783
2014-11-14 09:30:00,18665,682123069.7226783
2014-11-14 10:00:00,17992,682123069.7226783
2014-11-14 10:30:00,17773,682123069.7226783
2014-11-14 11:00:00,17786,682123069.7226783
2014-11-14 11:30:00,18128,682123069.7226783
2014-11-14 12:00:00,18355,682123069.7226783
2014-11-14 12:30:00,17629,682123069.7226783
2014-11-14 13:00:00,17104,682123069.7226783
2014-11-14 13:30:00,18151,682123069.7226783
2014-11-14 14:00:00,18892,682123069.7226783
2014-11-14 14:30:00,19540,682123069.7226783
2014-11-14 15:00:00,18557,682123069.7226783
2014-11-14 15:30:00,16263,682123069.7226783
2014-11-14 16:00:00,14668,682123069.7226783
2014-11-14 16:30:00,13473,682123069.7226783
2014-11-14 17:00:00,16747,682123069.7226783
2014-11-14 17:30:00,20594,682123069.7226783
2014-11-14 18:00:00,23151,682123069.7226783
2014-11-14 18:30:00,25446,682123069.7226783
2014-11-14 19:00:00,27196,682123069.7226783
2014-11-14 19:30:00,26881,682123069.7226783
2014-11-14 20:00:00,25994,682123069.7226783
2014-11-14 20:30:00,25879,682123069.7226783
2014-11-14 21:00:00,26301,682123069.7226783
2014-11-14 21:30:00,27136,682123069.7226783
2014-11-14 22:00:00,26940,682123069.7226783
2014-11-14 22:30:00,26834,682123069.7226783
2014-11-14 23:00:00,26960,682123069.7226783
2014-11-14 23:30:00,26107,682123069.7226783
2014-11-15 00:00:00,25034,682123069.7226783
2014-11-15 00:30:00,24103,682123069.7226783
2014-11-15 01:00:00,22682,682123069.7226783
2014-11-15 01:30:00,20630,682123069.7226783
2014-11-15 02:00:00,19226,682123069.7226783
2014-11-15 02:30:00,16555,682123069.7226783
2014-11-15 03:00:00,14088,682123069.7226783
2014-11-15 03:30:00,12491,682123069.7226783
2014-11-15 04:00:00,10208,682123069.7226783
2014-11-15 04:30:00,5853,682123069.7226783
2014-11-15 05:00:00,4019,682123069.7226783
2014-11-15 05:30:00,3477,682123069.7226783
2014-11-15 06:00:00,3582,682123069.7226783
2014-11-15 06:30:00,4936,682123069.7226783
2014-11-15 07:00:00,5272,682123069.7226783
2014-11-15 07:30:00,7427,682123069.7226783
2014-11-15 08:00:00,8646,682123069.7226783
2014-11-15 08:30:00,12313,682123069.7226783
2014-11-15 09:00:00,13426,682123069.7226783
2014-11-15 09:30:00,17040,682123069.7226783
2014-11-15 10:00:00,16811,682123069.7226783
2014-11-15 10:30:00,19069,682123069.7226783
2014-11-15 11:00:00,19423,682123069.7226783
2014-11-15 11:30:00,21552,682123069.7226783
2014-11-15 12:00:00,21685,682123069.7226783
2014-11-15 12:30:00,22380,682123069.7226783
2014-11-15 13:00:00,21954,682123069.7226783
2014-11-15 13:30:00,21926,682123069.7226783
2014-11-15 14:00:00,21851,682123069.7226783
2014-11-15 14:30:00,22014,682123069.7226783
2014-11-15 15:00:00,22075,682123069.7226783
2014-11-15 15:30:00,20936,682123069.7226783
2014-11-15 16:00:00,18358,682123069.7226783
2014-11-15 16:30:00,15289,682123069.7226783
2014-11-15 17:00:00,17742,682123069.7226783
2014-11-15 17:30:00,21769,682123069.7226783
2014-11-15 18:00:00,24058,682123069.7226783
2014-11-15 18:30:00,26029,682123069.7226783
2014-11-15 19:00:00,27266,682123069.7226783
2014-11-15 19:30:00,26817,682123069.7226783
2014-11-15 20:00:00,25049,682123069.7226783
2014-11-15 20:30:00,23713,682123069.7226783
2014-11-15 21:00:00,23324,682123069.7226783
2014-11-15 21:30:00,23970,682123069.7226783
2014-11-15 22:00:00,26325,682123069.7226783
2014-11-15 22:30:00,26139,682123069.7226783
2014-11-15 23:00:00,27312,682123069.7226783
2014-11-15 23:30:00,28114,682123069.7226783
2014-11-16 00:00:00,26651,682123069.7226783
2014-11-16 00:30:00,25212,682123069.7226783
2014-11-16 01:00:00,24273,682123069.7226783
2014-11-16 01:30:00,22665,682123069.7226783
2014-11-16 02:00:00,21069,682123069.7226783
2014-11-16 02:30:00,18803,682123069.7226783
2014-11-16 03:00:00,16590,682123069.7226783
2014-11-16 03:30:00,14414,682123069.7226783
2014-11-16 04:00:00,12228,682123069.7226783
2014-11-16 04:30:00,7230,682123069.7226783
2014-11-16 05:00:00,4624,682123069.7226783
2014-11-16 05:30:00,3594,682123069.7226783
2014-11-16 06:00:00,3332,682123069.7226783
2014-11-16 06:30:00,4083,682123069.7226783
2014-11-16 07:00:00,4416,682123069.7226783
2014-11-16 07:30:00,5214,682123069.7226783
2014-11-16 08:00:00,6429,682123069.7226783
2014-11-16 08:30:00,8898,682123069.7226783
2014-11-16 09:00:00,10911,682123069.7226783
2014-11-16 09:30:00,13475,682123069.7226783
2014-11-16 10:00:00,15157,682123069.7226783
2014-11-16 10:30:00,18595,682123069.7226783
2014-11-16 11:00:00,19233,682123069.7226783
2014-11-16 11:30:00,20372,682123069.7226783
2014-11-16 12:00:00,21847,682123069.7226783
2014-11-16 12:30:00,21695,682123069.7226783
2014-11-16 13:00:00,21880,682123069.7226783
2014-11-16 13:30:00,21047,682123069.7226783
2014-11-16 14:00:00,21107,682123069.7226783
2014-11-16 14:30:00,20602,682123069.7226783
2014-11-16 15:00:00,19817,682123069.7226783
2014-11-16 15:30:00,19310,682123069.7226783
2014-11-16 16:00:00,18479,682123069.7226783
2014-11-16 16:30:00,16296,682123069.7226783
2014-11-16 17:00:00,17751,682123069.7226783
2014-11-16 17:30:00,19230,682123069.7226783
2014-11-16 18:00:00,19883,682123069.7226783
2014-11-16 18:30:00,19768,682123069.7226783
2014-11-16 19:00:00,18931,682123069.7226783
2014-11-16 19:30:00,17936,682123069.7226783
2014-11-16 20:00:00,16360,682123069.7226783
2014-11-16 20:30:00,16885,682123069.7226783
2014-11-16 21:00:00,16000,682123069.7226783
2014-11-16 21:30:00,14902,682123069.7226783
2014-11-16 22:00:00,13707,682123069.7226783
2014-11-16 22:30:00,13406,682123069.7226783
2014-11-16 23:00:00,12021,682123069.7226783
2014-11-16 23:30:00,11115,682123069.7226783
2014-11-17 00:00:00,8317,682123069.7226783
2014-11-17 00:30:00,5887,682123069.7226783
2014-11-17 01:00:00,4464,682123069.7226783
2014-11-17 01:30:00,3425,682123069.7226783
2014-11-17 02:00:00,2961,682123069.7226783
2014-11-17 02:30:00,2328,682123069.7226783
2014-11-17 03:00:00,2020,682123069.7226783
2014-11-17 03:30:00,1764,682123069.7226783
2014-11-17 04:00:00,2139,682123069.7226783
2014-11-17 04:30:00,2296,682123069.7226783
2014-11-17 05:00:00,2960,682123069.7226783
2014-11-17 05:30:00,5121,682123069.7226783
2014-11-17 06:00:00,7871,682123069.7226783
2014-11-17 06:30:00,11902,682123069.7226783
2014-11-17 07:00:00,14583,682123069.7226783
2014-11-17 07:30:00,17190,682123069.7226783
2014-11-17 08:00:00,18725,682123069.7226783
2014-11-17 08:30:00,18822,682123069.7226783
2014-11-17 09:00:00,17992,682123069.7226783
2014-11-17 09:30:00,17210,682123069.7226783
2014-11-17 10:00:00,15940,682123069.7226783
2014-11-17 10:30:00,17094,682123069.7226783
2014-11-17 11:00:00,15247,682123069.7226783
2014-11-17 11:30:00,16676,682123069.7226783
2014-11-17 12:00:00,16895,682123069.7226783
2014-11-17 12:30:00,17205,682123069.7226783
2014-11-17 13:00:00,17634,682123069.7226783
2014-11-17 13:30:00,18189,682123069.7226783
2014-11-17 14:00:00,19319,682123069.7226783
2014-11-17 14:30:00,18757,682123069.7226783
2014-11-17 15:00:00,17239,682123069.7226783
2014-11-17 15:30:00,14885,682123069.7226783
2014-11-17 16:00:00,13577,682123069.7226783
2014-11-17 16:30:00,13513,682123069.7226783
2014-11-17 17:00:00,15864,682123069.7226783
2014-11-17 17:30:00,18502,682123069.7226783
2014-11-17 18:00:00,20313,682123069.7226783
2014-11-17 18:30:00,20674,682123069.7226783
2014-11-17 19:00:00,21079,682123069.7226783
2014-11-17 19:30:00,21433,682123069.7226783
2014-11-17 20:00:00,20590,682123069.7226783
2014-11-17 20:30:00,19515,682123069.7226783
2014-11-17 21:00:00,20194,682123069.7226783
2014-11-17 21:30:00,19251,682123069.7226783
2014-11-17 22:00:00,18436,682123069.7226783
2014-11-17 22:30:00,16099,682123069.7226783
2014-11-17 23:00:00,14985,682123069.7226783
2014-11-17 23:30:00,11612,682123069.7226783
2014-11-18 00:00:00,9828,682123069.7226783
2014-11-18 00:30:00,7529,682123069.7226783
2014-11-18 01:00:00,6162,682123069.7226783
2014-11-18 01:30:00,4296,682123069.7226783
2014-11-18 02:00:00,3090,682123069.7226783
2014-11-18 02:30:00,2366,682123069.7226783
2014-11-18 03:00:00,2094,682123069.7226783
2014-11-18 03:30:00,1831,682123069.7226783
2014-11-18 04:00:00,1987,682123069.7226783
2014-11-18 04:30:00,1936,682123069.7226783
2014-11-18 05:00:00,2346,682123069.7226783
2014-11-18 05:30:00,4328,682123069.7226783
2014-11-18 06:00:00,6935,682123069.7226783
2014-11-18 06:30:00,12642,682123069.7226783
2014-11-18 07:00:00,16037,682123069.7226783
2014-11-18 07:30:00,20032,682123069.7226783
2014-11-18 08:00:00,20709,682123069.7226783
2014-11-18 08:30:00,20897,682123069.7226783
2014-11-18 09:00:00,20127,682123069.7226783
2014-11-18 09:30:00,19075,682123069.7226783
2014-11-18 10:00:00,17883,682123069.7226783
2014-11-18 10:30:00,17581,682123069.7226783
2014-11-18 11:00:00,16559,682123069.7226783
2014-11-18 11:30:00,17870,682123069.7226783
2014-11-18 12:00:00,18097,682123069.7226783
2014-11-18 12:30:00,17714,682123069.7226783
2014-11-18 13:00:00,17104,682123069.7226783
2014-11-18 13:30:00,17999,682123069.7226783
2014-11-18 14:00:00,19071,682123069.7226783
2014-11-18 14:30:00,19197,682123069.7226783
2014-11-18 15:00:00,19000,682123069.7226783
2014-11-18 15:30:00,17013,682123069.7226783
2014-11-18 16:00:00,14962,682123069.7226783
2014-11-18 16:30:00,13727,682123069.7226783
2014-11-18 17:00:00,16826,682123069.7226783
2014-11-18 17:30:00,20320,682123069.7226783
2014-11-18 18:00:00,23167,682123069.7226783
2014-11-18 18:30:00,23782,682123069.7226783
2014-11-18 19:00:00,24068,682123069.7226783
2014-11-18 19:30:00,24831,682123069.7226783
2014-11-18 20:00:00,25564,682123069.7226783
2014-11-18 20:30:00,25300,682123069.7226783
2014-11-18 21:00:00,25503,682123069.7226783
2014-11-18 21:30:00,24598,682123069.7226783
2014-11-18 22:00:00,24120,682123069.7226783
2014-11-18 22:30:00,22641,682123069.7226783
2014-11-18 23:00:00,19722,682123069.7226783
2014-11-18 23:30:00,15507,682123069.7226783
2014-11-19 00:00:00,12079,682123069.7226783
2014-11-19 00:30:00,8561,682123069.7226783
2014-11-19 01:00:00,6632,682123069.7226783
2014-11-19 01:30:00,4846,682123069.7226783
2014-11-19 02:00:00,3996,682123069.7226783
2014-11-19 02:30:00,3339,682123069.7226783
2014-11-19 03:00:00,2594,682123069.7226783
2014-11-19 03:30:00,2315,682123069.7226783
2014-11-19 04:00:00,2462,682123069.7226783
2014-11-19 04:30:00,2077,682123069.7226783
2014-11-19 05:00:00,2448,682123069.7226783
2014-11-19 05:30:00,4656,682123069.7226783
2014-11-19 06:00:00,7055,682123069.7226783
2014-11-19 06:30:00,12903,682123069.7226783
2014-11-19 07:00:00,16639,682123069.7226783
2014-11-19 07:30:00,20585,682123069.7226783
2014-11-19 08:00:00,21833,682123069.7226783
2014-11-19 08:30:00,21453,682123069.7226783
2014-11-19 09:00:00,20023,682123069.7226783
2014-11-19 09:30:00,18790,682123069.7226783
2014-11-19 10:00:00,18382,682123069.7226783
2014-11-19 10:30:00,17956,682123069.7226783
2014-11-19 11:00:00,17477,682123069.7226783
2014-11-19 11:30:00,18590,682123069.7226783
2014-11-19 12:00:00,18409,682123069.7226783
2014-11-19 12:30:00,18020,682123069.7226783
2014-11-19 13:00:00,16950,682123069.7226783
2014-11-19 13:30:00,17826,682123069.7226783
2014-11-19 14:00:00,18105,682123069.7226783
2014-11-19 14:30:00,18187,682123069.7226783
2014-11-19 15:00:00,18565,682123069.7226783
2014-11-19 15:30:00,16454,682123069.7226783
2014-11-19 16:00:00,14355,682123069.7226783
2014-11-19 16:30:00,13109,682123069.7226783
2014-11-19 17:00:00,15924,682123069.7226783
2014-11-19 17:30:00,19175,682123069.7226783
2014-11-19 18:00:00,21521,682123069.7226783
2014-11-19 18:30:00,22762,682123069.7226783
2014-11-19 19:00:00,23889,682123069.7226783
2014-11-19 19:30:00,24408,682123069.7226783
2014-11-19 20:00:00,24501,682123069.7226783
2014-11-19 20:30:00,24316,682123069.7226783
2014-11-19 21:00:00,24362,682123069.7226783
2014-11-19 21:30:00,24032,682123069.7226783
2014-11-19 22:00:00,23174,682123069.7226783
2014-11-19 22:30:00,22453,682123069.7226783
2014-11-19 23:00:00,20964,682123069.7226783
2014-11-19 23:30:00,18142,682123069.7226783
2014-11-20 00:00:00,14466,682123069.7226783
2014-11-20 00:30:00,10771,682123069.7226783
2014-11-20 01:00:00,8100,682123069.7226783
2014-11-20 01:30:00,5976,682123069.7226783
2014-11-20 02:00:00,5000,682123069.7226783
2014-11-20 02:30:00,3727,682123069.7226783
2014-11-20 03:00:00,2984,682123069.7226783
2014-11-20 03:30:00,2584,682123069.7226783
2014-11-20 04:00:00,2591,682123069.7226783
2014-11-20 04:30:00,2253,682123069.7226783
2014-11-20 05:00:00,2489,682123069.7226783
2014-11-20 05:30:00,4419,682123069.7226783
2014-11-20 06:00:00,7014,682123069.7226783
2014-11-20 06:30:00,12470,682123069.7226783
2014-11-20 07:00:00,16549,682123069.7226783
2014-11-20 07:30:00,19879,682123069.7226783
2014-11-20 08:00:00,20437,682123069.7226783
2014-11-20 08:30:00,19549,682123069.7226783
2014-11-20 09:00:00,18639,682123069.7226783
2014-11-20 09:30:00,18683,682123069.7226783
2014-11-20 10:00:00,18486,682123069.7226783
2014-11-20 10:30:00,18014,682123069.7226783
2014-11-20 11:00:00,16720,682123069.7226783
2014-11-20 11:30:00,18570,682123069.7226783
2014-11-20 12:00:00,18309,682123069.7226783
2014-11-20 12:30:00,17294,682123069.7226783
2014-11-20 13:00:00,16699,682123069.7226783
2014-11-20 13:30:00,17819,682123069.7226783
2014-11-20 14:00:00,18227,682123069.7226783
2014-11-20 14:30:00,18586,682123069.7226783
2014-11-20 15:00:00,18078,682123069.7226783
2014-11-20 15:30:00,15656,682123069.7226783
2014-11-20 16:00:00,12989,682123069.7226783
2014-11-20 16:30:00,11740,682123069.7226783
2014-11-20 17:00:00,14934,682123069.7226783
2014-11-20 17:30:00,18494,682123069.7226783
2014-11-20 18:00:00,21215,682123069.7226783
2014-11-20 18:30:00,23643,682123069.7226783
2014-11-20 19:00:00,24623,682123069.7226783
2014-11-20 19:30:00,24564,682123069.7226783
2014-11-20 20:00:00,25305,682123069.7226783
2014-11-20 20:30:00,25039,682123069.7226783
2014-11-20 21:00:00,25351,682123069.7226783
2014-11-20 21:30:00,24526,682123069.7226783
2014-11-20 22:00:00,24739,682123069.7226783
2014-11-20 22:30:00,23638,682123069.7226783
2014-11-20 23:00:00,21861,682123069.7226783
2014-11-20 23:30:00,21500,682123069.7226783
2014-11-21 00:00:00,19838,682123069.7226783
2014-11-21 00:30:00,16307,682123069.7226783
2014-11-21 01:00:00,12324,682123069.7226783
2014-11-21 01:30:00,10006,682123069.7226783
2014-11-21 02:00:00,8077,682123069.7226783
2014-11-21 02:30:00,6355,682123069.7226783
2014-11-21 03:00:00,5091,682123069.7226783
2014-11-21 03:30:00,4247,682123069.7226783
2014-11-21 04:00:00,4440,682123069.7226783
2014-11-21 04:30:00,3089,682123069.7226783
2014-11-21 05:00:00,2930,682123069.7226783
2014-11-21 05:30:00,4782,682123069.7226783
2014-11-21 06:00:00,7250,682123069.7226783
2014-11-21 06:30:00,12167,682123069.7226783
2014-11-21 07:00:00,15235,682123069.7226783
2014-11-21 07:30:00,20053,682123069.7226783
2014-11-21 08:00:00,20654,682123069.7226783
2014-11-21 08:30:00,21158,682123069.7226783
2014-11-21 09:00:00,19863,682123069.7226783
2014-11-21 09:30:00,18775,682123069.7226783
2014-11-21 10:00:00,18346,682123069.7226783
2014-11-21 10:30:00,18645,682123069.7226783
2014-11-21 11:00:00,17986,682123069.7226783
2014-11-21 11:30:00,19070,682123069.7226783
2014-11-21 12:00:00,18901,682123069.7226783
2014-11-21 12:30:00,17585,682123069.7226783
2014-11-21 13:00:00,17309,682123069.7226783
2014-11-21 13:30:00,18226,682123069.7226783
2014-11-21 14:00:00,18788,682123069.7226783
2014-11-21 14:30:00,19103,682123069.7226783
2014-11-21 15:00:00,18261,682123069.7226783
2014-11-21 15:30:00,15945,682123069.7226783
2014-11-21 16:00:00,14181,682123069.7226783
2014-11-21 16:30:00,12992,682123069.7226783
2014-11-21 17:00:00,15847,682123069.7226783
2014-11-21 17:30:00,19426,682123069.7226783
2014-11-21 18:00:00,22514,682123069.7226783
2014-11-21 18:30:00,24457,682123069.7226783
2014-11-21 19:00:00,26156,682123069.7226783
2014-11-21 19:30:00,26677,682123069.7226783
2014-11-21 20:00:00,26217,682123069.7226783
2014-11-21 20:30:00,26289,682123069.7226783
2014-11-21 21:00:00,26370,682123069.7226783
2014-11-21 21:30:00,26344,682123069.7226783
2014-11-21 22:00:00,26736,682123069.7226783
2014-11-21 22:30:00,27093,682123069.7226783
2014-11-21 23:00:00,27569,682123069.7226783
2014-11-21 23:30:00,27064,682123069.7226783
2014-11-22 00:00:00,26220,682123069.7226783
2014-11-22 00:30:00,24289,682123069.7226783
2014-11-22 01:00:00,22849,682123069.7226783
2014-11-22 01:30:00,20731,682123069.7226783
2014-11-22 02:00:00,19081,682123069.7226783
2014-11-22 02:30:00,16573,682123069.7226783
2014-11-22 03:00:00,14188,682123069.7226783
2014-11-22 03:30:00,12213,682123069.7226783
2014-11-22 04:00:00,10145,682123069.7226783
2014-11-22 04:30:00,5902,682123069.7226783
2014-11-22 05:00:00,3983,682123069.7226783
2014-11-22 05:30:00,3556,682123069.7226783
2014-11-22 06:00:00,3651,682123069.7226783
2014-11-22 06:30:00,5153,682123069.7226783
2014-11-22 07:00:00,5379,682123069.7226783
2014-11-22 07:30:00,7174,682123069.7226783
2014-11-22 08:00:00,9070,682123069.7226783
2014-11-22 08:30:00,12114,682123069.7226783
2014-11-22 09:00:00,13665,682123069.7226783
2014-11-22 09:30:00,17463,682123069.7226783
2014-11-22 10:00:00,17209,682123069.7226783
2014-11-22 10:30:00,20299,682123069.7226783
2014-11-22 11:00:00,20255,682123069.7226783
2014-11-22 11:30:00,22981,682123069.7226783
2014-11-22 12:00:00,23368,682123069.7226783
2014-11-22 12:30:00,23444,682123069.7226783
2014-11-22 13:00:00,22610,682123069.7226783
2014-11-22 13:30:00,22258,682123069.7226783
2014-11-22 14:00:00,21160,682123069.7226783
2014-11-22 14:30:00,22960,682123069.7226783
2014-11-22 15:00:00,23007,682123069.7226783
2014-11-22 15:30:00,21145,682123069.7226783
2014-11-22 16:00:00,18440,682123069.7226783
2014-11-22 16:30:00,16028,682123069.7226783
2014-11-22 17:00:00,19101,682123069.7226783
2014-11-22 17:30:00,22361,682123069.7226783
2014-11-22 18:00:00,24256,682123069.7226783
2014-11-22 18:30:00,26410,682123069.7226783
2014-11-22 19:00:00,27377,682123069.7226783
2014-11-22 19:30:00,26255,682123069.7226783
2014-11-22 20:00:00,23977,682123069.7226783
2014-11-22 20:30:00,23565,682123069.7226783
2014-11-22 21:00:00,22703,682123069.7226783
2014-11-22 21:30:00,23078,682123069.7226783
2014-11-22 22:00:00,25755,682123069.7226783
2014-11-22 22:30:00,27028,682123069.7226783
2014-11-22 23:00:00,28126,682123069.7226783
2014-11-22 23:30:00,28472,682123069.7226783
2014-11-23 00:00:00,27424,682123069.7226783
2014-11-23 00:30:00,25493,682123069.7226783
2014-11-23 01:00:00,24876,682123069.7226783
2014-11-23 01:30:00,22639,682123069.7226783
2014-11-23 02:00:00,21013,682123069.7226783
2014-11-23 02:30:00,19100,682123069.7226783
2014-11-23 03:00:00,16662,682123069.7226783
2014-11-23 03:30:00,14489,682123069.7226783
2014-11-23 04:00:00,12023,682123069.7226783
2014-11-23 04:30:00,7069,682123069.7226783
2014-11-23 05:00:00,4453,682123069.7226783
2014-11-23 05:30:00,3483,682123069.7226783
2014-11-23 06:00:00,3479,682123069.7226783
2014-11-23 06:30:00,3968,682123069.7226783
2014-11-23 07:00:00,4092,682123069.7226783
2014-11-23 07:30:00,5877,682123069.7226783
2014-11-23 08:00:00,6845,682123069.7226783
2014-11-23 08:30:00,8283,682123069.7226783
2014-11-23 09:00:00,10231,682123069.7226783
2014-11-23 09:30:00,13189,682123069.7226783
2014-11-23 10:00:00,14458,682123069.7226783
2014-11-23 10:30:00,17284,682123069.7226783
2014-11-23 11:00:00,17800,682123069.7226783
2014-11-23 11:30:00,19509,682123069.7226783
2014-11-23 12:00:00,20547,682123069.7226783
2014-11-23 12:30:00,20211,682123069.7226783
2014-11-23 13:00:00,20041,682123069.7226783
2014-11-23 13:30:00,19619,682123069.7226783
2014-11-23 14:00:00,19947,682123069.7226783
2014-11-23 14:30:00,19844,682123069.7226783
2014-11-23 15:00:00,19088,682123069.7226783
2014-11-23 15:30:00,19237,682123069.7226783
2014-11-23 16:00:00,18316,682123069.7226783
2014-11-23 16:30:00,16996,682123069.7226783
2014-11-23 17:00:00,18134,682123069.7226783
2014-11-23 17:30:00,19633,682123069.7226783
2014-11-23 18:00:00,20204,682123069.7226783
2014-11-23 18:30:00,19810,682123069.7226783
2014-11-23 19:00:00,17925,682123069.7226783
2014-11-23 19:30:00,16938,682123069.7226783
2014-11-23 20:00:00,15096,682123069.7226783
2014-11-23 20:30:00,15539,682123069.7226783
2014-11-23 21:00:00,14806,682123069.7226783
2014-11-23 21:30:00,15035,682123069.7226783
2014-11-23 22:00:00,13285,682123069.7226783
2014-11-23 22:30:00,12090,682123069.7226783
2014-11-23 23:00:00,10552,682123069.7226783
2014-11-23 23:30:00,9136,682123069.7226783
2014-11-24 00:00:00,8106,682123069.7226783
2014-11-24 00:30:00,7020,682123069.7226783
2014-11-24 01:00:00,5562,682123069.7226783
2014-11-24 01:30:00,3917,682123069.7226783
2014-11-24 02:00:00,3592,682123069.7226783
2014-11-24 02:30:00,2637,682123069.7226783
2014-11-24 03:00:00,2031,682123069.7226783
2014-11-24 03:30:00,1900,682123069.7226783
2014-11-24 04:00:00,2172,682123069.7226783
2014-11-24 04:30:00,2008,682123069.7226783
2014-11-24 05:00:00,2546,682123069.7226783
2014-11-24 05:30:00,4409,682123069.7226783
2014-11-24 06:00:00,7269,682123069.7226783
2014-11-24 06:30:00,11863,682123069.7226783
2014-11-24 07:00:00,14244,682123069.7226783
2014-11-24 07:30:00,17238,682123069.7226783
2014-11-24 08:00:00,18382,682123069.7226783
2014-11-24 08:30:00,17940,682123069.7226783
2014-11-24 09:00:00,17447,682123069.7226783
2014-11-24 09:30:00,16773,682123069.7226783
2014-11-24 10:00:00,15319,682123069.7226783
2014-11-24 10:30:00,15867,682123069.7226783
2014-11-24 11:00:00,15751,682123069.7226783
2014-11-24 11:30:00,17462,682123069.7226783
2014-11-24 12:00:00,16292,682123069.7226783
2014-11-24 12:30:00,16317,682123069.7226783
2014-11-24 13:00:00,16104,682123069.7226783
2014-11-24 13:30:00,16967,682123069.7226783
2014-11-24 14:00:00,17035,682123069.7226783
2014-11-24 14:30:00,17976,682123069.7226783
2014-11-24 15:00:00,18230,682123069.7226783
2014-11-24 15:30:00,16521,682123069.7226783
2014-11-24 16:00:00,14887,682123069.7226783
2014-11-24 16:30:00,13707,682123069.7226783
2014-11-24 17:00:00,16596,682123069.7226783
2014-11-24 17:30:00,18683,682123069.7226783
2014-11-24 18:00:00,20289,682123069.7226783
2014-11-24 18:30:00,21377,682123069.7226783
2014-11-24 19:00:00,21962,682123069.7226783
2014-11-24 19:30:00,21126,682123069.7226783
2014-11-24 20:00:00,20531,682123069.7226783
2014-11-24 20:30:00,19217,682123069.7226783
2014-11-24 21:00:00,19353,682123069.7226783
2014-11-24 21:30:00,19109,682123069.7226783
2014-11-24 22:00:00,18814,682123069.7226783
2014-11-24 22:30:00,17036,682123069.7226783
2014-11-24 23:00:00,14147,682123069.7226783
2014-11-24 23:30:00,11595,682123069.7226783
2014-11-25 00:00:00,10091,682123069.7226783
2014-11-25 00:30:00,7575,682123069.7226783
2014-11-25 01:00:00,5977,682123069.7226783
2014-11-25 01:30:00,4705,682123069.7226783
2014-11-25 02:00:00,3796,682123069.7226783
2014-11-25 02:30:00,2894,682123069.7226783
2014-11-25 03:00:00,2471,682123069.7226783
2014-11-25 03:30:00,2115,682123069.7226783
2014-11-25 04:00:00,2474,682123069.7226783
2014-11-25 04:30:00,2285,682123069.7226783
2014-11-25 05:00:00,2538,682123069.7226783
2014-11-25 05:30:00,4380,682123069.7226783
2014-11-25 06:00:00,6537,682123069.7226783
2014-11-25 06:30:00,11238,682123069.7226783
2014-11-25 07:00:00,14764,682123069.7226783
2014-11-25 07:30:00,18187,682123069.7226783
2014-11-25 08:00:00,18885,682123069.7226783
2014-11-25 08:30:00,19188,682123069.7226783
2014-11-25 09:00:00,18398,682123069.7226783
2014-11-25 09:30:00,18057,682123069.7226783
2014-11-25 10:00:00,16899,682123069.7226783
2014-11-25 10:30:00,17137,682123069.7226783
2014-11-25 11:00:00,16203,682123069.7226783
2014-11-25 11:30:00,17742,682123069.7226783
2014-11-25 12:00:00,17843,682123069.7226783
2014-11-25 12:30:00,17866,682123069.7226783
2014-11-25 13:00:00,17548,682123069.7226783
2014-11-25 13:30:00,18306,682123069.7226783
2014-11-25 14:00:00,18577,682123069.7226783
2014-11-25 14:30:00,18506,682123069.7226783
2014-11-25 15:00:00,18691,682123069.7226783
2014-11-25 15:30:00,15729,682123069.7226783
2014-11-25 16:00:00,13396,682123069.7226783
2014-11-25 16:30:00,11923,682123069.7226783
2014-11-25 17:00:00,14463,682123069.7226783
2014-11-25 17:30:00,17026,682123069.7226783
2014-11-25 18:00:00,19078,682123069.7226783
2014-11-25 18:30:00,20439,682123069.7226783
2014-11-25 19:00:00,20776,682123069.7226783
2014-11-25 19:30:00,20941,682123069.7226783
2014-11-25 20:00:00,20209,682123069.7226783
2014-11-25 20:30:00,19987,682123069.7226783
2014-11-25 21:00:00,19952,682123069.7226783
2014-11-25 21:30:00,19234,682123069.7226783
2014-11-25 22:00:00,18455,682123069.7226783
2014-11-25 22:30:00,18097,682123069.7226783
2014-11-25 23:00:00,17461,682123069.7226783
2014-11-25 23:30:00,16002,682123069.7226783
2014-11-26 00:00:00,13400,682123069.7226783
2014-11-26 00:30:00,10978,682123069.7226783
2014-11-26 01:00:00,8613,682123069.7226783
2014-11-26 01:30:00,6446,682123069.7226783
2014-11-26 02:00:00,5205,682123069.7226783
2014-11-26 02:30:00,4118,682123069.7226783
2014-11-26 03:00:00,3510,682123069.7226783
2014-11-26 03:30:00,3249,682123069.7226783
2014-11-26 04:00:00,3698,682123069.7226783
2014-11-26 04:30:00,3584,682123069.7226783
2014-11-26 05:00:00,3622,682123069.7226783
2014-11-26 05:30:00,4987,682123069.7226783
2014-11-26 06:00:00,7213,682123069.7226783
2014-11-26 06:30:00,10827,682123069.7226783
2014-11-26 07:00:00,14141,682123069.7226783
2014-11-26 07:30:00,16965,682123069.7226783
2014-11-26 08:00:00,19391,682123069.7226783
2014-11-26 08:30:00,19557,682123069.7226783
2014-11-26 09:00:00,19067,682123069.7226783
2014-11-26 09:30:00,18807,682123069.7226783
2014-11-26 10:00:00,18232,682123069.7226783
2014-11-26 10:30:00,18999,682123069.7226783
2014-11-26 11:00:00,18896,682123069.7226783
2014-11-26 11:30:00,19764,682123069.7226783
2014-11-26 12:00:00,20227,682123069.7226783
2014-11-26 12:30:00,19602,682123069.7226783
2014-11-26 13:00:00,20456,682123069.7226783
2014-11-26 13:30:00,19580,682123069.7226783
2014-11-26 14:00:00,19156,682123069.7226783
2014-11-26 14:30:00,19572,682123069.7226783
2014-11-26 15:00:00,18925,682123069.7226783
2014-11-26 15:30:00,17545,682123069.7226783
2014-11-26 16:00:00,15465,682123069.7226783
2014-11-26 16:30:00,14104,682123069.7226783
2014-11-26 17:00:00,16996,682123069.7226783
2014-11-26 17:30:00,20113,682123069.7226783
2014-11-26 18:00:00,21015,682123069.7226783
2014-11-26 18:30:00,21580,682123069.7226783
2014-11-26 19:00:00,22501,682123069.7226783
2014-11-26 19:30:00,21159,682123069.7226783
2014-11-26 20:00:00,18991,682123069.7226783
2014-11-26 20:30:00,18046,682123069.7226783
2014-11-26 21:00:00,18300,682123069.7226783
2014-11-26 21:30:00,18538,682123069.7226783
2014-11-26 22:00:00,17170,682123069.7226783
2014-11-26 22:30:00,17081,682123069.7226783
2014-11-26 23:00:00,15613,682123069.7226783
2014-11-26 23:30:00,13718,682123069.7226783
2014-11-27 00:00:00,13522,682123069.7226783
2014-11-27 00:30:00,11323,682123069.7226783
2014-11-27 01:00:00,10315,682123069.7226783
2014-11-27 01:30:00,8870,682123069.7226783
2014-11-27 02:00:00,8150,682123069.7226783
2014-11-27 02:30:00,7209,682123069.7226783
2014-11-27 03:00:00,6018,682123069.7226783
2014-11-27 03:30:00,5819,682123069.7226783
2014-11-27 04:00:00,5291,682123069.7226783
2014-11-27 04:30:00,4127,682123069.7226783
2014-11-27 05:00:00,3540,682123069.7226783
2014-11-27 05:30:00,3715,682123069.7226783
2014-11-27 06:00:00,4613,682123069.7226783
2014-11-27 06:30:00,5500,682123069.7226783
2014-11-27 07:00:00,5955,682123069.7226783
2014-11-27 07:30:00,6512,682123069.7226783
2014-11-27 08:00:00,7076,682123069.7226783
2014-11-27 08:30:00,7813,682123069.7226783
2014-11-27 09:00:00,8365,682123069.7226783
2014-11-27 09:30:00,9013,682123069.7226783
2014-11-27 10:00:00,9695,682123069.7226783
2014-11-27 10:30:00,11389,682123069.7226783
2014-11-27 11:00:00,12701,682123069.7226783
2014-11-27 11:30:00,13400,682123069.7226783
2014-11-27 12:00:00,13282,682123069.7226783
2014-11-27 12:30:00,13542,682123069.7226783
2014-11-27 13:00:00,13538,682123069.7226783
2014-11-27 13:30:00,13663,682123069.7226783
2014-11-27 14:00:00,13980,682123069.7226783
2014-11-27 14:30:00,14673,682123069.7226783
2014-11-27 15:00:00,14614,682123069.7226783
2014-11-27 15:30:00,15255,682123069.7226783
2014-11-27 16:00:00,13560,682123069.7226783
2014-11-27 16:30:00,13120,682123069.7226783
2014-11-27 17:00:00,13273,682123069.7226783
2014-11-27 17:30:00,13334,682123069.7226783
2014-11-27 18:00:00,12930,682123069.7226783
2014-11-27 18:30:00,13683,682123069.7226783
2014-11-27 19:00:00,13682,682123069.7226783
2014-11-27 19:30:00,14106,682123069.7226783
2014-11-27 20:00:00,14088,682123069.7226783
2014-11-27 20:30:00,14417,682123069.7226783
2014-11-27 21:00:00,15187,682123069.7226783
2014-11-27 21:30:00,15280,682123069.7226783
2014-11-27 22:00:00,15654,682123069.7226783
2014-11-27 22:30:00,13989,682123069.7226783
2014-11-27 23:00:00,12592,682123069.7226783
2014-11-27 23:30:00,11811,682123069.7226783
2014-11-28 00:00:00,9653,682123069.7226783
2014-11-28 00:30:00,7791,682123069.7226783
2014-11-28 01:00:00,6862,682123069.7226783
2014-11-28 01:30:00,5644,682123069.7226783
2014-11-28 02:00:00,4639,682123069.7226783
2014-11-28 02:30:00,3673,682123069.7226783
2014-11-28 03:00:00,2945,682123069.7226783
2014-11-28 03:30:00,2875,682123069.7226783
2014-11-28 04:00:00,2883,682123069.7226783
2014-11-28 04:30:00,2165,682123069.7226783
2014-11-28 05:00:00,1902,682123069.7226783
2014-11-28 05:30:00,2226,682123069.7226783
2014-11-28 06:00:00,2870,682123069.7226783
2014-11-28 06:30:00,4313,682123069.7226783
2014-11-28 07:00:00,4936,682123069.7226783
2014-11-28 07:30:00,6240,682123069.7226783
2014-11-28 08:00:00,7376,682123069.7226783
2014-11-28 08:30:00,8850,682123069.7226783
2014-11-28 09:00:00,9864,682123069.7226783
2014-11-28 09:30:00,10863,682123069.7226783
2014-11-28 10:00:00,11900,682123069.7226783
2014-11-28 10:30:00,12969,682123069.7226783
2014-11-28 11:00:00,14045,682123069.7226783
2014-11-28 11:30:00,15281,682123069.7226783
2014-11-28 12:00:00,16153,682123069.7226783
2014-11-28 12:30:00,17025,682123069.7226783
2014-11-28 13:00:00,17596,682123069.7226783
2014-11-28 13:30:00,18437,682123069.7226783
2014-11-28 14:00:00,17777,682123069.7226783
2014-11-28 14:30:00,18774,682123069.7226783
2014-11-28 15:00:00,18868,682123069.7226783
2014-11-28 15:30:00,19046,682123069.7226783
2014-11-28 16:00:00,17706,682123069.7226783
2014-11-28 16:30:00,16591,682123069.7226783
2014-11-28 17:00:00,18951,682123069.7226783
2014-11-28 17:30:00,20519,682123069.7226783
2014-11-28 18:00:00,20626,682123069.7226783
2014-11-28 18:30:00,21227,682123069.7226783
2014-11-28 19:00:00,22716,682123069.7226783
2014-11-28 19:30:00,21044,682123069.7226783
2014-11-28 20:00:00,18862,682123069.7226783
2014-11-28 20:30:00,18821,682123069.7226783
2014-11-28 21:00:00,18485,682123069.7226783
2014-11-28 21:30:00,18416,682123069.7226783
2014-11-28 22:00:00,19806,682123069.7226783
2014-11-28 22:30:00,19671,682123069.7226783
2014-11-28 23:00:00,19234,682123069.7226783
2014-11-28 23:30:00,17725,682123069.7226783
2014-11-29 00:00:00,16089,682123069.7226783
2014-11-29 00:30:00,14561,682123069.7226783
2014-11-29 01:00:00,13292,682123069.7226783
2014-11-29 01:30:00,12000,682123069.7226783
2014-11-29 02:00:00,10967,682123069.7226783
2014-11-29 02:30:00,9747,682123069.7226783
2014-11-29 03:00:00,8556,682123069.7226783
2014-11-29 03:30:00,8342,682123069.7226783
2014-11-29 04:00:00,7178,682123069.7226783
2014-11-29 04:30:00,4441,682123069.7226783
2014-11-29 05:00:00,2747,682123069.7226783
2014-11-29 05:30:00,2489,682123069.7226783
2014-11-29 06:00:00,2283,682123069.7226783
2014-11-29 06:30:00,3109,682123069.7226783
2014-11-29 07:00:00,3380,682123069.7226783
2014-11-29 07:30:00,4628,682123069.7226783
2014-11-29 08:00:00,5291,682123069.7226783
2014-11-29 08:30:00,7405,682123069.7226783
2014-11-29 09:00:00,9044,682123069.7226783
2014-11-29 09:30:00,11193,682123069.7226783
2014-11-29 10:00:00,12541,682123069.7226783
2014-11-29 10:30:00,15281,682123069.7226783
2014-11-29 11:00:00,15551,682123069.7226783
2014-11-29 11:30:00,17665,682123069.7226783
2014-11-29 12:00:00,18499,682123069.7226783
2014-11-29 12:30:00,18680,682123069.7226783
2014-11-29 13:00:00,19621,682123069.7226783
2014-11-29 13:30:00,19830,682123069.7226783
2014-11-29 14:00:00,19187,682123069.7226783
2014-11-29 14:30:00,19999,682123069.7226783
2014-11-29 15:00:00,19722,682123069.7226783
2014-11-29 15:30:00,20600,682123069.7226783
2014-11-29 16:00:00,19125,682123069.7226783
2014-11-29 16:30:00,16658,682123069.7226783
2014-11-29 17:00:00,18684,682123069.7226783
2014-11-29 17:30:00,20891,682123069.7226783
2014-11-29 18:00:00,21554,682123069.7226783
2014-11-29 18:30:00,22678,682123069.7226783
2014-11-29 19:00:00,24055,682123069.7226783
2014-11-29 19:30:00,23418,682123069.7226783
2014-11-29 20:00:00,20196,682123069.7226783
2014-11-29 20:30:00,19676,682123069.7226783
2014-11-29 21:00:00,19566,682123069.7226783
2014-11-29 21:30:00,19272,682123069.7226783
2014-11-29 22:00:00,20686,682123069.7226783
2014-11-29 22:30:00,21659,682123069.7226783
2014-11-29 23:00:00,21154,682123069.7226783
2014-11-29 23:30:00,21170,682123069.7226783
2014-11-30 00:00:00,20149,682123069.7226783
2014-11-30 00:30:00,18555,682123069.7226783
2014-11-30 01:00:00,17768,682123069.7226783
2014-11-30 01:30:00,15608,682123069.7226783
2014-11-30 02:00:00,14966,682123069.7226783
2014-11-30 02:30:00,13074,682123069.7226783
2014-11-30 03:00:00,11332,682123069.7226783
2014-11-30 03:30:00,9965,682123069.7226783
2014-11-30 04:00:00,9167,682123069.7226783
2014-11-30 04:30:00,5520,682123069.7226783
2014-11-30 05:00:00,3812,682123069.7226783
2014-11-30 05:30:00,3123,682123069.7226783
2014-11-30 06:00:00,3103,682123069.7226783
2014-11-30 06:30:00,3777,682123069.7226783
2014-11-30 07:00:00,3699,682123069.7226783
2014-11-30 07:30:00,4968,682123069.7226783
2014-11-30 08:00:00,5630,682123069.7226783
2014-11-30 08:30:00,7422,682123069.7226783
2014-11-30 09:00:00,9123,682123069.7226783
2014-11-30 09:30:00,10981,682123069.7226783
2014-11-30 10:00:00,12227,682123069.7226783
2014-11-30 10:30:00,15247,682123069.7226783
2014-11-30 11:00:00,14970,682123069.7226783
2014-11-30 11:30:00,16912,682123069.7226783
2014-11-30 12:00:00,17420,682123069.7226783
2014-11-30 12:30:00,18336,682123069.7226783
2014-11-30 13:00:00,18091,682123069.7226783
2014-11-30 13:30:00,17841,682123069.7226783
2014-11-30 14:00:00,18946,682123069.7226783
2014-11-30 14:30:00,19156,682123069.7226783
2014-11-30 15:00:00,18159,682123069.7226783
2014-11-30 15:30:00,17805,682123069.7226783
2014-11-30 16:00:00,16838,682123069.7226783
2014-11-30 16:30:00,15906,682123069.7226783
2014-11-30 17:00:00,16917,682123069.7226783
2014-11-30 17:30:00,17670,682123069.7226783
2014-11-30 18:00:00,17941,682123069.7226783
2014-11-30 18:30:00,18093,682123069.7226783
2014-11-30 19:00:00,17587,682123069.7226783
2014-11-30 19:30:00,16867,682123069.7226783
2014-11-30 20:00:00,15693,682123069.7226783
2014-11-30 20:30:00,15342,682123069.7226783
2014-11-30 21:00:00,13821,682123069.7226783
2014-11-30 21:30:00,14083,682123069.7226783
2014-11-30 22:00:00,13714,682123069.7226783
2014-11-30 22:30:00,12119,682123069.7226783
2014-11-30 23:00:00,9904,682123069.7226783
2014-11-30 23:30:00,8970,682123069.7226783
2014-12-01 00:00:00,7706,682123069.7226783
2014-12-01 00:30:00,5494,682123069.7226783
2014-12-01 01:00:00,4249,682123069.7226783
2014-12-01 01:30:00,2891,682123069.7226783
2014-12-01 02:00:00,2632,682123069.7226783
2014-12-01 02:30:00,2192,682123069.7226783
2014-12-01 03:00:00,1648,682123069.7226783
2014-12-01 03:30:00,1639,682123069.7226783
2014-12-01 04:00:00,1913,682123069.7226783
2014-12-01 04:30:00,2142,682123069.7226783
2014-12-01 05:00:00,2909,682123069.7226783
2014-12-01 05:30:00,4587,682123069.7226783
2014-12-01 06:00:00,7235,682123069.7226783
2014-12-01 06:30:00,11448,682123069.7226783
2014-12-01 07:00:00,14106,682123069.7226783
2014-12-01 07:30:00,17184,682123069.7226783
2014-12-01 08:00:00,18306,682123069.7226783
2014-12-01 08:30:00,18746,682123069.7226783
2014-12-01 09:00:00,17914,682123069.7226783
2014-12-01 09:30:00,16699,682123069.7226783
2014-12-01 10:00:00,15681,682123069.7226783
2014-12-01 10:30:00,15210,682123069.7226783
2014-12-01 11:00:00,14532,682123069.7226783
2014-12-01 11:30:00,15985,682123069.7226783
2014-12-01 12:00:00,16226,682123069.7226783
2014-12-01 12:30:00,16000,682123069.7226783
2014-12-01 13:00:00,15641,682123069.7226783
2014-12-01 13:30:00,16373,682123069.7226783
2014-12-01 14:00:00,16830,682123069.7226783
2014-12-01 14:30:00,17470,682123069.7226783
2014-12-01 15:00:00,18131,682123069.7226783
2014-12-01 15:30:00,16870,682123069.7226783
2014-12-01 16:00:00,15192,682123069.7226783
2014-12-01 16:30:00,14453,682123069.7226783
2014-12-01 17:00:00,17382,682123069.7226783
2014-12-01 17:30:00,19815,682123069.7226783
2014-12-01 18:00:00,21750,682123069.7226783
2014-12-01 18:30:00,22217,682123069.7226783
2014-12-01 19:00:00,21813,682123069.7226783
2014-12-01 19:30:00,21536,682123069.7226783
2014-12-01 20:00:00,22541,682123069.7226783
2014-12-01 20:30:00,21329,682123069.7226783
2014-12-01 21:00:00,20165,682123069.7226783
2014-12-01 21:30:00,19498,682123069.7226783
2014-12-01 22:00:00,19355,682123069.7226783
2014-12-01 22:30:00,16691,682123069.7226783
2014-12-01 23:00:00,14387,682123069.7226783
2014-12-01 23:30:00,12101,682123069.7226783
2014-12-02 00:00:00,9805,682123069.7226783
2014-12-02 00:30:00,7121,682123069.7226783
2014-12-02 01:00:00,5019,682123069.7226783
2014-12-02 01:30:00,3822,682123069.7226783
2014-12-02 02:00:00,3268,682123069.7226783
2014-12-02 02:30:00,2261,682123069.7226783
2014-12-02 03:00:00,1853,682123069.7226783
2014-12-02 03:30:00,1722,682123069.7226783
2014-12-02 04:00:00,2077,682123069.7226783
2014-12-02 04:30:00,1988,682123069.7226783
2014-12-02 05:00:00,2296,682123069.7226783
2014-12-02 05:30:00,4537,682123069.7226783
2014-12-02 06:00:00,6661,682123069.7226783
2014-12-02 06:30:00,11901,682123069.7226783
2014-12-02 07:00:00,15501,682123069.7226783
2014-12-02 07:30:00,19573,682123069.7226783
2014-12-02 08:00:00,20896,682123069.7226783
2014-12-02 08:30:00,21051,682123069.7226783
2014-12-02 09:00:00,19670,682123069.7226783
2014-12-02 09:30:00,18654,682123069.7226783
2014-12-02 10:00:00,17108,682123069.7226783
2014-12-02 10:30:00,17553,682123069.7226783
2014-12-02 11:00:00,16232,682123069.7226783
2014-12-02 11:30:00,17534,682123069.7226783
2014-12-02 12:00:00,17697,682123069.7226783
2014-12-02 12:30:00,19165,682123069.7226783
2014-12-02 13:00:00,18916,682123069.7226783
2014-12-02 13:30:00,19543,682123069.7226783
2014-12-02 14:00:00,18570,682123069.7226783
2014-12-02 14:30:00,19043,682123069.7226783
2014-12-02 15:00:00,18343,682123069.7226783
2014-12-02 15:30:00,16666,682123069.7226783
2014-12-02 16:00:00,14050,682123069.7226783
2014-12-02 16:30:00,12845,682123069.7226783
2014-12-02 17:00:00,16111,682123069.7226783
2014-12-02 17:30:00,19112,682123069.7226783
2014-12-02 18:00:00,21205,682123069.7226783
2014-12-02 18:30:00,22337,682123069.7226783
2014-12-02 19:00:00,23340,682123069.7226783
2014-12-02 19:30:00,23082,682123069.7226783
2014-12-02 20:00:00,23718,682123069.7226783
2014-12-02 20:30:00,22936,682123069.7226783
2014-12-02 21:00:00,23466,682123069.7226783
2014-12-02 21:30:00,23387,682123069.7226783
2014-12-02 22:00:00,22893,682123069.7226783
2014-12-02 22:30:00,20923,682123069.7226783
2014-12-02 23:00:00,18684,682123069.7226783
2014-12-02 23:30:00,14962,682123069.7226783
2014-12-03 00:00:00,12558,682123069.7226783
2014-12-03 00:30:00,8876,682123069.7226783
2014-12-03 01:00:00,6626,682123069.7226783
2014-12-03 01:30:00,4926,682123069.7226783
2014-12-03 02:00:00,4046,682123069.7226783
2014-12-03 02:30:00,3168,682123069.7226783
2014-12-03 03:00:00,2692,682123069.7226783
2014-12-03 03:30:00,2237,682123069.7226783
2014-12-03 04:00:00,2384,682123069.7226783
2014-12-03 04:30:00,2109,682123069.7226783
2014-12-03 05:00:00,2403,682123069.7226783
2014-12-03 05:30:00,4250,682123069.7226783
2014-12-03 06:00:00,6529,682123069.7226783
2014-12-03 06:30:00,12185,682123069.7226783
2014-12-03 07:00:00,16016,682123069.7226783
2014-12-03 07:30:00,19504,682123069.7226783
2014-12-03 08:00:00,20925,682123069.7226783
2014-12-03 08:30:00,20891,682123069.7226783
2014-12-03 09:00:00,20047,682123069.7226783
2014-12-03 09:30:00,19138,682123069.7226783
2014-12-03 10:00:00,18431,682123069.7226783
2014-12-03 10:30:00,16960,682123069.7226783
2014-12-03 11:00:00,16426,682123069.7226783
2014-12-03 11:30:00,18092,682123069.7226783
2014-12-03 12:00:00,19190,682123069.7226783
2014-12-03 12:30:00,18957,682123069.7226783
2014-12-03 13:00:00,18288,682123069.7226783
2014-12-03 13:30:00,18843,682123069.7226783
2014-12-03 14:00:00,19003,682123069.7226783
2014-12-03 14:30:00,18193,682123069.7226783
2014-12-03 15:00:00,17260,682123069.7226783
2014-12-03 15:30:00,15103,682123069.7226783
2014-12-03 16:00:00,12941,682123069.7226783
2014-12-03 16:30:00,11797,682123069.7226783
2014-12-03 17:00:00,15545,682123069.7226783
2014-12-03 17:30:00,17938,682123069.7226783
2014-12-03 18:00:00,20693,682123069.7226783
2014-12-03 18:30:00,21585,682123069.7226783
2014-12-03 19:00:00,21689,682123069.7226783
2014-12-03 19:30:00,21995,682123069.7226783
2014-12-03 20:00:00,22096,682123069.7226783
2014-12-03 20:30:00,22115,682123069.7226783
2014-12-03 21:00:00,21860,682123069.7226783
2014-12-03 21:30:00,22041,682123069.7226783
2014-12-03 22:00:00,21680,682123069.7226783
2014-12-03 22:30:00,21378,682123069.7226783
2014-12-03 23:00:00,20295,682123069.7226783
2014-12-03 23:30:00,18176,682123069.7226783
2014-12-04 00:00:00,14846,682123069.7226783
2014-12-04 00:30:00,11480,682123069.7226783
2014-12-04 01:00:00,8939,682123069.7226783
2014-12-04 01:30:00,6679,682123069.7226783
2014-12-04 02:00:00,5175,682123069.7226783
2014-12-04 02:30:00,3800,682123069.7226783
2014-12-04 03:00:00,3135,682123069.7226783
2014-12-04 03:30:00,2671,682123069.7226783
2014-12-04 04:00:00,2843,682123069.7226783
2014-12-04 04:30:00,2476,682123069.7226783
2014-12-04 05:00:00,2670,682123069.7226783
2014-12-04 05:30:00,4521,682123069.7226783
2014-12-04 06:00:00,6841,682123069.7226783
2014-12-04 06:30:00,12178,682123069.7226783
2014-12-04 07:00:00,15916,682123069.7226783
2014-12-04 07:30:00,19872,682123069.7226783
2014-12-04 08:00:00,20957,682123069.7226783
2014-12-04 08:30:00,20358,682123069.7226783
2014-12-04 09:00:00,19717,682123069.7226783
2014-12-04 09:30:00,18943,682123069.7226783
2014-12-04 10:00:00,18082,682123069.7226783
2014-12-04 10:30:00,18560,682123069.7226783
2014-12-04 11:00:00,17316,682123069.7226783
2014-12-04 11:30:00,18817,682123069.7226783
2014-12-04 12:00:00,18439,682123069.7226783
2014-12-04 12:30:00,17771,682123069.7226783
2014-12-04 13:00:00,17214,682123069.7226783
2014-12-04 13:30:00,17836,682123069.7226783
2014-12-04 14:00:00,18676,682123069.7226783
2014-12-04 14:30:00,19241,682123069.7226783
2014-12-04 15:00:00,19068,682123069.7226783
2014-12-04 15:30:00,16567,682123069.7226783
2014-12-04 16:00:00,14529,682123069.7226783
2014-12-04 16:30:00,12862,682123069.7226783
2014-12-04 17:00:00,16086,682123069.7226783
2014-12-04 17:30:00,19221,682123069.7226783
2014-12-04 18:00:00,21408,682123069.7226783
2014-12-04 18:30:00,23385,682123069.7226783
2014-12-04 19:00:00,23604,682123069.7226783
2014-12-04 19:30:00,23384,682123069.7226783
2014-12-04 20:00:00,23209,682123069.7226783
2014-12-04 20:30:00,22592,682123069.7226783
2014-12-04 21:00:00,23164,682123069.7226783
2014-12-04 21:30:00,23638,682123069.7226783
2014-12-04 22:00:00,23192,682123069.7226783
2014-12-04 22:30:00,22417,682123069.7226783
2014-12-04 23:00:00,22630,682123069.7226783
2014-12-04 23:30:00,21278,682123069.7226783
2014-12-05 00:00:00,19300,682123069.7226783
2014-12-05 00:30:00,16241,682123069.7226783
2014-12-05 01:00:00,12966,682123069.7226783
2014-12-05 01:30:00,10322,682123069.7226783
2014-12-05 02:00:00,8160,682123069.7226783
2014-12-05 02:30:00,6611,682123069.7226783
2014-12-05 03:00:00,5410,682123069.7226783
2014-12-05 03:30:00,4453,682123069.7226783
2014-12-05 04:00:00,4287,682123069.7226783
2014-12-05 04:30:00,3250,682123069.7226783
2014-12-05 05:00:00,3396,682123069.7226783
2014-12-05 05:30:00,4846,682123069.7226783
2014-12-05 06:00:00,7090,682123069.7226783
2014-12-05 06:30:00,11832,682123069.7226783
2014-12-05 07:00:00,15506,682123069.7226783
2014-12-05 07:30:00,20211,682123069.7226783
2014-12-05 08:00:00,21053,682123069.7226783
2014-12-05 08:30:00,20635,682123069.7226783
2014-12-05 09:00:00,20128,682123069.7226783
2014-12-05 09:30:00,18838,682123069.7226783
2014-12-05 10:00:00,17936,682123069.7226783
2014-12-05 10:30:00,18210,682123069.7226783
2014-12-05 11:00:00,17653,682123069.7226783
2014-12-05 11:30:00,18847,682123069.7226783
2014-12-05 12:00:00,18814,682123069.7226783
2014-12-05 12:30:00,17478,682123069.7226783
2014-12-05 13:00:00,18029,682123069.7226783
2014-12-05 13:30:00,18953,682123069.7226783
2014-12-05 14:00:00,19684,682123069.7226783
2014-12-05 14:30:00,19747,682123069.7226783
2014-12-05 15:00:00,18464,682123069.7226783
2014-12-05 15:30:00,16396,682123069.7226783
2014-12-05 16:00:00,14436,682123069.7226783
2014-12-05 16:30:00,13461,682123069.7226783
2014-12-05 17:00:00,17047,682123069.7226783
2014-12-05 17:30:00,20614,682123069.7226783
2014-12-05 18:00:00,23322,682123069.7226783
2014-12-05 18:30:00,25791,682123069.7226783
2014-12-05 19:00:00,26650,682123069.7226783
2014-12-05 19:30:00,26971,682123069.7226783
2014-12-05 20:00:00,26688,682123069.7226783
2014-12-05 20:30:00,25508,682123069.7226783
2014-12-05 21:00:00,26284,682123069.7226783
2014-12-05 21:30:00,26978,682123069.7226783
2014-12-05 22:00:00,26983,682123069.7226783
2014-12-05 22:30:00,25438,682123069.7226783
2014-12-05 23:00:00,24914,682123069.7226783
2014-12-05 23:30:00,24165,682123069.7226783
2014-12-06 00:00:00,22925,682123069.7226783
2014-12-06 00:30:00,22187,682123069.7226783
2014-12-06 01:00:00,21493,682123069.7226783
2014-12-06 01:30:00,19021,682123069.7226783
2014-12-06 02:00:00,18009,682123069.7226783
2014-12-06 02:30:00,15786,682123069.7226783
2014-12-06 03:00:00,13114,682123069.7226783
2014-12-06 03:30:00,10541,682123069.7226783
2014-12-06 04:00:00,9296,682123069.7226783
2014-12-06 04:30:00,5388,682123069.7226783
2014-12-06 05:00:00,3578,682123069.7226783
2014-12-06 05:30:00,3205,682123069.7226783
2014-12-06 06:00:00,3427,682123069.7226783
2014-12-06 06:30:00,4666,682123069.7226783
2014-12-06 07:00:00,5262,682123069.7226783
2014-12-06 07:30:00,7841,682123069.7226783
2014-12-06 08:00:00,8786,682123069.7226783
2014-12-06 08:30:00,11893,682123069.7226783
2014-12-06 09:00:00,12849,682123069.7226783
2014-12-06 09:30:00,16411,682123069.7226783
2014-12-06 10:00:00,16917,682123069.7226783
2014-12-06 10:30:00,19706,682123069.7226783
2014-12-06 11:00:00,22924,682123069.7226783
2014-12-06 11:30:00,26224,682123069.7226783
2014-12-06 12:00:00,25548,682123069.7226783
2014-12-06 12:30:00,24376,682123069.7226783
2014-12-06 13:00:00,24464,682123069.7226783
2014-12-06 13:30:00,23825,682123069.7226783
2014-12-06 14:00:00,24235,682123069.7226783
2014-12-06 14:30:00,24001,682123069.7226783
2014-12-06 15:00:00,23877,682123069.7226783
2014-12-06 15:30:00,21761,682123069.7226783
2014-12-06 16:00:00,18277,682123069.7226783
2014-12-06 16:30:00,15670,682123069.7226783
2014-12-06 17:00:00,18411,682123069.7226783
2014-12-06 17:30:00,21332,682123069.7226783
2014-12-06 18:00:00,23306,682123069.7226783
2014-12-06 18:30:00,24856,682123069.7226783
2014-12-06 19:00:00,25798,682123069.7226783
2014-12-06 19:30:00,25274,682123069.7226783
2014-12-06 20:00:00,25158,682123069.7226783
2014-12-06 20:30:00,24164,682123069.7226783
2014-12-06 21:00:00,23771,682123069.7226783
2014-12-06 21:30:00,24363,682123069.7226783
2014-12-06 22:00:00,25705,682123069.7226783
2014-12-06 22:30:00,26429,682123069.7226783
2014-12-06 23:00:00,27272,682123069.7226783
2014-12-06 23:30:00,27636,682123069.7226783
2014-12-07 00:00:00,26695,682123069.7226783
2014-12-07 00:30:00,25626,682123069.7226783
2014-12-07 01:00:00,24285,682123069.7226783
2014-12-07 01:30:00,22249,682123069.7226783
2014-12-07 02:00:00,20741,682123069.7226783
2014-12-07 02:30:00,18554,682123069.7226783
2014-12-07 03:00:00,15770,682123069.7226783
2014-12-07 03:30:00,13976,682123069.7226783
2014-12-07 04:00:00,11368,682123069.7226783
2014-12-07 04:30:00,6531,682123069.7226783
2014-12-07 05:00:00,3929,682123069.7226783
2014-12-07 05:30:00,3236,682123069.7226783
2014-12-07 06:00:00,3177,682123069.7226783
2014-12-07 06:30:00,3757,682123069.7226783
2014-12-07 07:00:00,4042,682123069.7226783
2014-12-07 07:30:00,5401,682123069.7226783
2014-12-07 08:00:00,6483,682123069.7226783
2014-12-07 08:30:00,9264,682123069.7226783
2014-12-07 09:00:00,11497,682123069.7226783
2014-12-07 09:30:00,14585,682123069.7226783
2014-12-07 10:00:00,16159,682123069.7226783
2014-12-07 10:30:00,20205,682123069.7226783
2014-12-07 11:00:00,21146,682123069.7226783
2014-12-07 11:30:00,22387,682123069.7226783
2014-12-07 12:00:00,23081,682123069.7226783
2014-12-07 12:30:00,23163,682123069.7226783
2014-12-07 13:00:00,22660,682123069.7226783
2014-12-07 13:30:00,22127,682123069.7226783
2014-12-07 14:00:00,22237,682123069.7226783
2014-12-07 14:30:00,22193,682123069.7226783
2014-12-07 15:00:00,21252,682123069.7226783
2014-12-07 15:30:00,20818,682123069.7226783
2014-12-07 16:00:00,19110,682123069.7226783
2014-12-07 16:30:00,17255,682123069.7226783
2014-12-07 17:00:00,18368,682123069.7226783
2014-12-07 17:30:00,20327,682123069.7226783
2014-12-07 18:00:00,21411,682123069.7226783
2014-12-07 18:30:00,21379,682123069.7226783
2014-12-07 19:00:00,21735,682123069.7226783
2014-12-07 19:30:00,20031,682123069.7226783
2014-12-07 20:00:00,18305,682123069.7226783
2014-12-07 20:30:00,17961,682123069.7226783
2014-12-07 21:00:00,17334,682123069.7226783
2014-12-07 21:30:00,17401,682123069.7226783
2014-12-07 22:00:00,17020,682123069.7226783
2014-12-07 22:30:00,14661,682123069.7226783
2014-12-07 23:00:00,12367,682123069.7226783
2014-12-07 23:30:00,10891,682123069.7226783
2014-12-08 00:00:00,8141,682123069.7226783
2014-12-08 00:30:00,6411,682123069.7226783
2014-12-08 01:00:00,4762,682123069.7226783
2014-12-08 01:30:00,3616,682123069.7226783
2014-12-08 02:00:00,3130,682123069.7226783
2014-12-08 02:30:00,2273,682123069.7226783
2014-12-08 03:00:00,2031,682123069.7226783
2014-12-08 03:30:00,1788,682123069.7226783
2014-12-08 04:00:00,2203,682123069.7226783
2014-12-08 04:30:00,2270,682123069.7226783
2014-12-08 05:00:00,2727,682123069.7226783
2014-12-08 05:30:00,4686,682123069.7226783
2014-12-08 06:00:00,6827,682123069.7226783
2014-12-08 06:30:00,11984,682123069.7226783
2014-12-08 07:00:00,14644,682123069.7226783
2014-12-08 07:30:00,18338,682123069.7226783
2014-12-08 08:00:00,19590,682123069.7226783
2014-12-08 08:30:00,19762,682123069.7226783
2014-12-08 09:00:00,19372,682123069.7226783
2014-12-08 09:30:00,18754,682123069.7226783
2014-12-08 10:00:00,17736,682123069.7226783
2014-12-08 10:30:00,17624,682123069.7226783
2014-12-08 11:00:00,16856,682123069.7226783
2014-12-08 11:30:00,18005,682123069.7226783
2014-12-08 12:00:00,18028,682123069.7226783
2014-12-08 12:30:00,17733,682123069.7226783
2014-12-08 13:00:00,17678,682123069.7226783
2014-12-08 13:30:00,18275,682123069.7226783
2014-12-08 14:00:00,18070,682123069.7226783
2014-12-08 14:30:00,19038,682123069.7226783
2014-12-08 15:00:00,18998,682123069.7226783
2014-12-08 15:30:00,16932,682123069.7226783
2014-12-08 16:00:00,15201,682123069.7226783
2014-12-08 16:30:00,14426,682123069.7226783
2014-12-08 17:00:00,16942,682123069.7226783
2014-12-08 17:30:00,19768,682123069.7226783
2014-12-08 18:00:00,21911,682123069.7226783
2014-12-08 18:30:00,22917,682123069.7226783
2014-12-08 19:00:00,23371,682123069.7226783
2014-12-08 19:30:00,23343,682123069.7226783
2014-12-08 20:00:00,22358,682123069.7226783
2014-12-08 20:30:00,22302,682123069.7226783
2014-12-08 21:00:00,22712,682123069.7226783
2014-12-08 21:30:00,22329,682123069.7226783
2014-12-08 22:00:00,21979,682123069.7226783
2014-12-08 22:30:00,19387,682123069.7226783
2014-12-08 23:00:00,17494,682123069.7226783
2014-12-08 23:30:00,13745,682123069.7226783
2014-12-09 00:00:00,11339,682123069.7226783
2014-12-09 00:30:00,8699,682123069.7226783
2014-12-09 01:00:00,6796,682123069.7226783
2014-12-09 01:30:00,5236,682123069.7226783
2014-12-09 02:00:00,3800,682123069.7226783
2014-12-09 02:30:00,3042,682123069.7226783
2014-12-09 03:00:00,2532,682123069.7226783
2014-12-09 03:30:00,2258,682123069.7226783
2014-12-09 04:00:00,2212,682123069.7226783
2014-12-09 04:30:00,2135,682123069.7226783
2014-12-09 05:00:00,2592,682123069.7226783
2014-12-09 05:30:00,4617,682123069.7226783
2014-12-09 06:00:00,8006,682123069.7226783
2014-12-09 06:30:00,13619,682123069.7226783
2014-12-09 07:00:00,16700,682123069.7226783
2014-12-09 07:30:00,19651,682123069.7226783
2014-12-09 08:00:00,20630,682123069.7226783
2014-12-09 08:30:00,21217,682123069.7226783
2014-12-09 09:00:00,19857,682123069.7226783
2014-12-09 09:30:00,18753,682123069.7226783
2014-12-09 10:00:00,17813,682123069.7226783
2014-12-09 10:30:00,17833,682123069.7226783
2014-12-09 11:00:00,17164,682123069.7226783
2014-12-09 11:30:00,18181,682123069.7226783
2014-12-09 12:00:00,17482,682123069.7226783
2014-12-09 12:30:00,15676,682123069.7226783
2014-12-09 13:00:00,16018,682123069.7226783
2014-12-09 13:30:00,17066,682123069.7226783
2014-12-09 14:00:00,17654,682123069.7226783
2014-12-09 14:30:00,17696,682123069.7226783
2014-12-09 15:00:00,16781,682123069.7226783
2014-12-09 15:30:00,14189,682123069.7226783
2014-12-09 16:00:00,12461,682123069.7226783
2014-12-09 16:30:00,12252,682123069.7226783
2014-12-09 17:00:00,15431,682123069.7226783
2014-12-09 17:30:00,18137,682123069.7226783
2014-12-09 18:00:00,20649,682123069.7226783
2014-12-09 18:30:00,21989,682123069.7226783
2014-12-09 19:00:00,22350,682123069.7226783
2014-12-09 19:30:00,22177,682123069.7226783
2014-12-09 20:00:00,22991,682123069.7226783
2014-12-09 20:30:00,22128,682123069.7226783
2014-12-09 21:00:00,23207,682123069.7226783
2014-12-09 21:30:00,23091,682123069.7226783
2014-12-09 22:00:00,22616,682123069.7226783
2014-12-09 22:30:00,21118,682123069.7226783
2014-12-09 23:00:00,19301,682123069.7226783
2014-12-09 23:30:00,16789,682123069.7226783
2014-12-10 00:00:00,14252,682123069.7226783
2014-12-10 00:30:00,10138,682123069.7226783
2014-12-10 01:00:00,7847,682123069.7226783
2014-12-10 01:30:00,5782,682123069.7226783
2014-12-10 02:00:00,4951,682123069.7226783
2014-12-10 02:30:00,3696,682123069.7226783
2014-12-10 03:00:00,2833,682123069.7226783
2014-12-10 03:30:00,2375,682123069.7226783
2014-12-10 04:00:00,2533,682123069.7226783
2014-12-10 04:30:00,2423,682123069.7226783
2014-12-10 05:00:00,2512,682123069.7226783
2014-12-10 05:30:00,4337,682123069.7226783
2014-12-10 06:00:00,6721,682123069.7226783
2014-12-10 06:30:00,11812,682123069.7226783
2014-12-10 07:00:00,16054,682123069.7226783
2014-12-10 07:30:00,19337,682123069.7226783
2014-12-10 08:00:00,21348,682123069.7226783
2014-12-10 08:30:00,21167,682123069.7226783
2014-12-10 09:00:00,20051,682123069.7226783
2014-12-10 09:30:00,18809,682123069.7226783
2014-12-10 10:00:00,17812,682123069.7226783
2014-12-10 10:30:00,17889,682123069.7226783
2014-12-10 11:00:00,17482,682123069.7226783
2014-12-10 11:30:00,18775,682123069.7226783
2014-12-10 12:00:00,18351,682123069.7226783
2014-12-10 12:30:00,17604,682123069.7226783
2014-12-10 13:00:00,17729,682123069.7226783
2014-12-10 13:30:00,17499,682123069.7226783
2014-12-10 14:00:00,17558,682123069.7226783
2014-12-10 14:30:00,18070,682123069.7226783
2014-12-10 15:00:00,17422,682123069.7226783
2014-12-10 15:30:00,14666,682123069.7226783
2014-12-10 16:00:00,12252,682123069.7226783
2014-12-10 16:30:00,11174,682123069.7226783
2014-12-10 17:00:00,13853,682123069.7226783
2014-12-10 17:30:00,16962,682123069.7226783
2014-12-10 18:00:00,19708,682123069.7226783
2014-12-10 18:30:00,20764,682123069.7226783
2014-12-10 19:00:00,21802,682123069.7226783
2014-12-10 19:30:00,22239,682123069.7226783
2014-12-10 20:00:00,22169,682123069.7226783
2014-12-10 20:30:00,23923,682123069.7226783
2014-12-10 21:00:00,24403,682123069.7226783
2014-12-10 21:30:00,24211,682123069.7226783
2014-12-10 22:00:00,23439,682123069.7226783
2014-12-10 22:30:00,23394,682123069.7226783
2014-12-10 23:00:00,21701,682123069.7226783
2014-12-10 23:30:00,19727,682123069.7226783
2014-12-11 00:00:00,17270,682123069.7226783
2014-12-11 00:30:00,13379,682123069.7226783
2014-12-11 01:00:00,10314,682123069.7226783
2014-12-11 01:30:00,7470,682123069.7226783
2014-12-11 02:00:00,6039,682123069.7226783
2014-12-11 02:30:00,4322,682123069.7226783
2014-12-11 03:00:00,3461,682123069.7226783
2014-12-11 03:30:00,2872,682123069.7226783
2014-12-11 04:00:00,2854,682123069.7226783
2014-12-11 04:30:00,2422,682123069.7226783
2014-12-11 05:00:00,2578,682123069.7226783
2014-12-11 05:30:00,4513,682123069.7226783
2014-12-11 06:00:00,6672,682123069.7226783
2014-12-11 06:30:00,12358,682123069.7226783
2014-12-11 07:00:00,15790,682123069.7226783
2014-12-11 07:30:00,19441,682123069.7226783
2014-12-11 08:00:00,20920,682123069.7226783
2014-12-11 08:30:00,20665,682123069.7226783
2014-12-11 09:00:00,19708,682123069.7226783
2014-12-11 09:30:00,20066,682123069.7226783
2014-12-11 10:00:00,18424,682123069.7226783
2014-12-11 10:30:00,18403,682123069.7226783
2014-12-11 11:00:00,17621,682123069.7226783
2014-12-11 11:30:00,18994,682123069.7226783
2014-12-11 12:00:00,18845,682123069.7226783
2014-12-11 12:30:00,17937,682123069.7226783
2014-12-11 13:00:00,17974,682123069.7226783
2014-12-11 13:30:00,18671,682123069.7226783
2014-12-11 14:00:00,19082,682123069.7226783
2014-12-11 14:30:00,20224,682123069.7226783
2014-12-11 15:00:00,18966,682123069.7226783
2014-12-11 15:30:00,16165,682123069.7226783
2014-12-11 16:00:00,14013,682123069.7226783
2014-12-11 16:30:00,12246,682123069.7226783
2014-12-11 17:00:00,15021,682123069.7226783
2014-12-11 17:30:00,18834,682123069.7226783
2014-12-11 18:00:00,21115,682123069.7226783
2014-12-11 18:30:00,22746,682123069.7226783
2014-12-11 19:00:00,23679,682123069.7226783
2014-12-11 19:30:00,23992,682123069.7226783
2014-12-11 20:00:00,23597,682123069.7226783
2014-12-11 20:30:00,23581,682123069.7226783
2014-12-11 21:00:00,24093,682123069.7226783
2014-12-11 21:30:00,24130,682123069.7226783
2014-12-11 22:00:00,24027,682123069.7226783
2014-12-11 22:30:00,23575,682123069.7226783
2014-12-11 23:00:00,22502,682123069.7226783
2014-12-11 23:30:00,22049,682123069.7226783
2014-12-12 00:00:00,20667,682123069.7226783
2014-12-12 00:30:00,19265,682123069.7226783
2014-12-12 01:00:00,16192,682123069.7226783
2014-12-12 01:30:00,12814,682123069.7226783
2014-12-12 02:00:00,10410,682123069.7226783
2014-12-12 02:30:00,8218,682123069.7226783
2014-12-12 03:00:00,6335,682123069.7226783
2014-12-12 03:30:00,5377,682123069.7226783
2014-12-12 04:00:00,4659,682123069.7226783
2014-12-12 04:30:00,3597,682123069.7226783
2014-12-12 05:00:00,3208,682123069.7226783
2014-12-12 05:30:00,4698,682123069.7226783
2014-12-12 06:00:00,6900,682123069.7226783
2014-12-12 06:30:00,12308,682123069.7226783
2014-12-12 07:00:00,15444,682123069.7226783
2014-12-12 07:30:00,19511,682123069.7226783
2014-12-12 08:00:00,20489,682123069.7226783
2014-12-12 08:30:00,20834,682123069.7226783
2014-12-12 09:00:00,19854,682123069.7226783
2014-12-12 09:30:00,18687,682123069.7226783
2014-12-12 10:00:00,18014,682123069.7226783
2014-12-12 10:30:00,18564,682123069.7226783
2014-12-12 11:00:00,18237,682123069.7226783
2014-12-12 11:30:00,18916,682123069.7226783
2014-12-12 12:00:00,18244,682123069.7226783
2014-12-12 12:30:00,16850,682123069.7226783
2014-12-12 13:00:00,17845,682123069.7226783
2014-12-12 13:30:00,18162,682123069.7226783
2014-12-12 14:00:00,19043,682123069.7226783
2014-12-12 14:30:00,19128,682123069.7226783
2014-12-12 15:00:00,18287,682123069.7226783
2014-12-12 15:30:00,15667,682123069.7226783
2014-12-12 16:00:00,13938,682123069.7226783
2014-12-12 16:30:00,12626,682123069.7226783
2014-12-12 17:00:00,15807,682123069.7226783
2014-12-12 17:30:00,19375,682123069.7226783
2014-12-12 18:00:00,21905,682123069.7226783
2014-12-12 18:30:00,24008,682123069.7226783
2014-12-12 19:00:00,25410,682123069.7226783
2014-12-12 19:30:00,25568,682123069.7226783
2014-12-12 20:00:00,24888,682123069.7226783
2014-12-12 20:30:00,25190,682123069.7226783
2014-12-12 21:00:00,25350,682123069.7226783
2014-12-12 21:30:00,25927,682123069.7226783
2014-12-12 22:00:00,26737,682123069.7226783
2014-12-12 22:30:00,26771,682123069.7226783
2014-12-12 23:00:00,26180,682123069.7226783
2014-12-12 23:30:00,25739,682123069.7226783
2014-12-13 00:00:00,24743,682123069.7226783
2014-12-13 00:30:00,24285,682123069.7226783
2014-12-13 01:00:00,22826,682123069.7226783
2014-12-13 01:30:00,21266,682123069.7226783
2014-12-13 02:00:00,19907,682123069.7226783
2014-12-13 02:30:00,17053,682123069.7226783
2014-12-13 03:00:00,14423,682123069.7226783
2014-12-13 03:30:00,12363,682123069.7226783
2014-12-13 04:00:00,10600,682123069.7226783
2014-12-13 04:30:00,6501,682123069.7226783
2014-12-13 05:00:00,4211,682123069.7226783
2014-12-13 05:30:00,3425,682123069.7226783
2014-12-13 06:00:00,3475,682123069.7226783
2014-12-13 06:30:00,5132,682123069.7226783
2014-12-13 07:00:00,4986,682123069.7226783
2014-12-13 07:30:00,7716,682123069.7226783
2014-12-13 08:00:00,8873,682123069.7226783
2014-12-13 08:30:00,12361,682123069.7226783
2014-12-13 09:00:00,13217,682123069.7226783
2014-12-13 09:30:00,17706,682123069.7226783
2014-12-13 10:00:00,19199,682123069.7226783
2014-12-13 10:30:00,21605,682123069.7226783
2014-12-13 11:00:00,22106,682123069.7226783
2014-12-13 11:30:00,23452,682123069.7226783
2014-12-13 12:00:00,24095,682123069.7226783
2014-12-13 12:30:00,24114,682123069.7226783
2014-12-13 13:00:00,24368,682123069.7226783
2014-12-13 13:30:00,23648,682123069.7226783
2014-12-13 14:00:00,22929,682123069.7226783
2014-12-13 14:30:00,22531,682123069.7226783
2014-12-13 15:00:00,21489,682123069.7226783
2014-12-13 15:30:00,19081,682123069.7226783
2014-12-13 16:00:00,15734,682123069.7226783
2014-12-13 16:30:00,13140,682123069.7226783
2014-12-13 17:00:00,15041,682123069.7226783
2014-12-13 17:30:00,17961,682123069.7226783
2014-12-13 18:00:00,20757,682123069.7226783
2014-12-13 18:30:00,22233,682123069.7226783
2014-12-13 19:00:00,23550,682123069.7226783
2014-12-13 19:30:00,24311,682123069.7226783
2014-12-13 20:00:00,24320,682123069.7226783
2014-12-13 20:30:00,23465,682123069.7226783
2014-12-13 21:00:00,24125,682123069.7226783
2014-12-13 21:30:00,24696,682123069.7226783
2014-12-13 22:00:00,24848,682123069.7226783
2014-12-13 22:30:00,25952,682123069.7226783
2014-12-13 23:00:00,26481,682123069.7226783
2014-12-13 23:30:00,26376,682123069.7226783
2014-12-14 00:00:00,26065,682123069.7226783
2014-12-14 00:30:00,25745,682123069.7226783
2014-12-14 01:00:00,24053,682123069.7226783
2014-12-14 01:30:00,22288,682123069.7226783
2014-12-14 02:00:00,21263,682123069.7226783
2014-12-14 02:30:00,18637,682123069.7226783
2014-12-14 03:00:00,16106,682123069.7226783
2014-12-14 03:30:00,13609,682123069.7226783
2014-12-14 04:00:00,11786,682123069.7226783
2014-12-14 04:30:00,6978,682123069.7226783
2014-12-14 05:00:00,4468,682123069.7226783
2014-12-14 05:30:00,3728,682123069.7226783
2014-12-14 06:00:00,3611,682123069.7226783
2014-12-14 06:30:00,3909,682123069.7226783
2014-12-14 07:00:00,4139,682123069.7226783
2014-12-14 07:30:00,5583,682123069.7226783
2014-12-14 08:00:00,6831,682123069.7226783
2014-12-14 08:30:00,8929,682123069.7226783
2014-12-14 09:00:00,10358,682123069.7226783
2014-12-14 09:30:00,14261,682123069.7226783
2014-12-14 10:00:00,16254,682123069.7226783
2014-12-14 10:30:00,19993,682123069.7226783
2014-12-14 11:00:00,20203,682123069.7226783
2014-12-14 11:30:00,21630,682123069.7226783
2014-12-14 12:00:00,22210,682123069.7226783
2014-12-14 12:30:00,22458,682123069.7226783
2014-12-14 13:00:00,21793,682123069.7226783
2014-12-14 13:30:00,21177,682123069.7226783
2014-12-14 14:00:00,20831,682123069.7226783
2014-12-14 14:30:00,20577,682123069.7226783
2014-12-14 15:00:00,20293,682123069.7226783
2014-12-14 15:30:00,18839,682123069.7226783
2014-12-14 16:00:00,17406,682123069.7226783
2014-12-14 16:30:00,15292,682123069.7226783
2014-12-14 17:00:00,16443,682123069.7226783
2014-12-14 17:30:00,17727,682123069.7226783
2014-12-14 18:00:00,18988,682123069.7226783
2014-12-14 18:30:00,19533,682123069.7226783
2014-12-14 19:00:00,19548,682123069.7226783
2014-12-14 19:30:00,18055,682123069.7226783
2014-12-14 20:00:00,17006,682123069.7226783
2014-12-14 20:30:00,16671,682123069.7226783
2014-12-14 21:00:00,16007,682123069.7226783
2014-12-14 21:30:00,16344,682123069.7226783
2014-12-14 22:00:00,15913,682123069.7226783
2014-12-14 22:30:00,14327,682123069.7226783
2014-12-14 23:00:00,12060,682123069.7226783
2014-12-14 23:30:00,10952,682123069.7226783
2014-12-15 00:00:00,9228,682123069.7226783
2014-12-15 00:30:00,6754,682123069.7226783
2014-12-15 01:00:00,5230,682123069.7226783
2014-12-15 01:30:00,4058,682123069.7226783
2014-12-15 02:00:00,3386,682123069.7226783
2014-12-15 02:30:00,2854,682123069.7226783
2014-12-15 03:00:00,2088,682123069.7226783
2014-12-15 03:30:00,2063,682123069.7226783
2014-12-15 04:00:00,2573,682123069.7226783
2014-12-15 04:30:00,2606,682123069.7226783
2014-12-15 05:00:00,3027,682123069.7226783
2014-12-15 05:30:00,4795,682123069.7226783
2014-12-15 06:00:00,7029,682123069.7226783
2014-12-15 06:30:00,11534,682123069.7226783
2014-12-15 07:00:00,14434,682123069.7226783
2014-12-15 07:30:00,17808,682123069.7226783
2014-12-15 08:00:00,18371,682123069.7226783
2014-12-15 08:30:00,18743,682123069.7226783
2014-12-15 09:00:00,17992,682123069.7226783
2014-12-15 09:30:00,17405,682123069.7226783
2014-12-15 10:00:00,16508,682123069.7226783
2014-12-15 10:30:00,15778,682123069.7226783
2014-12-15 11:00:00,15424,682123069.7226783
2014-12-15 11:30:00,16627,682123069.7226783
2014-12-15 12:00:00,16484,682123069.7226783
2014-12-15 12:30:00,16637,682123069.7226783
2014-12-15 13:00:00,16135,682123069.7226783
2014-12-15 13:30:00,16513,682123069.7226783
2014-12-15 14:00:00,17025,682123069.7226783
2014-12-15 14:30:00,18231,682123069.7226783
2014-12-15 15:00:00,17722,682123069.7226783
2014-12-15 15:30:00,16477,682123069.7226783
2014-12-15 16:00:00,14298,682123069.7226783
2014-12-15 16:30:00,13229,682123069.7226783
2014-12-15 17:00:00,15523,682123069.7226783
2014-12-15 17:30:00,17795,682123069.7226783
2014-12-15 18:00:00,20424,682123069.7226783
2014-12-15 18:30:00,21017,682123069.7226783
2014-12-15 19:00:00,21475,682123069.7226783
2014-12-15 19:30:00,22549,682123069.7226783
2014-12-15 20:00:00,21924,682123069.7226783
2014-12-15 20:30:00,21131,682123069.7226783
2014-12-15 21:00:00,21393,682123069.7226783
2014-12-15 21:30:00,21577,682123069.7226783
2014-12-15 22:00:00,21019,682123069.7226783
2014-12-15 22:30:00,18908,682123069.7226783
2014-12-15 23:00:00,17370,682123069.7226783
2014-12-15 23:30:00,13782,682123069.7226783
2014-12-16 00:00:00,11608,682123069.7226783
2014-12-16 00:30:00,8753,682123069.7226783
2014-12-16 01:00:00,6959,682123069.7226783
2014-12-16 01:30:00,5332,682123069.7226783
2014-12-16 02:00:00,4417,682123069.7226783
2014-12-16 02:30:00,3812,682123069.7226783
2014-12-16 03:00:00,2785,682123069.7226783
2014-12-16 03:30:00,2230,682123069.7226783
2014-12-16 04:00:00,2383,682123069.7226783
2014-12-16 04:30:00,2206,682123069.7226783
2014-12-16 05:00:00,2455,682123069.7226783
2014-12-16 05:30:00,4355,682123069.7226783
2014-12-16 06:00:00,6534,682123069.7226783
2014-12-16 06:30:00,11684,682123069.7226783
2014-12-16 07:00:00,14785,682123069.7226783
2014-12-16 07:30:00,18872,682123069.7226783
2014-12-16 08:00:00,19244,682123069.7226783
2014-12-16 08:30:00,20521,682123069.7226783
2014-12-16 09:00:00,19197,682123069.7226783
2014-12-16 09:30:00,18299,682123069.7226783
2014-12-16 10:00:00,17178,682123069.7226783
2014-12-16 10:30:00,16812,682123069.7226783
2014-12-16 11:00:00,16250,682123069.7226783
2014-12-16 11:30:00,17275,682123069.7226783
2014-12-16 12:00:00,17818,682123069.7226783
2014-12-16 12:30:00,17228,682123069.7226783
2014-12-16 13:00:00,16423,682123069.7226783
2014-12-16 13:30:00,17067,682123069.7226783
2014-12-16 14:00:00,17759,682123069.7226783
2014-12-16 14:30:00,18175,682123069.7226783
2014-12-16 15:00:00,17997,682123069.7226783
2014-12-16 15:30:00,16045,682123069.7226783
2014-12-16 16:00:00,14086,682123069.7226783
2014-12-16 16:30:00,12498,682123069.7226783
2014-12-16 17:00:00,15616,682123069.7226783
2014-12-16 17:30:00,17897,682123069.7226783
2014-12-16 18:00:00,20215,682123069.7226783
2014-12-16 18:30:00,21911,682123069.7226783
2014-12-16 19:00:00,22798,682123069.7226783
2014-12-16 19:30:00,24359,682123069.7226783
2014-12-16 20:00:00,23687,682123069.7226783
2014-12-16 20:30:00,23843,682123069.7226783
2014-12-16 21:00:00,23849,682123069.7226783
2014-12-16 21:30:00,24686,682123069.7226783
2014-12-16 22:00:00,23566,682123069.7226783
2014-12-16 22:30:00,22591,682123069.7226783
2014-12-16 23:00:00,20184,682123069.7226783
2014-12-16 23:30:00,17824,682123069.7226783
2014-12-17 00:00:00,14522,682123069.7226783
2014-12-17 00:30:00,10981,682123069.7226783
2014-12-17 01:00:00,8494,682123069.7226783
2014-12-17 01:30:00,6739,682123069.7226783
2014-12-17 02:00:00,5562,682123069.7226783
2014-12-17 02:30:00,4095,682123069.7226783
2014-12-17 03:00:00,3228,682123069.7226783
2014-12-17 03:30:00,2801,682123069.7226783
2014-12-17 04:00:00,2905,682123069.7226783
2014-12-17 04:30:00,2604,682123069.7226783
2014-12-17 05:00:00,2634,682123069.7226783
2014-12-17 05:30:00,4453,682123069.7226783
2014-12-17 06:00:00,6610,682123069.7226783
2014-12-17 06:30:00,11882,682123069.7226783
2014-12-17 07:00:00,15378,682123069.7226783
2014-12-17 07:30:00,18958,682123069.7226783
2014-12-17 08:00:00,20241,682123069.7226783
2014-12-17 08:30:00,20321,682123069.7226783
2014-12-17 09:00:00,19626,682123069.7226783
2014-12-17 09:30:00,18615,682123069.7226783
2014-12-17 10:00:00,17801,682123069.7226783
2014-12-17 10:30:00,17622,682123069.7226783
2014-12-17 11:00:00,17122,682123069.7226783
2014-12-17 11:30:00,18747,682123069.7226783
2014-12-17 12:00:00,18708,682123069.7226783
2014-12-17 12:30:00,18308,682123069.7226783
2014-12-17 13:00:00,17777,682123069.7226783
2014-12-17 13:30:00,17824,682123069.7226783
2014-12-17 14:00:00,18196,682123069.7226783
2014-12-17 14:30:00,18499,682123069.7226783
2014-12-17 15:00:00,18003,682123069.7226783
2014-12-17 15:30:00,16052,682123069.7226783
2014-12-17 16:00:00,13607,682123069.7226783
2014-12-17 16:30:00,12212,682123069.7226783
2014-12-17 17:00:00,14983,682123069.7226783
2014-12-17 17:30:00,18285,682123069.7226783
2014-12-17 18:00:00,20665,682123069.7226783
2014-12-17 18:30:00,21841,682123069.7226783
2014-12-17 19:00:00,23081,682123069.7226783
2014-12-17 19:30:00,22785,682123069.7226783
2014-12-17 20:00:00,24069,682123069.7226783
2014-12-17 20:30:00,24039,682123069.7226783
2014-12-17 21:00:00,25073,682123069.7226783
2014-12-17 21:30:00,24980,682123069.7226783
2014-12-17 22:00:00,24878,682123069.7226783
2014-12-17 22:30:00,23338,682123069.7226783
2014-12-17 23:00:00,22407,682123069.7226783
2014-12-17 23:30:00,20950,682123069.7226783
2014-12-18 00:00:00,18285,682123069.7226783
2014-12-18 00:30:00,14827,682123069.7226783
2014-12-18 01:00:00,10904,682123069.7226783
2014-12-18 01:30:00,8901,682123069.7226783
2014-12-18 02:00:00,6765,682123069.7226783
2014-12-18 02:30:00,5188,682123069.7226783
2014-12-18 03:00:00,3823,682123069.7226783
2014-12-18 03:30:00,3524,682123069.7226783
2014-12-18 04:00:00,3414,682123069.7226783
2014-12-18 04:30:00,2681,682123069.7226783
2014-12-18 05:00:00,3079,682123069.7226783
2014-12-18 05:30:00,4828,682123069.7226783
2014-12-18 06:00:00,7029,682123069.7226783
2014-12-18 06:30:00,12063,682123069.7226783
2014-12-18 07:00:00,15230,682123069.7226783
2014-12-18 07:30:00,18835,682123069.7226783
2014-12-18 08:00:00,20484,682123069.7226783
2014-12-18 08:30:00,20222,682123069.7226783
2014-12-18 09:00:00,19752,682123069.7226783
2014-12-18 09:30:00,18914,682123069.7226783
2014-12-18 10:00:00,18466,682123069.7226783
2014-12-18 10:30:00,18364,682123069.7226783
2014-12-18 11:00:00,17439,682123069.7226783
2014-12-18 11:30:00,19228,682123069.7226783
2014-12-18 12:00:00,19485,682123069.7226783
2014-12-18 12:30:00,18539,682123069.7226783
2014-12-18 13:00:00,18424,682123069.7226783
2014-12-18 13:30:00,18594,682123069.7226783
2014-12-18 14:00:00,19253,682123069.7226783
2014-12-18 14:30:00,19536,682123069.7226783
2014-12-18 15:00:00,19129,682123069.7226783
2014-12-18 15:30:00,16419,682123069.7226783
2014-12-18 16:00:00,14143,682123069.7226783
2014-12-18 16:30:00,12440,682123069.7226783
2014-12-18 17:00:00,15352,682123069.7226783
2014-12-18 17:30:00,19402,682123069.7226783
2014-12-18 18:00:00,21772,682123069.7226783
2014-12-18 18:30:00,23309,682123069.7226783
2014-12-18 19:00:00,24617,682123069.7226783
2014-12-18 19:30:00,24906,682123069.7226783
2014-12-18 20:00:00,25149,682123069.7226783
2014-12-18 20:30:00,25441,682123069.7226783
2014-12-18 21:00:00,26065,682123069.7226783
2014-12-18 21:30:00,25822,682123069.7226783
2014-12-18 22:00:00,25738,682123069.7226783
2014-12-18 22:30:00,24879,682123069.7226783
2014-12-18 23:00:00,24496,682123069.7226783
2014-12-18 23:30:00,23501,682123069.7226783
2014-12-19 00:00:00,20698,682123069.7226783
2014-12-19 00:30:00,19243,682123069.7226783
2014-12-19 01:00:00,16900,682123069.7226783
2014-12-19 01:30:00,13421,682123069.7226783
2014-12-19 02:00:00,10585,682123069.7226783
2014-12-19 02:30:00,8512,682123069.7226783
2014-12-19 03:00:00,6744,682123069.7226783
2014-12-19 03:30:00,5653,682123069.7226783
2014-12-19 04:00:00,5420,682123069.7226783
2014-12-19 04:30:00,3982,682123069.7226783
2014-12-19 05:00:00,3682,682123069.7226783
2014-12-19 05:30:00,4979,682123069.7226783
2014-12-19 06:00:00,6847,682123069.7226783
2014-12-19 06:30:00,11330,682123069.7226783
2014-12-19 07:00:00,14716,682123069.7226783
2014-12-19 07:30:00,18996,682123069.7226783
2014-12-19 08:00:00,20784,682123069.7226783
2014-12-19 08:30:00,20763,682123069.7226783
2014-12-19 09:00:00,21030,682123069.7226783
2014-12-19 09:30:00,19778,682123069.7226783
2014-12-19 10:00:00,18496,682123069.7226783
2014-12-19 10:30:00,18800,682123069.7226783
2014-12-19 11:00:00,18765,682123069.7226783
2014-12-19 11:30:00,20209,682123069.7226783
2014-12-19 12:00:00,19684,682123069.7226783
2014-12-19 12:30:00,18093,682123069.7226783
2014-12-19 13:00:00,17958,682123069.7226783
2014-12-19 13:30:00,18794,682123069.7226783
2014-12-19 14:00:00,19592,682123069.7226783
2014-12-19 14:30:00,20240,682123069.7226783
2014-12-19 15:00:00,19125,682123069.7226783
2014-12-19 15:30:00,16262,682123069.7226783
2014-12-19 16:00:00,14858,682123069.7226783
2014-12-19 16:30:00,12685,682123069.7226783
2014-12-19 17:00:00,15752,682123069.7226783
2014-12-19 17:30:00,19931,682123069.7226783
2014-12-19 18:00:00,22925,682123069.7226783
2014-12-19 18:30:00,24921,682123069.7226783
2014-12-19 19:00:00,26335,682123069.7226783
2014-12-19 19:30:00,26896,682123069.7226783
2014-12-19 20:00:00,26796,682123069.7226783
2014-12-19 20:30:00,25989,682123069.7226783
2014-12-19 21:00:00,26280,682123069.7226783
2014-12-19 21:30:00,26403,682123069.7226783
2014-12-19 22:00:00,26905,682123069.7226783
2014-12-19 22:30:00,26723,682123069.7226783
2014-12-19 23:00:00,25807,682123069.7226783
2014-12-19 23:30:00,26432,682123069.7226783
2014-12-20 00:00:00,25976,682123069.7226783
2014-12-20 00:30:00,24322,682123069.7226783
2014-12-20 01:00:00,22993,682123069.7226783
2014-12-20 01:30:00,21186,682123069.7226783
2014-12-20 02:00:00,19390,682123069.7226783
2014-12-20 02:30:00,16298,682123069.7226783
2014-12-20 03:00:00,14308,682123069.7226783
2014-12-20 03:30:00,12289,682123069.7226783
2014-12-20 04:00:00,10822,682123069.7226783
2014-12-20 04:30:00,6612,682123069.7226783
2014-12-20 05:00:00,4648,682123069.7226783
2014-12-20 05:30:00,3998,682123069.7226783
2014-12-20 06:00:00,4080,682123069.7226783
2014-12-20 06:30:00,5139,682123069.7226783
2014-12-20 07:00:00,4833,682123069.7226783
2014-12-20 07:30:00,6360,682123069.7226783
2014-12-20 08:00:00,7568,682123069.7226783
2014-12-20 08:30:00,10329,682123069.7226783
2014-12-20 09:00:00,11646,682123069.7226783
2014-12-20 09:30:00,15228,682123069.7226783
2014-12-20 10:00:00,16173,682123069.7226783
2014-12-20 10:30:00,18920,682123069.7226783
2014-12-20 11:00:00,19813,682123069.7226783
2014-12-20 11:30:00,21529,682123069.7226783
2014-12-20 12:00:00,22544,682123069.7226783
2014-12-20 12:30:00,22751,682123069.7226783
2014-12-20 13:00:00,22744,682123069.7226783
2014-12-20 13:30:00,22263,682123069.7226783
2014-12-20 14:00:00,22212,682123069.7226783
2014-12-20 14:30:00,21906,682123069.7226783
2014-12-20 15:00:00,21744,682123069.7226783
2014-12-20 15:30:00,21173,682123069.7226783
2014-12-20 16:00:00,18061,682123069.7226783
2014-12-20 16:30:00,15360,682123069.7226783
2014-12-20 17:00:00,17470,682123069.7226783
2014-12-20 17:30:00,20909,682123069.7226783
2014-12-20 18:00:00,22562,682123069.7226783
2014-12-20 18:30:00,24471,682123069.7226783
2014-12-20 19:00:00,25685,682123069.7226783
2014-12-20 19:30:00,25252,682123069.7226783
2014-12-20 20:00:00,23238,682123069.7226783
2014-12-20 20:30:00,22683,682123069.7226783
2014-12-20 21:00:00,22523,682123069.7226783
2014-12-20 21:30:00,23214,682123069.7226783
2014-12-20 22:00:00,23741,682123069.7226783
2014-12-20 22:30:00,24614,682123069.7226783
2014-12-20 23:00:00,25195,682123069.7226783
2014-12-20 23:30:00,25864,682123069.7226783
2014-12-21 00:00:00,25530,682123069.7226783
2014-12-21 00:30:00,24429,682123069.7226783
2014-12-21 01:00:00,22976,682123069.7226783
2014-12-21 01:30:00,21027,682123069.7226783
2014-12-21 02:00:00,19741,682123069.7226783
2014-12-21 02:30:00,17359,682123069.7226783
2014-12-21 03:00:00,15156,682123069.7226783
2014-12-21 03:30:00,12970,682123069.7226783
2014-12-21 04:00:00,11246,682123069.7226783
2014-12-21 04:30:00,6712,682123069.7226783
2014-12-21 05:00:00,4593,682123069.7226783
2014-12-21 05:30:00,3675,682123069.7226783
2014-12-21 06:00:00,3974,682123069.7226783
2014-12-21 06:30:00,3929,682123069.7226783
2014-12-21 07:00:00,3922,682123069.7226783
2014-12-21 07:30:00,5061,682123069.7226783
2014-12-21 08:00:00,5995,682123069.7226783
2014-12-21 08:30:00,7813,682123069.7226783
2014-12-21 09:00:00,9237,682123069.7226783
2014-12-21 09:30:00,12647,682123069.7226783
2014-12-21 10:00:00,13946,682123069.7226783
2014-12-21 10:30:00,18143,682123069.7226783
2014-12-21 11:00:00,18415,682123069.7226783
2014-12-21 11:30:00,19646,682123069.7226783
2014-12-21 12:00:00,20124,682123069.7226783
2014-12-21 12:30:00,21235,682123069.7226783
2014-12-21 13:00:00,20709,682123069.7226783
2014-12-21 13:30:00,20382,682123069.7226783
2014-12-21 14:00:00,20570,682123069.7226783
2014-12-21 14:30:00,20093,682123069.7226783
2014-12-21 15:00:00,19670,682123069.7226783
2014-12-21 15:30:00,19194,682123069.7226783
2014-12-21 16:00:00,17506,682123069.7226783
2014-12-21 16:30:00,15650,682123069.7226783
2014-12-21 17:00:00,17057,682123069.7226783
2014-12-21 17:30:00,19010,682123069.7226783
2014-12-21 18:00:00,19688,682123069.7226783
2014-12-21 18:30:00,19461,682123069.7226783
2014-12-21 19:00:00,19098,682123069.7226783
2014-12-21 19:30:00,17989,682123069.7226783
2014-12-21 20:00:00,16406,682123069.7226783
2014-12-21 20:30:00,16716,682123069.7226783
2014-12-21 21:00:00,15983,682123069.7226783
2014-12-21 21:30:00,16304,682123069.7226783
2014-12-21 22:00:00,15546,682123069.7226783
2014-12-21 22:30:00,13653,682123069.7226783
2014-12-21 23:00:00,12018,682123069.7226783
2014-12-21 23:30:00,10392,682123069.7226783
2014-12-22 00:00:00,8488,682123069.7226783
2014-12-22 00:30:00,6812,682123069.7226783
2014-12-22 01:00:00,5155,682123069.7226783
2014-12-22 01:30:00,4081,682123069.7226783
2014-12-22 02:00:00,3429,682123069.7226783
2014-12-22 02:30:00,2686,682123069.7226783
2014-12-22 03:00:00,2341,682123069.7226783
2014-12-22 03:30:00,2080,682123069.7226783
2014-12-22 04:00:00,2561,682123069.7226783
2014-12-22 04:30:00,2438,682123069.7226783
2014-12-22 05:00:00,2549,682123069.7226783
2014-12-22 05:30:00,4003,682123069.7226783
2014-12-22 06:00:00,5410,682123069.7226783
2014-12-22 06:30:00,9139,682123069.7226783
2014-12-22 07:00:00,10980,682123069.7226783
2014-12-22 07:30:00,13351,682123069.7226783
2014-12-22 08:00:00,14666,682123069.7226783
2014-12-22 08:30:00,16540,682123069.7226783
2014-12-22 09:00:00,16439,682123069.7226783
2014-12-22 09:30:00,16681,682123069.7226783
2014-12-22 10:00:00,15663,682123069.7226783
2014-12-22 10:30:00,16128,682123069.7226783
2014-12-22 11:00:00,16377,682123069.7226783
2014-12-22 11:30:00,17607,682123069.7226783
2014-12-22 12:00:00,17770,682123069.7226783
2014-12-22 12:30:00,17843,682123069.7226783
2014-12-22 13:00:00,17279,682123069.7226783
2014-12-22 13:30:00,18264,682123069.7226783
2014-12-22 14:00:00,18359,682123069.7226783
2014-12-22 14:30:00,18664,682123069.7226783
2014-12-22 15:00:00,18428,682123069.7226783
2014-12-22 15:30:00,15976,682123069.7226783
2014-12-22 16:00:00,13994,682123069.7226783
2014-12-22 16:30:00,12958,682123069.7226783
2014-12-22 17:00:00,15433,682123069.7226783
2014-12-22 17:30:00,17793,682123069.7226783
2014-12-22 18:00:00,19903,682123069.7226783
2014-12-22 18:30:00,20358,682123069.7226783
2014-12-22 19:00:00,20800,682123069.7226783
2014-12-22 19:30:00,19898,682123069.7226783
2014-12-22 20:00:00,18981,682123069.7226783
2014-12-22 20:30:00,19600,682123069.7226783
2014-12-22 21:00:00,19672,682123069.7226783
2014-12-22 21:30:00,20359,682123069.7226783
2014-12-22 22:00:00,19147,682123069.7226783
2014-12-22 22:30:00,17490,682123069.7226783
2014-12-22 23:00:00,14392,682123069.7226783
2014-12-22 23:30:00,12366,682123069.7226783
2014-12-23 00:00:00,10077,682123069.7226783
2014-12-23 00:30:00,8426,682123069.7226783
2014-12-23 01:00:00,7343,682123069.7226783
2014-12-23 01:30:00,5818,682123069.7226783
2014-12-23 02:00:00,4395,682123069.7226783
2014-12-23 02:30:00,3238,682123069.7226783
2014-12-23 03:00:00,2837,682123069.7226783
2014-12-23 03:30:00,2628,682123069.7226783
2014-12-23 04:00:00,2815,682123069.7226783
2014-12-23 04:30:00,2524,682123069.7226783
2014-12-23 05:00:00,2749,682123069.7226783
2014-12-23 05:30:00,4221,682123069.7226783
2014-12-23 06:00:00,5790,682123069.7226783
2014-12-23 06:30:00,9106,682123069.7226783
2014-12-23 07:00:00,10805,682123069.7226783
2014-12-23 07:30:00,13627,682123069.7226783
2014-12-23 08:00:00,14896,682123069.7226783
2014-12-23 08:30:00,16914,682123069.7226783
2014-12-23 09:00:00,16813,682123069.7226783
2014-12-23 09:30:00,17257,682123069.7226783
2014-12-23 10:00:00,16746,682123069.7226783
2014-12-23 10:30:00,16668,682123069.7226783
2014-12-23 11:00:00,16334,682123069.7226783
2014-12-23 11:30:00,17869,682123069.7226783
2014-12-23 12:00:00,18559,682123069.7226783
2014-12-23 12:30:00,18627,682123069.7226783
2014-12-23 13:00:00,18394,682123069.7226783
2014-12-23 13:30:00,19529,682123069.7226783
2014-12-23 14:00:00,18765,682123069.7226783
2014-12-23 14:30:00,19273,682123069.7226783
2014-12-23 15:00:00,18364,682123069.7226783
2014-12-23 15:30:00,16426,682123069.7226783
2014-12-23 16:00:00,13940,682123069.7226783
2014-12-23 16:30:00,12171,682123069.7226783
2014-12-23 17:00:00,14585,682123069.7226783
2014-12-23 17:30:00,16878,682123069.7226783
2014-12-23 18:00:00,19444,682123069.7226783
2014-12-23 18:30:00,20377,682123069.7226783
2014-12-23 19:00:00,20065,682123069.7226783
2014-12-23 19:30:00,19194,682123069.7226783
2014-12-23 20:00:00,18589,682123069.7226783
2014-12-23 20:30:00,17560,682123069.7226783
2014-12-23 21:00:00,17394,682123069.7226783
2014-12-23 21:30:00,18424,682123069.7226783
2014-12-23 22:00:00,16611,682123069.7226783
2014-12-23 22:30:00,15547,682123069.7226783
2014-12-23 23:00:00,14391,682123069.7226783
2014-12-23 23:30:00,12687,682123069.7226783
2014-12-24 00:00:00,11488,682123069.7226783
2014-12-24 00:30:00,9158,682123069.7226783
2014-12-24 01:00:00,7484,682123069.7226783
2014-12-24 01:30:00,6303,682123069.7226783
2014-12-24 02:00:00,5454,682123069.7226783
2014-12-24 02:30:00,4400,682123069.7226783
2014-12-24 03:00:00,3409,682123069.7226783
2014-12-24 03:30:00,3301,682123069.7226783
2014-12-24 04:00:00,3479,682123069.7226783
2014-12-24 04:30:00,2809,682123069.7226783
2014-12-24 05:00:00,2713,682123069.7226783
2014-12-24 05:30:00,3654,682123069.7226783
2014-12-24 06:00:00,4943,682123069.7226783
2014-12-24 06:30:00,6952,682123069.7226783
2014-12-24 07:00:00,7357,682123069.7226783
2014-12-24 07:30:00,9019,682123069.7226783
2014-12-24 08:00:00,9982,682123069.7226783
2014-12-24 08:30:00,12036,682123069.7226783
2014-12-24 09:00:00,13416,682123069.7226783
2014-12-24 09:30:00,16386,682123069.7226783
2014-12-24 10:00:00,18242,682123069.7226783
2014-12-24 10:30:00,17436,682123069.7226783
2014-12-24 11:00:00,19281,682123069.7226783
2014-12-24 11:30:00,18939,682123069.7226783
2014-12-24 12:00:00,18558,682123069.7226783
2014-12-24 12:30:00,20400,682123069.7226783
2014-12-24 13:00:00,21494,682123069.7226783
2014-12-24 13:30:00,19961,682123069.7226783
2014-12-24 14:00:00,19618,682123069.7226783
2014-12-24 14:30:00,17870,682123069.7226783
2014-12-24 15:00:00,17549,682123069.7226783
2014-12-24 15:30:00,17387,682123069.7226783
2014-12-24 16:00:00,15882,682123069.7226783
2014-12-24 16:30:00,15280,682123069.7226783
2014-12-24 17:00:00,16907,682123069.7226783
2014-12-24 17:30:00,16821,682123069.7226783
2014-12-24 18:00:00,17096,682123069.7226783
2014-12-24 18:30:00,16830,682123069.7226783
2014-12-24 19:00:00,15846,682123069.7226783
2014-12-24 19:30:00,14421,682123069.7226783
2014-12-24 20:00:00,13101,682123069.7226783
2014-12-24 20:30:00,13010,682123069.7226783
2014-12-24 21:00:00,12453,682123069.7226783
2014-12-24 21:30:00,12904,682123069.7226783
2014-12-24 22:00:00,12563,682123069.7226783
2014-12-24 22:30:00,12915,682123069.7226783
2014-12-24 23:00:00,12169,682123069.7226783
2014-12-24 23:30:00,11420,682123069.7226783
2014-12-25 00:00:00,10665,682123069.7226783
2014-12-25 00:30:00,9890,682123069.7226783
2014-12-25 01:00:00,8488,682123069.7226783
2014-12-25 01:30:00,7209,682123069.7226783
2014-12-25 02:00:00,6240,682123069.7226783
2014-12-25 02:30:00,5143,682123069.7226783
2014-12-25 03:00:00,4003,682123069.7226783
2014-12-25 03:30:00,3414,682123069.7226783
2014-12-25 04:00:00,3206,682123069.7226783
2014-12-25 04:30:00,2193,682123069.7226783
2014-12-25 05:00:00,1801,682123069.7226783
2014-12-25 05:30:00,1756,682123069.7226783
2014-12-25 06:00:00,2144,682123069.7226783
2014-12-25 06:30:00,2710,682123069.7226783
2014-12-25 07:00:00,2637,682123069.7226783
2014-12-25 07:30:00,3029,682123069.7226783
2014-12-25 08:00:00,2926,682123069.7226783
2014-12-25 08:30:00,3485,682123069.7226783
2014-12-25 09:00:00,4195,682123069.7226783
2014-12-25 09:30:00,5410,682123069.7226783
2014-12-25 10:00:00,6572,682123069.7226783
2014-12-25 10:30:00,7857,682123069.7226783
2014-12-25 11:00:00,8586,682123069.7226783
2014-12-25 11:30:00,9599,682123069.7226783
2014-12-25 12:00:00,10158,682123069.7226783
2014-12-25 12:30:00,10843,682123069.7226783
2014-12-25 13:00:00,10618,682123069.7226783
2014-12-25 13:30:00,11206,682123069.7226783
2014-12-25 14:00:00,11176,682123069.7226783
2014-12-25 14:30:00,12218,682123069.7226783
2014-12-25 15:00:00,12039,682123069.7226783
2014-12-25 15:30:00,11754,682123069.7226783
2014-12-25 16:00:00,11282,682123069.7226783
2014-12-25 16:30:00,10380,682123069.7226783
2014-12-25 17:00:00,10642,682123069.7226783
2014-12-25 17:30:00,10788,682123069.7226783
2014-12-25 18:00:00,10786,682123069.7226783
2014-12-25 18:30:00,11433,682123069.7226783
2014-12-25 19:00:00,11262,682123069.7226783
2014-12-25 19:30:00,10510,682123069.7226783
2014-12-25 20:00:00,9827,682123069.7226783
2014-12-25 20:30:00,10446,682123069.7226783
2014-12-25 21:00:00,10164,682123069.7226783
2014-12-25 21:30:00,11279,682123069.7226783
2014-12-25 22:00:00,10756,682123069.7226783
2014-12-25 22:30:00,10622,682123069.7226783
2014-12-25 23:00:00,8270,682123069.7226783
2014-12-25 23:30:00,7685,682123069.7226783
2014-12-26 00:00:00,6540,682123069.7226783
2014-12-26 00:30:00,5312,682123069.7226783
2014-12-26 01:00:00,4573,682123069.7226783
2014-12-26 01:30:00,3322,682123069.7226783
2014-12-26 02:00:00,2840,682123069.7226783
2014-12-26 02:30:00,2294,682123069.7226783
2014-12-26 03:00:00,1888,682123069.7226783
2014-12-26 03:30:00,1628,682123069.7226783
2014-12-26 04:00:00,1962,682123069.7226783
2014-12-26 04:30:00,1541,682123069.7226783
2014-12-26 05:00:00,1459,682123069.7226783
2014-12-26 05:30:00,1993,682123069.7226783
2014-12-26 06:00:00,2763,682123069.7226783
2014-12-26 06:30:00,3830,682123069.7226783
2014-12-26 07:00:00,4376,682123069.7226783
2014-12-26 07:30:00,5533,682123069.7226783
2014-12-26 08:00:00,6342,682123069.7226783
2014-12-26 08:30:00,7425,682123069.7226783
2014-12-26 09:00:00,8473,682123069.7226783
2014-12-26 09:30:00,9288,682123069.7226783
2014-12-26 10:00:00,10259,682123069.7226783
2014-12-26 10:30:00,10994,682123069.7226783
2014-12-26 11:00:00,11708,682123069.7226783
2014-12-26 11:30:00,13105,682123069.7226783
2014-12-26 12:00:00,13577,682123069.7226783
2014-12-26 12:30:00,14110,682123069.7226783
2014-12-26 13:00:00,14559,682123069.7226783
2014-12-26 13:30:00,14063,682123069.7226783
2014-12-26 14:00:00,14506,682123069.7226783
2014-12-26 14:30:00,15863,682123069.7226783
2014-12-26 15:00:00,16608,682123069.7226783
2014-12-26 15:30:00,15959,682123069.7226783
2014-12-26 16:00:00,15481,682123069.7226783
2014-12-26 16:30:00,14491,682123069.7226783
2014-12-26 17:00:00,15597,682123069.7226783
2014-12-26 17:30:00,16349,682123069.7226783
2014-12-26 18:00:00,16711,682123069.7226783
2014-12-26 18:30:00,16708,682123069.7226783
2014-12-26 19:00:00,18113,682123069.7226783
2014-12-26 19:30:00,16700,682123069.7226783
2014-12-26 20:00:00,15087,682123069.7226783
2014-12-26 20:30:00,15282,682123069.7226783
2014-12-26 21:00:00,14797,682123069.7226783
2014-12-26 21:30:00,14744,682123069.7226783
2014-12-26 22:00:00,15618,682123069.7226783
2014-12-26 22:30:00,16172,682123069.7226783
2014-12-26 23:00:00,14863,682123069.7226783
2014-12-26 23:30:00,13696,682123069.7226783
2014-12-27 00:00:00,13396,682123069.7226783
2014-12-27 00:30:00,12040,682123069.7226783
2014-12-27 01:00:00,11298,682123069.7226783
2014-12-27 01:30:00,10005,682123069.7226783
2014-12-27 02:00:00,9368,682123069.7226783
2014-12-27 02:30:00,8002,682123069.7226783
2014-12-27 03:00:00,7493,682123069.7226783
2014-12-27 03:30:00,6509,682123069.7226783
2014-12-27 04:00:00,5928,682123069.7226783
2014-12-27 04:30:00,4158,682123069.7226783
2014-12-27 05:00:00,2648,682123069.7226783
2014-12-27 05:30:00,2313,682123069.7226783
2014-12-27 06:00:00,2391,682123069.7226783
2014-12-27 06:30:00,2821,682123069.7226783
2014-12-27 07:00:00,2967,682123069.7226783
2014-12-27 07:30:00,4013,682123069.7226783
2014-12-27 08:00:00,4505,682123069.7226783
2014-12-27 08:30:00,6117,682123069.7226783
2014-12-27 09:00:00,7591,682123069.7226783
2014-12-27 09:30:00,9467,682123069.7226783
2014-12-27 10:00:00,10065,682123069.7226783
2014-12-27 10:30:00,11788,682123069.7226783
2014-12-27 11:00:00,12882,682123069.7226783
2014-12-27 11:30:00,14317,682123069.7226783
2014-12-27 12:00:00,15130,682123069.7226783
2014-12-27 12:30:00,15345,682123069.7226783
2014-12-27 13:00:00,17040,682123069.7226783
2014-12-27 13:30:00,16684,682123069.7226783
2014-12-27 14:00:00,16291,682123069.7226783
2014-12-27 14:30:00,17065,682123069.7226783
2014-12-27 15:00:00,17860,682123069.7226783
2014-12-27 15:30:00,17447,682123069.7226783
2014-12-27 16:00:00,16199,682123069.7226783
2014-12-27 16:30:00,14999,682123069.7226783
2014-12-27 17:00:00,15570,682123069.7226783
2014-12-27 17:30:00,17132,682123069.7226783
2014-12-27 18:00:00,17710,682123069.7226783
2014-12-27 18:30:00,18132,682123069.7226783
2014-12-27 19:00:00,18627,682123069.7226783
2014-12-27 19:30:00,17430,682123069.7226783
2014-12-27 20:00:00,16148,682123069.7226783
2014-12-27 20:30:00,15807,682123069.7226783
2014-12-27 21:00:00,16121,682123069.7226783
2014-12-27 21:30:00,17054,682123069.7226783
2014-12-27 22:00:00,18095,682123069.7226783
2014-12-27 22:30:00,17628,682123069.7226783
2014-12-27 23:00:00,17414,682123069.7226783
2014-12-27 23:30:00,17594,682123069.7226783
2014-12-28 00:00:00,16514,682123069.7226783
2014-12-28 00:30:00,15556,682123069.7226783
2014-12-28 01:00:00,14465,682123069.7226783
2014-12-28 01:30:00,12810,682123069.7226783
2014-12-28 02:00:00,12680,682123069.7226783
2014-12-28 02:30:00,11121,682123069.7226783
2014-12-28 03:00:00,9850,682123069.7226783
2014-12-28 03:30:00,9033,682123069.7226783
2014-12-28 04:00:00,8122,682123069.7226783
2014-12-28 04:30:00,5228,682123069.7226783
2014-12-28 05:00:00,3452,682123069.7226783
2014-12-28 05:30:00,2937,682123069.7226783
2014-12-28 06:00:00,2764,682123069.7226783
2014-12-28 06:30:00,3090,682123069.7226783
2014-12-28 07:00:00,3109,682123069.7226783
2014-12-28 07:30:00,4300,682123069.7226783
2014-12-28 08:00:00,5130,682123069.7226783
2014-12-28 08:30:00,6652,682123069.7226783
2014-12-28 09:00:00,7486,682123069.7226783
2014-12-28 09:30:00,9812,682123069.7226783
2014-12-28 10:00:00,10911,682123069.7226783
2014-12-28 10:30:00,13280,682123069.7226783
2014-12-28 11:00:00,13191,682123069.7226783
2014-12-28 11:30:00,14218,682123069.7226783
2014-12-28 12:00:00,14878,682123069.7226783
2014-12-28 12:30:00,15665,682123069.7226783
2014-12-28 13:00:00,15911,682123069.7226783
2014-12-28 13:30:00,15002,682123069.7226783
2014-12-28 14:00:00,15102,682123069.7226783
2014-12-28 14:30:00,15658,682123069.7226783
2014-12-28 15:00:00,15756,682123069.7226783
2014-12-28 15:30:00,16645,682123069.7226783
2014-12-28 16:00:00,16464,682123069.7226783
2014-12-28 16:30:00,15288,682123069.7226783
2014-12-28 17:00:00,15988,682123069.7226783
2014-12-28 17:30:00,16608,682123069.7226783
2014-12-28 18:00:00,16556,682123069.7226783
2014-12-28 18:30:00,16635,682123069.7226783
2014-12-28 19:00:00,16446,682123069.7226783
2014-12-28 19:30:00,15796,682123069.7226783
2014-12-28 20:00:00,14951,682123069.7226783
2014-12-28 20:30:00,14373,682123069.7226783
2014-12-28 21:00:00,13695,682123069.7226783
2014-12-28 21:30:00,14411,682123069.7226783
2014-12-28 22:00:00,14035,682123069.7226783
2014-12-28 22:30:00,12954,682123069.7226783
2014-12-28 23:00:00,11239,682123069.7226783
2014-12-28 23:30:00,10461,682123069.7226783
2014-12-29 00:00:00,8548,682123069.7226783
2014-12-29 00:30:00,6766,682123069.7226783
2014-12-29 01:00:00,5087,682123069.7226783
2014-12-29 01:30:00,4353,682123069.7226783
2014-12-29 02:00:00,3646,682123069.7226783
2014-12-29 02:30:00,2857,682123069.7226783
2014-12-29 03:00:00,2484,682123069.7226783
2014-12-29 03:30:00,2105,682123069.7226783
2014-12-29 04:00:00,2270,682123069.7226783
2014-12-29 04:30:00,2033,682123069.7226783
2014-12-29 05:00:00,2123,682123069.7226783
2014-12-29 05:30:00,2886,682123069.7226783
2014-12-29 06:00:00,4249,682123069.7226783
2014-12-29 06:30:00,6400,682123069.7226783
2014-12-29 07:00:00,6953,682123069.7226783
2014-12-29 07:30:00,8715,682123069.7226783
2014-12-29 08:00:00,9590,682123069.7226783
2014-12-29 08:30:00,12167,682123069.7226783
2014-12-29 09:00:00,12436,682123069.7226783
2014-12-29 09:30:00,13052,682123069.7226783
2014-12-29 10:00:00,13503,682123069.7226783
2014-12-29 10:30:00,13798,682123069.7226783
2014-12-29 11:00:00,14277,682123069.7226783
2014-12-29 11:30:00,15344,682123069.7226783
2014-12-29 12:00:00,15677,682123069.7226783
2014-12-29 12:30:00,16534,682123069.7226783
2014-12-29 13:00:00,16220,682123069.7226783
2014-12-29 13:30:00,16650,682123069.7226783
2014-12-29 14:00:00,17395,682123069.7226783
2014-12-29 14:30:00,17895,682123069.7226783
2014-12-29 15:00:00,17701,682123069.7226783
2014-12-29 15:30:00,17989,682123069.7226783
2014-12-29 16:00:00,16737,682123069.7226783
2014-12-29 16:30:00,15371,682123069.7226783
2014-12-29 17:00:00,17519,682123069.7226783
2014-12-29 17:30:00,18500,682123069.7226783
2014-12-29 18:00:00,20064,682123069.7226783
2014-12-29 18:30:00,20153,682123069.7226783
2014-12-29 19:00:00,20364,682123069.7226783
2014-12-29 19:30:00,18808,682123069.7226783
2014-12-29 20:00:00,17718,682123069.7226783
2014-12-29 20:30:00,16678,682123069.7226783
2014-12-29 21:00:00,17523,682123069.7226783
2014-12-29 21:30:00,17397,682123069.7226783
2014-12-29 22:00:00,16308,682123069.7226783
2014-12-29 22:30:00,15954,682123069.7226783
2014-12-29 23:00:00,14488,682123069.7226783
2014-12-29 23:30:00,12738,682123069.7226783
2014-12-30 00:00:00,11042,682123069.7226783
2014-12-30 00:30:00,8774,682123069.7226783
2014-12-30 01:00:00,7267,682123069.7226783
2014-12-30 01:30:00,5704,682123069.7226783
2014-12-30 02:00:00,4749,682123069.7226783
2014-12-30 02:30:00,3932,682123069.7226783
2014-12-30 03:00:00,3336,682123069.7226783
2014-12-30 03:30:00,3023,682123069.7226783
2014-12-30 04:00:00,3059,682123069.7226783
2014-12-30 04:30:00,2399,682123069.7226783
2014-12-30 05:00:00,2091,682123069.7226783
2014-12-30 05:30:00,3019,682123069.7226783
2014-12-30 06:00:00,4208,682123069.7226783
2014-12-30 06:30:00,6505,682123069.7226783
2014-12-30 07:00:00,7026,682123069.7226783
2014-12-30 07:30:00,8953,682123069.7226783
2014-12-30 08:00:00,10186,682123069.7226783
2014-12-30 08:30:00,13046,682123069.7226783
2014-12-30 09:00:00,13519,682123069.7226783
2014-12-30 09:30:00,14319,682123069.7226783
2014-12-30 10:00:00,14433,682123069.7226783
2014-12-30 10:30:00,15570,682123069.7226783
2014-12-30 11:00:00,15690,682123069.7226783
2014-12-30 11:30:00,17265,682123069.7226783
2014-12-30 12:00:00,17830,682123069.7226783
2014-12-30 12:30:00,18552,682123069.7226783
2014-12-30 13:00:00,19340,682123069.7226783
2014-12-30 13:30:00,19070,682123069.7226783
2014-12-30 14:00:00,18866,682123069.7226783
2014-12-30 14:30:00,18709,682123069.7226783
2014-12-30 15:00:00,18906,682123069.7226783
2014-12-30 15:30:00,18178,682123069.7226783
2014-12-30 16:00:00,16420,682123069.7226783
2014-12-30 16:30:00,15066,682123069.7226783
2014-12-30 17:00:00,17023,682123069.7226783
2014-12-30 17:30:00,19201,682123069.7226783
2014-12-30 18:00:00,20950,682123069.7226783
2014-12-30 18:30:00,22321,682123069.7226783
2014-12-30 19:00:00,22549,682123069.7226783
2014-12-30 19:30:00,21405,682123069.7226783
2014-12-30 20:00:00,20209,682123069.7226783
2014-12-30 20:30:00,19574,682123069.7226783
2014-12-30 21:00:00,20294,682123069.7226783
2014-12-30 21:30:00,20054,682123069.7226783
2014-12-30 22:00:00,19779,682123069.7226783
2014-12-30 22:30:00,18396,682123069.7226783
2014-12-30 23:00:00,17966,682123069.7226783
2014-12-30 23:30:00,15892,682123069.7226783
2014-12-31 00:00:00,14294,682123069.7226783
2014-12-31 00:30:00,12150,682123069.7226783
2014-12-31 01:00:00,10423,682123069.7226783
2014-12-31 01:30:00,8229,682123069.7226783
2014-12-31 02:00:00,7068,682123069.7226783
2014-12-31 02:30:00,5572,682123069.7226783
2014-12-31 03:00:00,4669,682123069.7226783
2014-12-31 03:30:00,3922,682123069.7226783
2014-12-31 04:00:00,4120,682123069.7226783
2014-12-31 04:30:00,2786,682123069.7226783
2014-12-31 05:00:00,2265,682123069.7226783
2014-12-31 05:30:00,2825,682123069.7226783
2014-12-31 06:00:00,3705,682123069.7226783
2014-12-31 06:30:00,5745,682123069.7226783
2014-12-31 07:00:00,6334,682123069.7226783
2014-12-31 07:30:00,8324,682123069.7226783
2014-12-31 08:00:00,9449,682123069.7226783
2014-12-31 08:30:00,11877,682123069.7226783
2014-12-31 09:00:00,11917,682123069.7226783
2014-12-31 09:30:00,12621,682123069.7226783
2014-12-31 10:00:00,13294,682123069.7226783
2014-12-31 10:30:00,13850,682123069.7226783
2014-12-31 11:00:00,15128,682123069.7226783
2014-12-31 11:30:00,16996,682123069.7226783
2014-12-31 12:00:00,16815,682123069.7226783
2014-12-31 12:30:00,17275,682123069.7226783
2014-12-31 13:00:00,18553,682123069.7226783
2014-12-31 13:30:00,18607,682123069.7226783
2014-12-31 14:00:00,18703,682123069.7226783
2014-12-31 14:30:00,18970,682123069.7226783
2014-12-31 15:00:00,19316,682123069.7226783
2014-12-31 15:30:00,18542,682123069.7226783
2014-12-31 16:00:00,17583,682123069.7226783
2014-12-31 16:30:00,16607,682123069.7226783
2014-12-31 17:00:00,17991,682123069.7226783
2014-12-31 17:30:00,18983,682123069.7226783
2014-12-31 18:00:00,20014,682123069.7226783
2014-12-31 18:30:00,20943,682123069.7226783
2014-12-31 19:00:00,22114,682123069.7226783
2014-12-31 19:30:00,24368,682123069.7226783
2014-12-31 20:00:00,25524,682123069.7226783
2014-12-31 20:30:00,26779,682123069.7226783
2014-12-31 21:00:00,27804,682123069.7226783
2014-12-31 21:30:00,27315,682123069.7226783
2014-12-31 22:00:00,25417,682123069.7226783
2014-12-31 22:30:00,23177,682123069.7226783
2014-12-31 23:00:00,21826,682123069.7226783
2014-12-31 23:30:00,14152,682123069.7226783
2015-01-01 00:00:00,22153,682123069.7226783
2015-01-01 00:30:00,29547,682123069.7226783
2015-01-01 01:00:00,30236,682123069.7226783
2015-01-01 01:30:00,28348,682123069.7226783
2015-01-01 02:00:00,26264,682123069.7226783
2015-01-01 02:30:00,25243,682123069.7226783
2015-01-01 03:00:00,23117,682123069.7226783
2015-01-01 03:30:00,21017,682123069.7226783
2015-01-01 04:00:00,18170,682123069.7226783
2015-01-01 04:30:00,12629,682123069.7226783
2015-01-01 05:00:00,8899,682123069.7226783
2015-01-01 05:30:00,6999,682123069.7226783
2015-01-01 06:00:00,5750,682123069.7226783
2015-01-01 06:30:00,5381,682123069.7226783
2015-01-01 07:00:00,5056,682123069.7226783
2015-01-01 07:30:00,4930,682123069.7226783
2015-01-01 08:00:00,4624,682123069.7226783
2015-01-01 08:30:00,4726,682123069.7226783
2015-01-01 09:00:00,5505,682123069.7226783
2015-01-01 09:30:00,6510,682123069.7226783
2015-01-01 10:00:00,7705,682123069.7226783
2015-01-01 10:30:00,10007,682123069.7226783
2015-01-01 11:00:00,11405,682123069.7226783
2015-01-01 11:30:00,13562,682123069.7226783
2015-01-01 12:00:00,14537,682123069.7226783
2015-01-01 12:30:00,15296,682123069.7226783
2015-01-01 13:00:00,15376,682123069.7226783
2015-01-01 13:30:00,16302,682123069.7226783
2015-01-01 14:00:00,16066,682123069.7226783
2015-01-01 14:30:00,16485,682123069.7226783
2015-01-01 15:00:00,16887,682123069.7226783
2015-01-01 15:30:00,16430,682123069.7226783
2015-01-01 16:00:00,16044,682123069.7226783
2015-01-01 16:30:00,14655,682123069.7226783
2015-01-01 17:00:00,15514,682123069.7226783
2015-01-01 17:30:00,16184,682123069.7226783
2015-01-01 18:00:00,16280,682123069.7226783
2015-01-01 18:30:00,16550,682123069.7226783
2015-01-01 19:00:00,15626,682123069.7226783
2015-01-01 19:30:00,14304,682123069.7226783
2015-01-01 20:00:00,13741,682123069.7226783
2015-01-01 20:30:00,13578,682123069.7226783
2015-01-01 21:00:00,13326,682123069.7226783
2015-01-01 21:30:00,13560,682123069.7226783
2015-01-01 22:00:00,12730,682123069.7226783
2015-01-01 22:30:00,12533,682123069.7226783
2015-01-01 23:00:00,10673,682123069.7226783
2015-01-01 23:30:00,9947,682123069.7226783
2015-01-02 00:00:00,8258,682123069.7226783
2015-01-02 00:30:00,8343,682123069.7226783
2015-01-02 01:00:00,6326,682123069.7226783
2015-01-02 01:30:00,4485,682123069.7226783
2015-01-02 02:00:00,3991,682123069.7226783
2015-01-02 02:30:00,3126,682123069.7226783
2015-01-02 03:00:00,2794,682123069.7226783
2015-01-02 03:30:00,2296,682123069.7226783
2015-01-02 04:00:00,2506,682123069.7226783
2015-01-02 04:30:00,2012,682123069.7226783
2015-01-02 05:00:00,1955,682123069.7226783
2015-01-02 05:30:00,2486,682123069.7226783
2015-01-02 06:00:00,3774,682123069.7226783
2015-01-02 06:30:00,5344,682123069.7226783
2015-01-02 07:00:00,5956,682123069.7226783
2015-01-02 07:30:00,7314,682123069.7226783
2015-01-02 08:00:00,8030,682123069.7226783
2015-01-02 08:30:00,10085,682123069.7226783
2015-01-02 09:00:00,10867,682123069.7226783
2015-01-02 09:30:00,11830,682123069.7226783
2015-01-02 10:00:00,12507,682123069.7226783
2015-01-02 10:30:00,13943,682123069.7226783
2015-01-02 11:00:00,14115,682123069.7226783
2015-01-02 11:30:00,15399,682123069.7226783
2015-01-02 12:00:00,16521,682123069.7226783
2015-01-02 12:30:00,16913,682123069.7226783
2015-01-02 13:00:00,16207,682123069.7226783
2015-01-02 13:30:00,17068,682123069.7226783
2015-01-02 14:00:00,17756,682123069.7226783
2015-01-02 14:30:00,17887,682123069.7226783
2015-01-02 15:00:00,17936,682123069.7226783
2015-01-02 15:30:00,18259,682123069.7226783
2015-01-02 16:00:00,16710,682123069.7226783
2015-01-02 16:30:00,15525,682123069.7226783
2015-01-02 17:00:00,17440,682123069.7226783
2015-01-02 17:30:00,19523,682123069.7226783
2015-01-02 18:00:00,20137,682123069.7226783
2015-01-02 18:30:00,20936,682123069.7226783
2015-01-02 19:00:00,21998,682123069.7226783
2015-01-02 19:30:00,19934,682123069.7226783
2015-01-02 20:00:00,18302,682123069.7226783
2015-01-02 20:30:00,17815,682123069.7226783
2015-01-02 21:00:00,17366,682123069.7226783
2015-01-02 21:30:00,17518,682123069.7226783
2015-01-02 22:00:00,19508,682123069.7226783
2015-01-02 22:30:00,19720,682123069.7226783
2015-01-02 23:00:00,18658,682123069.7226783
2015-01-02 23:30:00,19337,682123069.7226783
2015-01-03 00:00:00,18085,682123069.7226783
2015-01-03 00:30:00,16661,682123069.7226783
2015-01-03 01:00:00,15624,682123069.7226783
2015-01-03 01:30:00,14177,682123069.7226783
2015-01-03 02:00:00,12850,682123069.7226783
2015-01-03 02:30:00,11509,682123069.7226783
2015-01-03 03:00:00,10329,682123069.7226783
2015-01-03 03:30:00,8830,682123069.7226783
2015-01-03 04:00:00,7903,682123069.7226783
2015-01-03 04:30:00,4497,682123069.7226783
2015-01-03 05:00:00,3189,682123069.7226783
2015-01-03 05:30:00,2793,682123069.7226783
2015-01-03 06:00:00,2810,682123069.7226783
2015-01-03 06:30:00,3696,682123069.7226783
2015-01-03 07:00:00,3707,682123069.7226783
2015-01-03 07:30:00,4758,682123069.7226783
2015-01-03 08:00:00,5334,682123069.7226783
2015-01-03 08:30:00,7736,682123069.7226783
2015-01-03 09:00:00,9130,682123069.7226783
2015-01-03 09:30:00,11189,682123069.7226783
2015-01-03 10:00:00,11887,682123069.7226783
2015-01-03 10:30:00,14095,682123069.7226783
2015-01-03 11:00:00,14737,682123069.7226783
2015-01-03 11:30:00,16826,682123069.7226783
2015-01-03 12:00:00,18143,682123069.7226783
2015-01-03 12:30:00,20074,682123069.7226783
2015-01-03 13:00:00,21386,682123069.7226783
2015-01-03 13:30:00,21466,682123069.7226783
2015-01-03 14:00:00,21368,682123069.7226783
2015-01-03 14:30:00,21695,682123069.7226783
2015-01-03 15:00:00,21529,682123069.7226783
2015-01-03 15:30:00,20273,682123069.7226783
2015-01-03 16:00:00,19355,682123069.7226783
2015-01-03 16:30:00,17061,682123069.7226783
2015-01-03 17:00:00,18676,682123069.7226783
2015-01-03 17:30:00,21073,682123069.7226783
2015-01-03 18:00:00,22091,682123069.7226783
2015-01-03 18:30:00,23100,682123069.7226783
2015-01-03 19:00:00,23801,682123069.7226783
2015-01-03 19:30:00,22393,682123069.7226783
2015-01-03 20:00:00,18954,682123069.7226783
2015-01-03 20:30:00,18005,682123069.7226783
2015-01-03 21:00:00,19333,682123069.7226783
2015-01-03 21:30:00,18891,682123069.7226783
2015-01-03 22:00:00,20259,682123069.7226783
2015-01-03 22:30:00,20055,682123069.7226783
2015-01-03 23:00:00,19787,682123069.7226783
2015-01-03 23:30:00,20995,682123069.7226783
2015-01-04 00:00:00,19613,682123069.7226783
2015-01-04 00:30:00,16975,682123069.7226783
2015-01-04 01:00:00,16541,682123069.7226783
2015-01-04 01:30:00,14379,682123069.7226783
2015-01-04 02:00:00,13089,682123069.7226783
2015-01-04 02:30:00,10506,682123069.7226783
2015-01-04 03:00:00,9216,682123069.7226783
2015-01-04 03:30:00,8103,682123069.7226783
2015-01-04 04:00:00,6823,682123069.7226783
2015-01-04 04:30:00,4263,682123069.7226783
2015-01-04 05:00:00,3025,682123069.7226783
2015-01-04 05:30:00,2549,682123069.7226783
2015-01-04 06:00:00,2605,682123069.7226783
2015-01-04 06:30:00,3064,682123069.7226783
2015-01-04 07:00:00,3205,682123069.7226783
2015-01-04 07:30:00,4254,682123069.7226783
2015-01-04 08:00:00,4897,682123069.7226783
2015-01-04 08:30:00,6628,682123069.7226783
2015-01-04 09:00:00,7726,682123069.7226783
2015-01-04 09:30:00,9284,682123069.7226783
2015-01-04 10:00:00,10955,682123069.7226783
2015-01-04 10:30:00,13348,682123069.7226783
2015-01-04 11:00:00,13517,682123069.7226783
2015-01-04 11:30:00,14443,682123069.7226783
2015-01-04 12:00:00,15285,682123069.7226783
2015-01-04 12:30:00,16028,682123069.7226783
2015-01-04 13:00:00,16329,682123069.7226783
2015-01-04 13:30:00,15891,682123069.7226783
2015-01-04 14:00:00,15960,682123069.7226783
2015-01-04 14:30:00,16376,682123069.7226783
2015-01-04 15:00:00,15303,682123069.7226783
2015-01-04 15:30:00,16271,682123069.7226783
2015-01-04 16:00:00,15873,682123069.7226783
2015-01-04 16:30:00,15588,682123069.7226783
2015-01-04 17:00:00,15471,682123069.7226783
2015-01-04 17:30:00,16139,682123069.7226783
2015-01-04 18:00:00,15862,682123069.7226783
2015-01-04 18:30:00,16218,682123069.7226783
2015-01-04 19:00:00,14093,682123069.7226783
2015-01-04 19:30:00,17786,682123069.7226783
2015-01-04 20:00:00,16079,682123069.7226783
2015-01-04 20:30:00,14137,682123069.7226783
2015-01-04 21:00:00,11407,682123069.7226783
2015-01-04 21:30:00,12479,682123069.7226783
2015-01-04 22:00:00,11317,682123069.7226783
2015-01-04 22:30:00,10005,682123069.7226783
2015-01-04 23:00:00,8802,682123069.7226783
2015-01-04 23:30:00,8002,682123069.7226783
2015-01-05 00:00:00,6669,682123069.7226783
2015-01-05 00:30:00,5961,682123069.7226783
2015-01-05 01:00:00,4169,682123069.7226783
2015-01-05 01:30:00,3365,682123069.7226783
2015-01-05 02:00:00,2853,682123069.7226783
2015-01-05 02:30:00,2227,682123069.7226783
2015-01-05 03:00:00,1609,682123069.7226783
2015-01-05 03:30:00,1697,682123069.7226783
2015-01-05 04:00:00,1883,682123069.7226783
2015-01-05 04:30:00,1837,682123069.7226783
2015-01-05 05:00:00,2476,682123069.7226783
2015-01-05 05:30:00,4040,682123069.7226783
2015-01-05 06:00:00,6431,682123069.7226783
2015-01-05 06:30:00,10496,682123069.7226783
2015-01-05 07:00:00,13610,682123069.7226783
2015-01-05 07:30:00,16277,682123069.7226783
2015-01-05 08:00:00,17760,682123069.7226783
2015-01-05 08:30:00,18026,682123069.7226783
2015-01-05 09:00:00,16706,682123069.7226783
2015-01-05 09:30:00,14662,682123069.7226783
2015-01-05 10:00:00,13070,682123069.7226783
2015-01-05 10:30:00,13459,682123069.7226783
2015-01-05 11:00:00,13218,682123069.7226783
2015-01-05 11:30:00,13909,682123069.7226783
2015-01-05 12:00:00,14379,682123069.7226783
2015-01-05 12:30:00,14113,682123069.7226783
2015-01-05 13:00:00,13982,682123069.7226783
2015-01-05 13:30:00,14514,682123069.7226783
2015-01-05 14:00:00,15268,682123069.7226783
2015-01-05 14:30:00,16675,682123069.7226783
2015-01-05 15:00:00,17423,682123069.7226783
2015-01-05 15:30:00,16521,682123069.7226783
2015-01-05 16:00:00,15352,682123069.7226783
2015-01-05 16:30:00,14644,682123069.7226783
2015-01-05 17:00:00,17059,682123069.7226783
2015-01-05 17:30:00,19269,682123069.7226783
2015-01-05 18:00:00,21361,682123069.7226783
2015-01-05 18:30:00,21906,682123069.7226783
2015-01-05 19:00:00,21994,682123069.7226783
2015-01-05 19:30:00,20678,682123069.7226783
2015-01-05 20:00:00,19248,682123069.7226783
2015-01-05 20:30:00,17546,682123069.7226783
2015-01-05 21:00:00,17201,682123069.7226783
2015-01-05 21:30:00,15830,682123069.7226783
2015-01-05 22:00:00,14238,682123069.7226783
2015-01-05 22:30:00,13120,682123069.7226783
2015-01-05 23:00:00,11660,682123069.7226783
2015-01-05 23:30:00,9741,682123069.7226783
2015-01-06 00:00:00,7969,682123069.7226783
2015-01-06 00:30:00,6005,682123069.7226783
2015-01-06 01:00:00,4592,682123069.7226783
2015-01-06 01:30:00,3487,682123069.7226783
2015-01-06 02:00:00,2856,682123069.7226783
2015-01-06 02:30:00,2238,682123069.7226783
2015-01-06 03:00:00,1689,682123069.7226783
2015-01-06 03:30:00,1602,682123069.7226783
2015-01-06 04:00:00,1774,682123069.7226783
2015-01-06 04:30:00,1721,682123069.7226783
2015-01-06 05:00:00,2118,682123069.7226783
2015-01-06 05:30:00,4101,682123069.7226783
2015-01-06 06:00:00,6266,682123069.7226783
2015-01-06 06:30:00,11168,682123069.7226783
2015-01-06 07:00:00,13976,682123069.7226783
2015-01-06 07:30:00,18081,682123069.7226783
2015-01-06 08:00:00,19819,682123069.7226783
2015-01-06 08:30:00,20102,682123069.7226783
2015-01-06 09:00:00,18237,682123069.7226783
2015-01-06 09:30:00,16472,682123069.7226783
2015-01-06 10:00:00,14510,682123069.7226783
2015-01-06 10:30:00,14365,682123069.7226783
2015-01-06 11:00:00,13611,682123069.7226783
2015-01-06 11:30:00,14729,682123069.7226783
2015-01-06 12:00:00,15072,682123069.7226783
2015-01-06 12:30:00,14628,682123069.7226783
2015-01-06 13:00:00,14069,682123069.7226783
2015-01-06 13:30:00,14987,682123069.7226783
2015-01-06 14:00:00,15176,682123069.7226783
2015-01-06 14:30:00,16884,682123069.7226783
2015-01-06 15:00:00,17055,682123069.7226783
2015-01-06 15:30:00,16238,682123069.7226783
2015-01-06 16:00:00,14566,682123069.7226783
2015-01-06 16:30:00,14604,682123069.7226783
2015-01-06 17:00:00,16314,682123069.7226783
2015-01-06 17:30:00,18758,682123069.7226783
2015-01-06 18:00:00,21579,682123069.7226783
2015-01-06 18:30:00,22500,682123069.7226783
2015-01-06 19:00:00,21920,682123069.7226783
2015-01-06 19:30:00,20788,682123069.7226783
2015-01-06 20:00:00,20461,682123069.7226783
2015-01-06 20:30:00,19640,682123069.7226783
2015-01-06 21:00:00,19580,682123069.7226783
2015-01-06 21:30:00,19424,682123069.7226783
2015-01-06 22:00:00,17170,682123069.7226783
2015-01-06 22:30:00,14955,682123069.7226783
2015-01-06 23:00:00,12934,682123069.7226783
2015-01-06 23:30:00,11087,682123069.7226783
2015-01-07 00:00:00,8357,682123069.7226783
2015-01-07 00:30:00,6788,682123069.7226783
2015-01-07 01:00:00,5378,682123069.7226783
2015-01-07 01:30:00,3889,682123069.7226783
2015-01-07 02:00:00,3068,682123069.7226783
2015-01-07 02:30:00,2406,682123069.7226783
2015-01-07 03:00:00,2025,682123069.7226783
2015-01-07 03:30:00,1739,682123069.7226783
2015-01-07 04:00:00,1897,682123069.7226783
2015-01-07 04:30:00,1820,682123069.7226783
2015-01-07 05:00:00,2039,682123069.7226783
2015-01-07 05:30:00,3857,682123069.7226783
2015-01-07 06:00:00,6280,682123069.7226783
2015-01-07 06:30:00,11280,682123069.7226783
2015-01-07 07:00:00,14586,682123069.7226783
2015-01-07 07:30:00,18374,682123069.7226783
2015-01-07 08:00:00,20307,682123069.7226783
2015-01-07 08:30:00,21113,682123069.7226783
2015-01-07 09:00:00,19287,682123069.7226783
2015-01-07 09:30:00,17966,682123069.7226783
2015-01-07 10:00:00,15690,682123069.7226783
2015-01-07 10:30:00,16091,682123069.7226783
2015-01-07 11:00:00,14981,682123069.7226783
2015-01-07 11:30:00,16906,682123069.7226783
2015-01-07 12:00:00,16648,682123069.7226783
2015-01-07 12:30:00,16826,682123069.7226783
2015-01-07 13:00:00,16379,682123069.7226783
2015-01-07 13:30:00,17457,682123069.7226783
2015-01-07 14:00:00,17335,682123069.7226783
2015-01-07 14:30:00,18690,682123069.7226783
2015-01-07 15:00:00,19029,682123069.7226783
2015-01-07 15:30:00,17234,682123069.7226783
2015-01-07 16:00:00,16505,682123069.7226783
2015-01-07 16:30:00,15509,682123069.7226783
2015-01-07 17:00:00,17873,682123069.7226783
2015-01-07 17:30:00,21871,682123069.7226783
2015-01-07 18:00:00,24019,682123069.7226783
2015-01-07 18:30:00,24965,682123069.7226783
2015-01-07 19:00:00,25708,682123069.7226783
2015-01-07 19:30:00,24871,682123069.7226783
2015-01-07 20:00:00,23732,682123069.7226783
2015-01-07 20:30:00,22463,682123069.7226783
2015-01-07 21:00:00,23142,682123069.7226783
2015-01-07 21:30:00,22369,682123069.7226783
2015-01-07 22:00:00,21904,682123069.7226783
2015-01-07 22:30:00,18610,682123069.7226783
2015-01-07 23:00:00,15262,682123069.7226783
2015-01-07 23:30:00,12490,682123069.7226783
2015-01-08 00:00:00,9843,682123069.7226783
2015-01-08 00:30:00,7477,682123069.7226783
2015-01-08 01:00:00,5697,682123069.7226783
2015-01-08 01:30:00,4327,682123069.7226783
2015-01-08 02:00:00,3405,682123069.7226783
2015-01-08 02:30:00,2739,682123069.7226783
2015-01-08 03:00:00,2066,682123069.7226783
2015-01-08 03:30:00,2013,682123069.7226783
2015-01-08 04:00:00,1975,682123069.7226783
2015-01-08 04:30:00,1760,682123069.7226783
2015-01-08 05:00:00,2033,682123069.7226783
2015-01-08 05:30:00,4164,682123069.7226783
2015-01-08 06:00:00,6627,682123069.7226783
2015-01-08 06:30:00,12142,682123069.7226783
2015-01-08 07:00:00,15873,682123069.7226783
2015-01-08 07:30:00,20194,682123069.7226783
2015-01-08 08:00:00,21891,682123069.7226783
2015-01-08 08:30:00,22117,682123069.7226783
2015-01-08 09:00:00,20435,682123069.7226783
2015-01-08 09:30:00,19472,682123069.7226783
2015-01-08 10:00:00,17256,682123069.7226783
2015-01-08 10:30:00,17401,682123069.7226783
2015-01-08 11:00:00,15595,682123069.7226783
2015-01-08 11:30:00,17559,682123069.7226783
2015-01-08 12:00:00,17823,682123069.7226783
2015-01-08 12:30:00,16634,682123069.7226783
2015-01-08 13:00:00,16523,682123069.7226783
2015-01-08 13:30:00,17209,682123069.7226783
2015-01-08 14:00:00,17438,682123069.7226783
2015-01-08 14:30:00,19801,682123069.7226783
2015-01-08 15:00:00,20241,682123069.7226783
2015-01-08 15:30:00,18535,682123069.7226783
2015-01-08 16:00:00,16573,682123069.7226783
2015-01-08 16:30:00,15095,682123069.7226783
2015-01-08 17:00:00,17871,682123069.7226783
2015-01-08 17:30:00,21606,682123069.7226783
2015-01-08 18:00:00,24071,682123069.7226783
2015-01-08 18:30:00,25176,682123069.7226783
2015-01-08 19:00:00,25592,682123069.7226783
2015-01-08 19:30:00,25125,682123069.7226783
2015-01-08 20:00:00,24584,682123069.7226783
2015-01-08 20:30:00,23692,682123069.7226783
2015-01-08 21:00:00,23593,682123069.7226783
2015-01-08 21:30:00,23676,682123069.7226783
2015-01-08 22:00:00,23367,682123069.7226783
2015-01-08 22:30:00,21952,682123069.7226783
2015-01-08 23:00:00,19331,682123069.7226783
2015-01-08 23:30:00,15847,682123069.7226783
2015-01-09 00:00:00,13156,682123069.7226783
2015-01-09 00:30:00,10295,682123069.7226783
2015-01-09 01:00:00,8080,682123069.7226783
2015-01-09 01:30:00,6041,682123069.7226783
2015-01-09 02:00:00,5180,682123069.7226783
2015-01-09 02:30:00,3992,682123069.7226783
2015-01-09 03:00:00,3359,682123069.7226783
2015-01-09 03:30:00,2808,682123069.7226783
2015-01-09 04:00:00,2703,682123069.7226783
2015-01-09 04:30:00,2176,682123069.7226783
2015-01-09 05:00:00,2434,682123069.7226783
2015-01-09 05:30:00,4092,682123069.7226783
2015-01-09 06:00:00,6053,682123069.7226783
2015-01-09 06:30:00,11326,682123069.7226783
2015-01-09 07:00:00,13826,682123069.7226783
2015-01-09 07:30:00,15011,682123069.7226783
2015-01-09 08:00:00,15124,682123069.7226783
2015-01-09 08:30:00,15755,682123069.7226783
2015-01-09 09:00:00,16110,682123069.7226783
2015-01-09 09:30:00,16271,682123069.7226783
2015-01-09 10:00:00,15323,682123069.7226783
2015-01-09 10:30:00,15421,682123069.7226783
2015-01-09 11:00:00,14604,682123069.7226783
2015-01-09 11:30:00,15840,682123069.7226783
2015-01-09 12:00:00,15962,682123069.7226783
2015-01-09 12:30:00,15948,682123069.7226783
2015-01-09 13:00:00,16283,682123069.7226783
2015-01-09 13:30:00,16502,682123069.7226783
2015-01-09 14:00:00,17377,682123069.7226783
2015-01-09 14:30:00,18858,682123069.7226783
2015-01-09 15:00:00,18338,682123069.7226783
2015-01-09 15:30:00,17567,682123069.7226783
2015-01-09 16:00:00,15857,682123069.7226783
2015-01-09 16:30:00,15069,682123069.7226783
2015-01-09 17:00:00,18144,682123069.7226783
2015-01-09 17:30:00,21770,682123069.7226783
2015-01-09 18:00:00,24651,682123069.7226783
2015-01-09 18:30:00,26480,682123069.7226783
2015-01-09 19:00:00,27443,682123069.7226783
2015-01-09 19:30:00,27676,682123069.7226783
2015-01-09 20:00:00,25589,682123069.7226783
2015-01-09 20:30:00,23761,682123069.7226783
2015-01-09 21:00:00,23882,682123069.7226783
2015-01-09 21:30:00,23922,682123069.7226783
2015-01-09 22:00:00,24901,682123069.7226783
2015-01-09 22:30:00,25440,682123069.7226783
2015-01-09 23:00:00,25306,682123069.7226783
2015-01-09 23:30:00,25133,682123069.7226783
2015-01-10 00:00:00,24251,682123069.7226783
2015-01-10 00:30:00,22330,682123069.7226783
2015-01-10 01:00:00,19918,682123069.7226783
2015-01-10 01:30:00,17922,682123069.7226783
2015-01-10 02:00:00,16425,682123069.7226783
2015-01-10 02:30:00,13977,682123069.7226783
2015-01-10 03:00:00,11797,682123069.7226783
2015-01-10 03:30:00,10171,682123069.7226783
2015-01-10 04:00:00,8666,682123069.7226783
2015-01-10 04:30:00,4721,682123069.7226783
2015-01-10 05:00:00,3390,682123069.7226783
2015-01-10 05:30:00,2905,682123069.7226783
2015-01-10 06:00:00,3265,682123069.7226783
2015-01-10 06:30:00,4249,682123069.7226783
2015-01-10 07:00:00,5058,682123069.7226783
2015-01-10 07:30:00,6976,682123069.7226783
2015-01-10 08:00:00,7425,682123069.7226783
2015-01-10 08:30:00,11024,682123069.7226783
2015-01-10 09:00:00,13013,682123069.7226783
2015-01-10 09:30:00,16327,682123069.7226783
2015-01-10 10:00:00,16385,682123069.7226783
2015-01-10 10:30:00,18820,682123069.7226783
2015-01-10 11:00:00,19868,682123069.7226783
2015-01-10 11:30:00,22503,682123069.7226783
2015-01-10 12:00:00,22724,682123069.7226783
2015-01-10 12:30:00,23856,682123069.7226783
2015-01-10 13:00:00,23073,682123069.7226783
2015-01-10 13:30:00,22492,682123069.7226783
2015-01-10 14:00:00,21336,682123069.7226783
2015-01-10 14:30:00,22371,682123069.7226783
2015-01-10 15:00:00,23119,682123069.7226783
2015-01-10 15:30:00,23941,682123069.7226783
2015-01-10 16:00:00,22728,682123069.7226783
2015-01-10 16:30:00,20126,682123069.7226783
2015-01-10 17:00:00,21139,682123069.7226783
2015-01-10 17:30:00,24417,682123069.7226783
2015-01-10 18:00:00,26639,682123069.7226783
2015-01-10 18:30:00,26907,682123069.7226783
2015-01-10 19:00:00,28043,682123069.7226783
2015-01-10 19:30:00,26853,682123069.7226783
2015-01-10 20:00:00,27983,682123069.7226783
2015-01-10 20:30:00,24555,682123069.7226783
2015-01-10 21:00:00,23596,682123069.7226783
2015-01-10 21:30:00,24947,682123069.7226783
2015-01-10 22:00:00,26085,682123069.7226783
2015-01-10 22:30:00,27646,682123069.7226783
2015-01-10 23:00:00,28301,682123069.7226783
2015-01-10 23:30:00,28401,682123069.7226783
2015-01-11 00:00:00,26653,682123069.7226783
2015-01-11 00:30:00,24790,682123069.7226783
2015-01-11 01:00:00,23141,682123069.7226783
2015-01-11 01:30:00,20654,682123069.7226783
2015-01-11 02:00:00,19179,682123069.7226783
2015-01-11 02:30:00,16879,682123069.7226783
2015-01-11 03:00:00,14597,682123069.7226783
2015-01-11 03:30:00,12394,682123069.7226783
2015-01-11 04:00:00,9787,682123069.7226783
2015-01-11 04:30:00,5859,682123069.7226783
2015-01-11 05:00:00,3682,682123069.7226783
2015-01-11 05:30:00,3108,682123069.7226783
2015-01-11 06:00:00,2883,682123069.7226783
2015-01-11 06:30:00,3710,682123069.7226783
2015-01-11 07:00:00,3790,682123069.7226783
2015-01-11 07:30:00,5294,682123069.7226783
2015-01-11 08:00:00,6133,682123069.7226783
2015-01-11 08:30:00,8808,682123069.7226783
2015-01-11 09:00:00,9884,682123069.7226783
2015-01-11 09:30:00,13052,682123069.7226783
2015-01-11 10:00:00,13881,682123069.7226783
2015-01-11 10:30:00,17481,682123069.7226783
2015-01-11 11:00:00,17730,682123069.7226783
2015-01-11 11:30:00,20015,682123069.7226783
2015-01-11 12:00:00,19794,682123069.7226783
2015-01-11 12:30:00,21709,682123069.7226783
2015-01-11 13:00:00,21296,682123069.7226783
2015-01-11 13:30:00,20381,682123069.7226783
2015-01-11 14:00:00,19508,682123069.7226783
2015-01-11 14:30:00,19210,682123069.7226783
2015-01-11 15:00:00,18255,682123069.7226783
2015-01-11 15:30:00,19171,682123069.7226783
2015-01-11 16:00:00,18758,682123069.7226783
2015-01-11 16:30:00,19444,682123069.7226783
2015-01-11 17:00:00,19816,682123069.7226783
2015-01-11 17:30:00,19830,682123069.7226783
2015-01-11 18:00:00,19842,682123069.7226783
2015-01-11 18:30:00,19586,682123069.7226783
2015-01-11 19:00:00,18579,682123069.7226783
2015-01-11 19:30:00,17586,682123069.7226783
2015-01-11 20:00:00,15320,682123069.7226783
2015-01-11 20:30:00,13987,682123069.7226783
2015-01-11 21:00:00,13611,682123069.7226783
2015-01-11 21:30:00,13943,682123069.7226783
2015-01-11 22:00:00,12956,682123069.7226783
2015-01-11 22:30:00,11585,682123069.7226783
2015-01-11 23:00:00,12116,682123069.7226783
2015-01-11 23:30:00,9058,682123069.7226783
2015-01-12 00:00:00,7147,682123069.7226783
2015-01-12 00:30:00,5365,682123069.7226783
2015-01-12 01:00:00,3756,682123069.7226783
2015-01-12 01:30:00,3077,682123069.7226783
2015-01-12 02:00:00,2603,682123069.7226783
2015-01-12 02:30:00,2264,682123069.7226783
2015-01-12 03:00:00,1973,682123069.7226783
2015-01-12 03:30:00,1679,682123069.7226783
2015-01-12 04:00:00,1964,682123069.7226783
2015-01-12 04:30:00,1891,682123069.7226783
2015-01-12 05:00:00,2303,682123069.7226783
2015-01-12 05:30:00,4462,682123069.7226783
2015-01-12 06:00:00,6496,682123069.7226783
2015-01-12 06:30:00,11269,682123069.7226783
2015-01-12 07:00:00,14140,682123069.7226783
2015-01-12 07:30:00,18040,682123069.7226783
2015-01-12 08:00:00,19618,682123069.7226783
2015-01-12 08:30:00,19631,682123069.7226783
2015-01-12 09:00:00,18598,682123069.7226783
2015-01-12 09:30:00,17797,682123069.7226783
2015-01-12 10:00:00,16160,682123069.7226783
2015-01-12 10:30:00,15872,682123069.7226783
2015-01-12 11:00:00,15103,682123069.7226783
2015-01-12 11:30:00,16858,682123069.7226783
2015-01-12 12:00:00,17532,682123069.7226783
2015-01-12 12:30:00,16478,682123069.7226783
2015-01-12 13:00:00,16071,682123069.7226783
2015-01-12 13:30:00,17036,682123069.7226783
2015-01-12 14:00:00,17167,682123069.7226783
2015-01-12 14:30:00,18607,682123069.7226783
2015-01-12 15:00:00,19387,682123069.7226783
2015-01-12 15:30:00,16274,682123069.7226783
2015-01-12 16:00:00,15210,682123069.7226783
2015-01-12 16:30:00,14695,682123069.7226783
2015-01-12 17:00:00,16686,682123069.7226783
2015-01-12 17:30:00,19234,682123069.7226783
2015-01-12 18:00:00,21350,682123069.7226783
2015-01-12 18:30:00,22150,682123069.7226783
2015-01-12 19:00:00,21582,682123069.7226783
2015-01-12 19:30:00,20321,682123069.7226783
2015-01-12 20:00:00,20071,682123069.7226783
2015-01-12 20:30:00,18532,682123069.7226783
2015-01-12 21:00:00,18801,682123069.7226783
2015-01-12 21:30:00,17972,682123069.7226783
2015-01-12 22:00:00,17298,682123069.7226783
2015-01-12 22:30:00,14655,682123069.7226783
2015-01-12 23:00:00,12376,682123069.7226783
2015-01-12 23:30:00,10191,682123069.7226783
2015-01-13 00:00:00,11139,682123069.7226783
2015-01-13 00:30:00,7323,682123069.7226783
2015-01-13 01:00:00,5142,682123069.7226783
2015-01-13 01:30:00,3987,682123069.7226783
2015-01-13 02:00:00,3197,682123069.7226783
2015-01-13 02:30:00,2336,682123069.7226783
2015-01-13 03:00:00,1800,682123069.7226783
2015-01-13 03:30:00,1742,682123069.7226783
2015-01-13 04:00:00,1901,682123069.7226783
2015-01-13 04:30:00,1681,682123069.7226783
2015-01-13 05:00:00,2036,682123069.7226783
2015-01-13 05:30:00,4284,682123069.7226783
2015-01-13 06:00:00,6390,682123069.7226783
2015-01-13 06:30:00,11432,682123069.7226783
2015-01-13 07:00:00,14929,682123069.7226783
2015-01-13 07:30:00,19814,682123069.7226783
2015-01-13 08:00:00,21295,682123069.7226783
2015-01-13 08:30:00,21258,682123069.7226783
2015-01-13 09:00:00,20209,682123069.7226783
2015-01-13 09:30:00,19420,682123069.7226783
2015-01-13 10:00:00,18088,682123069.7226783
2015-01-13 10:30:00,17942,682123069.7226783
2015-01-13 11:00:00,17251,682123069.7226783
2015-01-13 11:30:00,18843,682123069.7226783
2015-01-13 12:00:00,18906,682123069.7226783
2015-01-13 12:30:00,18117,682123069.7226783
2015-01-13 13:00:00,17533,682123069.7226783
2015-01-13 13:30:00,18593,682123069.7226783
2015-01-13 14:00:00,18967,682123069.7226783
2015-01-13 14:30:00,20374,682123069.7226783
2015-01-13 15:00:00,20245,682123069.7226783
2015-01-13 15:30:00,18663,682123069.7226783
2015-01-13 16:00:00,16688,682123069.7226783
2015-01-13 16:30:00,14860,682123069.7226783
2015-01-13 17:00:00,16990,682123069.7226783
2015-01-13 17:30:00,20233,682123069.7226783
2015-01-13 18:00:00,23012,682123069.7226783
2015-01-13 18:30:00,24353,682123069.7226783
2015-01-13 19:00:00,24698,682123069.7226783
2015-01-13 19:30:00,24188,682123069.7226783
2015-01-13 20:00:00,24033,682123069.7226783
2015-01-13 20:30:00,23737,682123069.7226783
2015-01-13 21:00:00,23774,682123069.7226783
2015-01-13 21:30:00,23522,682123069.7226783
2015-01-13 22:00:00,21828,682123069.7226783
2015-01-13 22:30:00,18996,682123069.7226783
2015-01-13 23:00:00,15659,682123069.7226783
2015-01-13 23:30:00,12989,682123069.7226783
2015-01-14 00:00:00,10584,682123069.7226783
2015-01-14 00:30:00,7941,682123069.7226783
2015-01-14 01:00:00,6221,682123069.7226783
2015-01-14 01:30:00,4792,682123069.7226783
2015-01-14 02:00:00,3814,682123069.7226783
2015-01-14 02:30:00,3053,682123069.7226783
2015-01-14 03:00:00,2725,682123069.7226783
2015-01-14 03:30:00,2356,682123069.7226783
2015-01-14 04:00:00,2327,682123069.7226783
2015-01-14 04:30:00,2058,682123069.7226783
2015-01-14 05:00:00,2267,682123069.7226783
2015-01-14 05:30:00,4547,682123069.7226783
2015-01-14 06:00:00,6582,682123069.7226783
2015-01-14 06:30:00,12004,682123069.7226783
2015-01-14 07:00:00,15442,682123069.7226783
2015-01-14 07:30:00,20021,682123069.7226783
2015-01-14 08:00:00,20953,682123069.7226783
2015-01-14 08:30:00,21276,682123069.7226783
2015-01-14 09:00:00,20444,682123069.7226783
2015-01-14 09:30:00,19071,682123069.7226783
2015-01-14 10:00:00,17173,682123069.7226783
2015-01-14 10:30:00,17446,682123069.7226783
2015-01-14 11:00:00,16319,682123069.7226783
2015-01-14 11:30:00,18120,682123069.7226783
2015-01-14 12:00:00,18258,682123069.7226783
2015-01-14 12:30:00,17222,682123069.7226783
2015-01-14 13:00:00,16563,682123069.7226783
2015-01-14 13:30:00,17953,682123069.7226783
2015-01-14 14:00:00,18119,682123069.7226783
2015-01-14 14:30:00,18740,682123069.7226783
2015-01-14 15:00:00,18803,682123069.7226783
2015-01-14 15:30:00,17318,682123069.7226783
2015-01-14 16:00:00,15354,682123069.7226783
2015-01-14 16:30:00,14243,682123069.7226783
2015-01-14 17:00:00,16310,682123069.7226783
2015-01-14 17:30:00,20078,682123069.7226783
2015-01-14 18:00:00,22844,682123069.7226783
2015-01-14 18:30:00,23895,682123069.7226783
2015-01-14 19:00:00,24410,682123069.7226783
2015-01-14 19:30:00,24216,682123069.7226783
2015-01-14 20:00:00,22351,682123069.7226783
2015-01-14 20:30:00,22154,682123069.7226783
2015-01-14 21:00:00,22757,682123069.7226783
2015-01-14 21:30:00,22301,682123069.7226783
2015-01-14 22:00:00,22537,682123069.7226783
2015-01-14 22:30:00,19647,682123069.7226783
2015-01-14 23:00:00,16555,682123069.7226783
2015-01-14 23:30:00,13935,682123069.7226783
2015-01-15 00:00:00,10852,682123069.7226783
2015-01-15 00:30:00,8131,682123069.7226783
2015-01-15 01:00:00,6253,682123069.7226783
2015-01-15 01:30:00,4881,682123069.7226783
2015-01-15 02:00:00,3872,682123069.7226783
2015-01-15 02:30:00,2952,682123069.7226783
2015-01-15 03:00:00,2530,682123069.7226783
2015-01-15 03:30:00,2242,682123069.7226783
2015-01-15 04:00:00,2384,682123069.7226783
2015-01-15 04:30:00,2102,682123069.7226783
2015-01-15 05:00:00,2353,682123069.7226783
2015-01-15 05:30:00,4388,682123069.7226783
2015-01-15 06:00:00,6600,682123069.7226783
2015-01-15 06:30:00,11844,682123069.7226783
2015-01-15 07:00:00,15429,682123069.7226783
2015-01-15 07:30:00,19536,682123069.7226783
2015-01-15 08:00:00,20800,682123069.7226783
2015-01-15 08:30:00,21237,682123069.7226783
2015-01-15 09:00:00,20044,682123069.7226783
2015-01-15 09:30:00,19195,682123069.7226783
2015-01-15 10:00:00,16819,682123069.7226783
2015-01-15 10:30:00,17002,682123069.7226783
2015-01-15 11:00:00,15592,682123069.7226783
2015-01-15 11:30:00,17319,682123069.7226783
2015-01-15 12:00:00,18062,682123069.7226783
2015-01-15 12:30:00,16821,682123069.7226783
2015-01-15 13:00:00,16158,682123069.7226783
2015-01-15 13:30:00,17614,682123069.7226783
2015-01-15 14:00:00,17978,682123069.7226783
2015-01-15 14:30:00,18693,682123069.7226783
2015-01-15 15:00:00,18743,682123069.7226783
2015-01-15 15:30:00,17213,682123069.7226783
2015-01-15 16:00:00,15389,682123069.7226783
2015-01-15 16:30:00,13926,682123069.7226783
2015-01-15 17:00:00,16336,682123069.7226783
2015-01-15 17:30:00,19647,682123069.7226783
2015-01-15 18:00:00,22732,682123069.7226783
2015-01-15 18:30:00,24064,682123069.7226783
2015-01-15 19:00:00,24881,682123069.7226783
2015-01-15 19:30:00,24507,682123069.7226783
2015-01-15 20:00:00,24438,682123069.7226783
2015-01-15 20:30:00,23792,682123069.7226783
2015-01-15 21:00:00,24517,682123069.7226783
2015-01-15 21:30:00,24126,682123069.7226783
2015-01-15 22:00:00,23957,682123069.7226783
2015-01-15 22:30:00,22825,682123069.7226783
2015-01-15 23:00:00,21086,682123069.7226783
2015-01-15 23:30:00,17957,682123069.7226783
2015-01-16 00:00:00,14729,682123069.7226783
2015-01-16 00:30:00,11814,682123069.7226783
2015-01-16 01:00:00,9221,682123069.7226783
2015-01-16 01:30:00,7049,682123069.7226783
2015-01-16 02:00:00,6102,682123069.7226783
2015-01-16 02:30:00,4971,682123069.7226783
2015-01-16 03:00:00,4205,682123069.7226783
2015-01-16 03:30:00,3238,682123069.7226783
2015-01-16 04:00:00,3474,682123069.7226783
2015-01-16 04:30:00,2952,682123069.7226783
2015-01-16 05:00:00,2858,682123069.7226783
2015-01-16 05:30:00,4621,682123069.7226783
2015-01-16 06:00:00,6570,682123069.7226783
2015-01-16 06:30:00,11368,682123069.7226783
2015-01-16 07:00:00,14644,682123069.7226783
2015-01-16 07:30:00,18846,682123069.7226783
2015-01-16 08:00:00,19936,682123069.7226783
2015-01-16 08:30:00,20315,682123069.7226783
2015-01-16 09:00:00,19285,682123069.7226783
2015-01-16 09:30:00,18492,682123069.7226783
2015-01-16 10:00:00,16873,682123069.7226783
2015-01-16 10:30:00,16492,682123069.7226783
2015-01-16 11:00:00,15440,682123069.7226783
2015-01-16 11:30:00,17341,682123069.7226783
2015-01-16 12:00:00,17377,682123069.7226783
2015-01-16 12:30:00,16922,682123069.7226783
2015-01-16 13:00:00,16465,682123069.7226783
2015-01-16 13:30:00,17797,682123069.7226783
2015-01-16 14:00:00,18924,682123069.7226783
2015-01-16 14:30:00,19579,682123069.7226783
2015-01-16 15:00:00,19159,682123069.7226783
2015-01-16 15:30:00,17343,682123069.7226783
2015-01-16 16:00:00,15856,682123069.7226783
2015-01-16 16:30:00,14769,682123069.7226783
2015-01-16 17:00:00,16980,682123069.7226783
2015-01-16 17:30:00,21604,682123069.7226783
2015-01-16 18:00:00,24026,682123069.7226783
2015-01-16 18:30:00,26085,682123069.7226783
2015-01-16 19:00:00,27462,682123069.7226783
2015-01-16 19:30:00,27681,682123069.7226783
2015-01-16 20:00:00,26427,682123069.7226783
2015-01-16 20:30:00,25444,682123069.7226783
2015-01-16 21:00:00,25168,682123069.7226783
2015-01-16 21:30:00,25376,682123069.7226783
2015-01-16 22:00:00,26024,682123069.7226783
2015-01-16 22:30:00,26428,682123069.7226783
2015-01-16 23:00:00,25890,682123069.7226783
2015-01-16 23:30:00,25472,682123069.7226783
2015-01-17 00:00:00,24841,682123069.7226783
2015-01-17 00:30:00,22159,682123069.7226783
2015-01-17 01:00:00,20046,682123069.7226783
2015-01-17 01:30:00,17945,682123069.7226783
2015-01-17 02:00:00,15954,682123069.7226783
2015-01-17 02:30:00,14210,682123069.7226783
2015-01-17 03:00:00,12146,682123069.7226783
2015-01-17 03:30:00,10342,682123069.7226783
2015-01-17 04:00:00,8970,682123069.7226783
2015-01-17 04:30:00,5302,682123069.7226783
2015-01-17 05:00:00,3600,682123069.7226783
2015-01-17 05:30:00,3192,682123069.7226783
2015-01-17 06:00:00,3473,682123069.7226783
2015-01-17 06:30:00,4304,682123069.7226783
2015-01-17 07:00:00,4478,682123069.7226783
2015-01-17 07:30:00,6310,682123069.7226783
2015-01-17 08:00:00,7465,682123069.7226783
2015-01-17 08:30:00,11664,682123069.7226783
2015-01-17 09:00:00,12000,682123069.7226783
2015-01-17 09:30:00,14970,682123069.7226783
2015-01-17 10:00:00,15205,682123069.7226783
2015-01-17 10:30:00,17118,682123069.7226783
2015-01-17 11:00:00,17495,682123069.7226783
2015-01-17 11:30:00,19508,682123069.7226783
2015-01-17 12:00:00,20017,682123069.7226783
2015-01-17 12:30:00,20707,682123069.7226783
2015-01-17 13:00:00,20941,682123069.7226783
2015-01-17 13:30:00,20725,682123069.7226783
2015-01-17 14:00:00,19358,682123069.7226783
2015-01-17 14:30:00,20008,682123069.7226783
2015-01-17 15:00:00,20758,682123069.7226783
2015-01-17 15:30:00,21068,682123069.7226783
2015-01-17 16:00:00,20316,682123069.7226783
2015-01-17 16:30:00,19248,682123069.7226783
2015-01-17 17:00:00,20449,682123069.7226783
2015-01-17 17:30:00,23133,682123069.7226783
2015-01-17 18:00:00,23733,682123069.7226783
2015-01-17 18:30:00,25602,682123069.7226783
2015-01-17 19:00:00,27074,682123069.7226783
2015-01-17 19:30:00,25487,682123069.7226783
2015-01-17 20:00:00,22437,682123069.7226783
2015-01-17 20:30:00,21569,682123069.7226783
2015-01-17 21:00:00,21542,682123069.7226783
2015-01-17 21:30:00,22661,682123069.7226783
2015-01-17 22:00:00,23754,682123069.7226783
2015-01-17 22:30:00,25114,682123069.7226783
2015-01-17 23:00:00,25308,682123069.7226783
2015-01-17 23:30:00,25251,682123069.7226783
2015-01-18 00:00:00,25423,682123069.7226783
2015-01-18 00:30:00,23964,682123069.7226783
2015-01-18 01:00:00,22134,682123069.7226783
2015-01-18 01:30:00,20253,682123069.7226783
2015-01-18 02:00:00,19354,682123069.7226783
2015-01-18 02:30:00,17470,682123069.7226783
2015-01-18 03:00:00,14916,682123069.7226783
2015-01-18 03:30:00,13069,682123069.7226783
2015-01-18 04:00:00,10617,682123069.7226783
2015-01-18 04:30:00,6053,682123069.7226783
2015-01-18 05:00:00,4097,682123069.7226783
2015-01-18 05:30:00,3219,682123069.7226783
2015-01-18 06:00:00,3050,682123069.7226783
2015-01-18 06:30:00,3114,682123069.7226783
2015-01-18 07:00:00,3521,682123069.7226783
2015-01-18 07:30:00,4745,682123069.7226783
2015-01-18 08:00:00,6290,682123069.7226783
2015-01-18 08:30:00,8298,682123069.7226783
2015-01-18 09:00:00,9919,682123069.7226783
2015-01-18 09:30:00,13441,682123069.7226783
2015-01-18 10:00:00,15096,682123069.7226783
2015-01-18 10:30:00,18880,682123069.7226783
2015-01-18 11:00:00,20210,682123069.7226783
2015-01-18 11:30:00,22395,682123069.7226783
2015-01-18 12:00:00,22791,682123069.7226783
2015-01-18 12:30:00,22619,682123069.7226783
2015-01-18 13:00:00,22916,682123069.7226783
2015-01-18 13:30:00,22472,682123069.7226783
2015-01-18 14:00:00,22015,682123069.7226783
2015-01-18 14:30:00,23848,682123069.7226783
2015-01-18 15:00:00,22149,682123069.7226783
2015-01-18 15:30:00,19787,682123069.7226783
2015-01-18 16:00:00,18399,682123069.7226783
2015-01-18 16:30:00,18309,682123069.7226783
2015-01-18 17:00:00,17623,682123069.7226783
2015-01-18 17:30:00,18567,682123069.7226783
2015-01-18 18:00:00,18557,682123069.7226783
2015-01-18 18:30:00,20670,682123069.7226783
2015-01-18 19:00:00,16805,682123069.7226783
2015-01-18 19:30:00,14576,682123069.7226783
2015-01-18 20:00:00,14056,682123069.7226783
2015-01-18 20:30:00,14591,682123069.7226783
2015-01-18 21:00:00,13904,682123069.7226783
2015-01-18 21:30:00,14487,682123069.7226783
2015-01-18 22:00:00,15516,682123069.7226783
2015-01-18 22:30:00,14292,682123069.7226783
2015-01-18 23:00:00,12676,682123069.7226783
2015-01-18 23:30:00,11970,682123069.7226783
2015-01-19 00:00:00,10938,682123069.7226783
2015-01-19 00:30:00,9181,682123069.7226783
2015-01-19 01:00:00,7630,682123069.7226783
2015-01-19 01:30:00,6241,682123069.7226783
2015-01-19 02:00:00,5370,682123069.7226783
2015-01-19 02:30:00,4199,682123069.7226783
2015-01-19 03:00:00,3815,682123069.7226783
2015-01-19 03:30:00,3367,682123069.7226783
2015-01-19 04:00:00,3278,682123069.7226783
2015-01-19 04:30:00,2542,682123069.7226783
2015-01-19 05:00:00,2341,682123069.7226783
2015-01-19 05:30:00,2774,682123069.7226783
2015-01-19 06:00:00,3479,682123069.7226783
2015-01-19 06:30:00,5228,682123069.7226783
2015-01-19 07:00:00,5531,682123069.7226783
2015-01-19 07:30:00,7133,682123069.7226783
2015-01-19 08:00:00,8572,682123069.7226783
2015-01-19 08:30:00,11251,682123069.7226783
2015-01-19 09:00:00,11815,682123069.7226783
2015-01-19 09:30:00,13223,682123069.7226783
2015-01-19 10:00:00,12862,682123069.7226783
2015-01-19 10:30:00,14360,682123069.7226783
2015-01-19 11:00:00,14101,682123069.7226783
2015-01-19 11:30:00,16056,682123069.7226783
2015-01-19 12:00:00,16454,682123069.7226783
2015-01-19 12:30:00,17460,682123069.7226783
2015-01-19 13:00:00,17295,682123069.7226783
2015-01-19 13:30:00,17872,682123069.7226783
2015-01-19 14:00:00,17517,682123069.7226783
2015-01-19 14:30:00,18228,682123069.7226783
2015-01-19 15:00:00,17900,682123069.7226783
2015-01-19 15:30:00,18245,682123069.7226783
2015-01-19 16:00:00,17379,682123069.7226783
2015-01-19 16:30:00,16921,682123069.7226783
2015-01-19 17:00:00,17309,682123069.7226783
2015-01-19 17:30:00,18431,682123069.7226783
2015-01-19 18:00:00,19142,682123069.7226783
2015-01-19 18:30:00,19449,682123069.7226783
2015-01-19 19:00:00,18494,682123069.7226783
2015-01-19 19:30:00,17217,682123069.7226783
2015-01-19 20:00:00,16075,682123069.7226783
2015-01-19 20:30:00,15157,682123069.7226783
2015-01-19 21:00:00,14245,682123069.7226783
2015-01-19 21:30:00,14069,682123069.7226783
2015-01-19 22:00:00,13506,682123069.7226783
2015-01-19 22:30:00,12936,682123069.7226783
2015-01-19 23:00:00,10400,682123069.7226783
2015-01-19 23:30:00,8189,682123069.7226783
2015-01-20 00:00:00,6941,682123069.7226783
2015-01-20 00:30:00,5164,682123069.7226783
2015-01-20 01:00:00,3940,682123069.7226783
2015-01-20 01:30:00,3073,682123069.7226783
2015-01-20 02:00:00,2690,682123069.7226783
2015-01-20 02:30:00,2006,682123069.7226783
2015-01-20 03:00:00,1584,682123069.7226783
2015-01-20 03:30:00,1495,682123069.7226783
2015-01-20 04:00:00,1692,682123069.7226783
2015-01-20 04:30:00,1663,682123069.7226783
2015-01-20 05:00:00,2275,682123069.7226783
2015-01-20 05:30:00,4423,682123069.7226783
2015-01-20 06:00:00,6390,682123069.7226783
2015-01-20 06:30:00,11694,682123069.7226783
2015-01-20 07:00:00,14427,682123069.7226783
2015-01-20 07:30:00,18672,682123069.7226783
2015-01-20 08:00:00,19568,682123069.7226783
2015-01-20 08:30:00,20068,682123069.7226783
2015-01-20 09:00:00,18961,682123069.7226783
2015-01-20 09:30:00,17965,682123069.7226783
2015-01-20 10:00:00,15858,682123069.7226783
2015-01-20 10:30:00,15942,682123069.7226783
2015-01-20 11:00:00,14858,682123069.7226783
2015-01-20 11:30:00,16031,682123069.7226783
2015-01-20 12:00:00,15767,682123069.7226783
2015-01-20 12:30:00,15718,682123069.7226783
2015-01-20 13:00:00,14752,682123069.7226783
2015-01-20 13:30:00,16556,682123069.7226783
2015-01-20 14:00:00,16333,682123069.7226783
2015-01-20 14:30:00,17782,682123069.7226783
2015-01-20 15:00:00,17590,682123069.7226783
2015-01-20 15:30:00,16525,682123069.7226783
2015-01-20 16:00:00,15174,682123069.7226783
2015-01-20 16:30:00,14241,682123069.7226783
2015-01-20 17:00:00,16378,682123069.7226783
2015-01-20 17:30:00,19480,682123069.7226783
2015-01-20 18:00:00,22419,682123069.7226783
2015-01-20 18:30:00,23262,682123069.7226783
2015-01-20 19:00:00,22395,682123069.7226783
2015-01-20 19:30:00,21663,682123069.7226783
2015-01-20 20:00:00,21386,682123069.7226783
2015-01-20 20:30:00,20673,682123069.7226783
2015-01-20 21:00:00,21258,682123069.7226783
2015-01-20 21:30:00,21186,682123069.7226783
2015-01-20 22:00:00,20053,682123069.7226783
2015-01-20 22:30:00,16936,682123069.7226783
2015-01-20 23:00:00,14319,682123069.7226783
2015-01-20 23:30:00,11226,682123069.7226783
2015-01-21 00:00:00,8987,682123069.7226783
2015-01-21 00:30:00,6616,682123069.7226783
2015-01-21 01:00:00,5410,682123069.7226783
2015-01-21 01:30:00,4152,682123069.7226783
2015-01-21 02:00:00,3405,682123069.7226783
2015-01-21 02:30:00,2682,682123069.7226783
2015-01-21 03:00:00,2180,682123069.7226783
2015-01-21 03:30:00,1905,682123069.7226783
2015-01-21 04:00:00,2089,682123069.7226783
2015-01-21 04:30:00,1981,682123069.7226783
2015-01-21 05:00:00,2213,682123069.7226783
2015-01-21 05:30:00,4205,682123069.7226783
2015-01-21 06:00:00,6482,682123069.7226783
2015-01-21 06:30:00,11513,682123069.7226783
2015-01-21 07:00:00,15263,682123069.7226783
2015-01-21 07:30:00,19134,682123069.7226783
2015-01-21 08:00:00,20366,682123069.7226783
2015-01-21 08:30:00,21165,682123069.7226783
2015-01-21 09:00:00,19723,682123069.7226783
2015-01-21 09:30:00,18557,682123069.7226783
2015-01-21 10:00:00,17106,682123069.7226783
2015-01-21 10:30:00,17373,682123069.7226783
2015-01-21 11:00:00,15714,682123069.7226783
2015-01-21 11:30:00,16754,682123069.7226783
2015-01-21 12:00:00,17156,682123069.7226783
2015-01-21 12:30:00,16405,682123069.7226783
2015-01-21 13:00:00,15565,682123069.7226783
2015-01-21 13:30:00,17267,682123069.7226783
2015-01-21 14:00:00,17711,682123069.7226783
2015-01-21 14:30:00,18372,682123069.7226783
2015-01-21 15:00:00,18579,682123069.7226783
2015-01-21 15:30:00,16601,682123069.7226783
2015-01-21 16:00:00,15939,682123069.7226783
2015-01-21 16:30:00,14513,682123069.7226783
2015-01-21 17:00:00,17001,682123069.7226783
2015-01-21 17:30:00,20962,682123069.7226783
2015-01-21 18:00:00,23400,682123069.7226783
2015-01-21 18:30:00,23891,682123069.7226783
2015-01-21 19:00:00,24112,682123069.7226783
2015-01-21 19:30:00,23195,682123069.7226783
2015-01-21 20:00:00,22527,682123069.7226783
2015-01-21 20:30:00,21978,682123069.7226783
2015-01-21 21:00:00,22624,682123069.7226783
2015-01-21 21:30:00,21970,682123069.7226783
2015-01-21 22:00:00,21085,682123069.7226783
2015-01-21 22:30:00,19624,682123069.7226783
2015-01-21 23:00:00,15974,682123069.7226783
2015-01-21 23:30:00,12520,682123069.7226783
2015-01-22 00:00:00,10173,682123069.7226783
2015-01-22 00:30:00,7771,682123069.7226783
2015-01-22 01:00:00,6287,682123069.7226783
2015-01-22 01:30:00,4720,682123069.7226783
2015-01-22 02:00:00,3642,682123069.7226783
2015-01-22 02:30:00,2769,682123069.7226783
2015-01-22 03:00:00,2406,682123069.7226783
2015-01-22 03:30:00,2194,682123069.7226783
2015-01-22 04:00:00,2275,682123069.7226783
2015-01-22 04:30:00,2021,682123069.7226783
2015-01-22 05:00:00,2385,682123069.7226783
2015-01-22 05:30:00,4276,682123069.7226783
2015-01-22 06:00:00,6311,682123069.7226783
2015-01-22 06:30:00,11643,682123069.7226783
2015-01-22 07:00:00,14874,682123069.7226783
2015-01-22 07:30:00,19720,682123069.7226783
2015-01-22 08:00:00,20607,682123069.7226783
2015-01-22 08:30:00,20838,682123069.7226783
2015-01-22 09:00:00,19347,682123069.7226783
2015-01-22 09:30:00,18316,682123069.7226783
2015-01-22 10:00:00,16233,682123069.7226783
2015-01-22 10:30:00,16420,682123069.7226783
2015-01-22 11:00:00,14997,682123069.7226783
2015-01-22 11:30:00,17341,682123069.7226783
2015-01-22 12:00:00,17606,682123069.7226783
2015-01-22 12:30:00,16850,682123069.7226783
2015-01-22 13:00:00,15625,682123069.7226783
2015-01-22 13:30:00,17210,682123069.7226783
2015-01-22 14:00:00,17552,682123069.7226783
2015-01-22 14:30:00,18531,682123069.7226783
2015-01-22 15:00:00,18806,682123069.7226783
2015-01-22 15:30:00,17322,682123069.7226783
2015-01-22 16:00:00,15719,682123069.7226783
2015-01-22 16:30:00,14717,682123069.7226783
2015-01-22 17:00:00,16955,682123069.7226783
2015-01-22 17:30:00,20647,682123069.7226783
2015-01-22 18:00:00,23122,682123069.7226783
2015-01-22 18:30:00,25031,682123069.7226783
2015-01-22 19:00:00,25376,682123069.7226783
2015-01-22 19:30:00,25849,682123069.7226783
2015-01-22 20:00:00,24434,682123069.7226783
2015-01-22 20:30:00,23690,682123069.7226783
2015-01-22 21:00:00,24704,682123069.7226783
2015-01-22 21:30:00,25221,682123069.7226783
2015-01-22 22:00:00,24320,682123069.7226783
2015-01-22 22:30:00,22823,682123069.7226783
2015-01-22 23:00:00,21754,682123069.7226783
2015-01-22 23:30:00,17946,682123069.7226783
2015-01-23 00:00:00,14722,682123069.7226783
2015-01-23 00:30:00,11815,682123069.7226783
2015-01-23 01:00:00,9274,682123069.7226783
2015-01-23 01:30:00,7241,682123069.7226783
2015-01-23 02:00:00,6184,682123069.7226783
2015-01-23 02:30:00,4956,682123069.7226783
2015-01-23 03:00:00,4158,682123069.7226783
2015-01-23 03:30:00,3499,682123069.7226783
2015-01-23 04:00:00,3433,682123069.7226783
2015-01-23 04:30:00,2736,682123069.7226783
2015-01-23 05:00:00,2534,682123069.7226783
2015-01-23 05:30:00,4436,682123069.7226783
2015-01-23 06:00:00,6559,682123069.7226783
2015-01-23 06:30:00,11173,682123069.7226783
2015-01-23 07:00:00,14477,682123069.7226783
2015-01-23 07:30:00,19424,682123069.7226783
2015-01-23 08:00:00,20059,682123069.7226783
2015-01-23 08:30:00,20211,682123069.7226783
2015-01-23 09:00:00,19220,682123069.7226783
2015-01-23 09:30:00,18519,682123069.7226783
2015-01-23 10:00:00,16466,682123069.7226783
2015-01-23 10:30:00,16651,682123069.7226783
2015-01-23 11:00:00,15564,682123069.7226783
2015-01-23 11:30:00,17483,682123069.7226783
2015-01-23 12:00:00,18057,682123069.7226783
2015-01-23 12:30:00,16855,682123069.7226783
2015-01-23 13:00:00,16827,682123069.7226783
2015-01-23 13:30:00,17900,682123069.7226783
2015-01-23 14:00:00,18747,682123069.7226783
2015-01-23 14:30:00,19493,682123069.7226783
2015-01-23 15:00:00,19020,682123069.7226783
2015-01-23 15:30:00,17169,682123069.7226783
2015-01-23 16:00:00,15680,682123069.7226783
2015-01-23 16:30:00,15126,682123069.7226783
2015-01-23 17:00:00,17664,682123069.7226783
2015-01-23 17:30:00,21065,682123069.7226783
2015-01-23 18:00:00,23573,682123069.7226783
2015-01-23 18:30:00,25063,682123069.7226783
2015-01-23 19:00:00,26854,682123069.7226783
2015-01-23 19:30:00,26037,682123069.7226783
2015-01-23 20:00:00,24863,682123069.7226783
2015-01-23 20:30:00,23793,682123069.7226783
2015-01-23 21:00:00,23560,682123069.7226783
2015-01-23 21:30:00,23904,682123069.7226783
2015-01-23 22:00:00,25266,682123069.7226783
2015-01-23 22:30:00,25284,682123069.7226783
2015-01-23 23:00:00,25157,682123069.7226783
2015-01-23 23:30:00,24597,682123069.7226783
2015-01-24 00:00:00,24223,682123069.7226783
2015-01-24 00:30:00,21761,682123069.7226783
2015-01-24 01:00:00,20356,682123069.7226783
2015-01-24 01:30:00,18221,682123069.7226783
2015-01-24 02:00:00,14264,682123069.7226783
2015-01-24 02:30:00,11852,682123069.7226783
2015-01-24 03:00:00,10245,682123069.7226783
2015-01-24 03:30:00,8895,682123069.7226783
2015-01-24 04:00:00,7634,682123069.7226783
2015-01-24 04:30:00,4822,682123069.7226783
2015-01-24 05:00:00,3521,682123069.7226783
2015-01-24 05:30:00,2971,682123069.7226783
2015-01-24 06:00:00,3225,682123069.7226783
2015-01-24 06:30:00,4324,682123069.7226783
2015-01-24 07:00:00,4948,682123069.7226783
2015-01-24 07:30:00,6401,682123069.7226783
2015-01-24 08:00:00,7537,682123069.7226783
2015-01-24 08:30:00,10085,682123069.7226783
2015-01-24 09:00:00,11421,682123069.7226783
2015-01-24 09:30:00,15063,682123069.7226783
2015-01-24 10:00:00,14932,682123069.7226783
2015-01-24 10:30:00,16512,682123069.7226783
2015-01-24 11:00:00,16893,682123069.7226783
2015-01-24 11:30:00,19945,682123069.7226783
2015-01-24 12:00:00,19851,682123069.7226783
2015-01-24 12:30:00,20385,682123069.7226783
2015-01-24 13:00:00,20321,682123069.7226783
2015-01-24 13:30:00,19563,682123069.7226783
2015-01-24 14:00:00,18692,682123069.7226783
2015-01-24 14:30:00,19016,682123069.7226783
2015-01-24 15:00:00,19252,682123069.7226783
2015-01-24 15:30:00,19325,682123069.7226783
2015-01-24 16:00:00,19139,682123069.7226783
2015-01-24 16:30:00,19092,682123069.7226783
2015-01-24 17:00:00,19901,682123069.7226783
2015-01-24 17:30:00,21433,682123069.7226783
2015-01-24 18:00:00,22997,682123069.7226783
2015-01-24 18:30:00,24210,682123069.7226783
2015-01-24 19:00:00,26175,682123069.7226783
2015-01-24 19:30:00,24935,682123069.7226783
2015-01-24 20:00:00,21243,682123069.7226783
2015-01-24 20:30:00,20206,682123069.7226783
2015-01-24 21:00:00,20188,682123069.7226783
2015-01-24 21:30:00,21588,682123069.7226783
2015-01-24 22:00:00,24357,682123069.7226783
2015-01-24 22:30:00,25009,682123069.7226783
2015-01-24 23:00:00,25641,682123069.7226783
2015-01-24 23:30:00,25928,682123069.7226783
2015-01-25 00:00:00,25026,682123069.7226783
2015-01-25 00:30:00,23773,682123069.7226783
2015-01-25 01:00:00,22667,682123069.7226783
2015-01-25 01:30:00,20864,682123069.7226783
2015-01-25 02:00:00,19498,682123069.7226783
2015-01-25 02:30:00,17494,682123069.7226783
2015-01-25 03:00:00,15262,682123069.7226783
2015-01-25 03:30:00,12727,682123069.7226783
2015-01-25 04:00:00,10682,682123069.7226783
2015-01-25 04:30:00,5804,682123069.7226783
2015-01-25 05:00:00,3732,682123069.7226783
2015-01-25 05:30:00,3050,682123069.7226783
2015-01-25 06:00:00,2793,682123069.7226783
2015-01-25 06:30:00,3690,682123069.7226783
2015-01-25 07:00:00,4009,682123069.7226783
2015-01-25 07:30:00,5014,682123069.7226783
2015-01-25 08:00:00,5354,682123069.7226783
2015-01-25 08:30:00,7694,682123069.7226783
2015-01-25 09:00:00,9298,682123069.7226783
2015-01-25 09:30:00,12036,682123069.7226783
2015-01-25 10:00:00,13457,682123069.7226783
2015-01-25 10:30:00,16776,682123069.7226783
2015-01-25 11:00:00,16838,682123069.7226783
2015-01-25 11:30:00,18681,682123069.7226783
2015-01-25 12:00:00,19382,682123069.7226783
2015-01-25 12:30:00,19841,682123069.7226783
2015-01-25 13:00:00,19688,682123069.7226783
2015-01-25 13:30:00,19900,682123069.7226783
2015-01-25 14:00:00,19767,682123069.7226783
2015-01-25 14:30:00,19114,682123069.7226783
2015-01-25 15:00:00,18144,682123069.7226783
2015-01-25 15:30:00,18343,682123069.7226783
2015-01-25 16:00:00,17879,682123069.7226783
2015-01-25 16:30:00,17910,682123069.7226783
2015-01-25 17:00:00,17868,682123069.7226783
2015-01-25 17:30:00,19079,682123069.7226783
2015-01-25 18:00:00,19687,682123069.7226783
2015-01-25 18:30:00,19227,682123069.7226783
2015-01-25 19:00:00,17843,682123069.7226783
2015-01-25 19:30:00,16231,682123069.7226783
2015-01-25 20:00:00,14905,682123069.7226783
2015-01-25 20:30:00,14598,682123069.7226783
2015-01-25 21:00:00,13551,682123069.7226783
2015-01-25 21:30:00,13933,682123069.7226783
2015-01-25 22:00:00,12374,682123069.7226783
2015-01-25 22:30:00,10625,682123069.7226783
2015-01-25 23:00:00,9964,682123069.7226783
2015-01-25 23:30:00,8190,682123069.7226783
2015-01-26 00:00:00,6663,682123069.7226783
2015-01-26 00:30:00,5151,682123069.7226783
2015-01-26 01:00:00,4092,682123069.7226783
2015-01-26 01:30:00,3207,682123069.7226783
2015-01-26 02:00:00,2626,682123069.7226783
2015-01-26 02:30:00,1994,682123069.7226783
2015-01-26 03:00:00,1987,682123069.7226783
2015-01-26 03:30:00,1912,682123069.7226783
2015-01-26 04:00:00,2156,682123069.7226783
2015-01-26 04:30:00,2175,682123069.7226783
2015-01-26 05:00:00,2757,682123069.7226783
2015-01-26 05:30:00,4689,682123069.7226783
2015-01-26 06:00:00,6715,682123069.7226783
2015-01-26 06:30:00,11577,682123069.7226783
2015-01-26 07:00:00,13954,682123069.7226783
2015-01-26 07:30:00,17717,682123069.7226783
2015-01-26 08:00:00,18686,682123069.7226783
2015-01-26 08:30:00,18923,682123069.7226783
2015-01-26 09:00:00,17326,682123069.7226783
2015-01-26 09:30:00,15926,682123069.7226783
2015-01-26 10:00:00,13785,682123069.7226783
2015-01-26 10:30:00,13905,682123069.7226783
2015-01-26 11:00:00,13575,682123069.7226783
2015-01-26 11:30:00,14094,682123069.7226783
2015-01-26 12:00:00,14488,682123069.7226783
2015-01-26 12:30:00,14428,682123069.7226783
2015-01-26 13:00:00,14402,682123069.7226783
2015-01-26 13:30:00,14747,682123069.7226783
2015-01-26 14:00:00,13915,682123069.7226783
2015-01-26 14:30:00,11432,682123069.7226783
2015-01-26 15:00:00,9659,682123069.7226783
2015-01-26 15:30:00,7681,682123069.7226783
2015-01-26 16:00:00,6257,682123069.7226783
2015-01-26 16:30:00,5520,682123069.7226783
2015-01-26 17:00:00,5159,682123069.7226783
2015-01-26 17:30:00,5283,682123069.7226783
2015-01-26 18:00:00,5821,682123069.7226783
2015-01-26 18:30:00,5586,682123069.7226783
2015-01-26 19:00:00,4729,682123069.7226783
2015-01-26 19:30:00,4402,682123069.7226783
2015-01-26 20:00:00,3877,682123069.7226783
2015-01-26 20:30:00,3384,682123069.7226783
2015-01-26 21:00:00,3203,682123069.7226783
2015-01-26 21:30:00,2611,682123069.7226783
2015-01-26 22:00:00,1783,682123069.7226783
2015-01-26 22:30:00,866,682123069.7226783
2015-01-26 23:00:00,297,682123069.7226783
2015-01-26 23:30:00,189,682123069.7226783
2015-01-27 00:00:00,109,682123069.7226783
2015-01-27 00:30:00,80,682123069.7226783
2015-01-27 01:00:00,40,682123069.7226783
2015-01-27 01:30:00,39,682123069.7226783
2015-01-27 02:00:00,26,682123069.7226783
2015-01-27 02:30:00,32,682123069.7226783
2015-01-27 03:00:00,8,682123069.7226783
2015-01-27 03:30:00,11,682123069.7226783
2015-01-27 04:00:00,9,682123069.7226783
2015-01-27 04:30:00,20,682123069.7226783
2015-01-27 05:00:00,21,682123069.7226783
2015-01-27 05:30:00,37,682123069.7226783
2015-01-27 06:00:00,69,682123069.7226783
2015-01-27 06:30:00,107,682123069.7226783
2015-01-27 07:00:00,216,682123069.7226783
2015-01-27 07:30:00,332,682123069.7226783
2015-01-27 08:00:00,570,682123069.7226783
2015-01-27 08:30:00,1049,682123069.7226783
2015-01-27 09:00:00,1589,682123069.7226783
2015-01-27 09:30:00,2285,682123069.7226783
2015-01-27 10:00:00,2945,682123069.7226783
2015-01-27 10:30:00,3544,682123069.7226783
2015-01-27 11:00:00,3876,682123069.7226783
2015-01-27 11:30:00,4535,682123069.7226783
2015-01-27 12:00:00,4923,682123069.7226783
2015-01-27 12:30:00,5157,682123069.7226783
2015-01-27 13:00:00,5273,682123069.7226783
2015-01-27 13:30:00,5584,682123069.7226783
2015-01-27 14:00:00,5773,682123069.7226783
2015-01-27 14:30:00,6569,682123069.7226783
2015-01-27 15:00:00,7007,682123069.7226783
2015-01-27 15:30:00,7400,682123069.7226783
2015-01-27 16:00:00,7962,682123069.7226783
2015-01-27 16:30:00,8760,682123069.7226783
2015-01-27 17:00:00,9776,682123069.7226783
2015-01-27 17:30:00,10863,682123069.7226783
2015-01-27 18:00:00,12687,682123069.7226783
2015-01-27 18:30:00,12541,682123069.7226783
2015-01-27 19:00:00,11967,682123069.7226783
2015-01-27 19:30:00,10813,682123069.7226783
2015-01-27 20:00:00,10419,682123069.7226783
2015-01-27 20:30:00,10132,682123069.7226783
2015-01-27 21:00:00,10566,682123069.7226783
2015-01-27 21:30:00,11073,682123069.7226783
2015-01-27 22:00:00,10559,682123069.7226783
2015-01-27 22:30:00,9121,682123069.7226783
2015-01-27 23:00:00,8700,682123069.7226783
2015-01-27 23:30:00,6884,682123069.7226783
2015-01-28 00:00:00,5502,682123069.7226783
2015-01-28 00:30:00,4001,682123069.7226783
2015-01-28 01:00:00,3039,682123069.7226783
2015-01-28 01:30:00,2431,682123069.7226783
2015-01-28 02:00:00,2005,682123069.7226783
2015-01-28 02:30:00,1661,682123069.7226783
2015-01-28 03:00:00,1300,682123069.7226783
2015-01-28 03:30:00,1279,682123069.7226783
2015-01-28 04:00:00,1407,682123069.7226783
2015-01-28 04:30:00,1353,682123069.7226783
2015-01-28 05:00:00,1887,682123069.7226783
2015-01-28 05:30:00,3714,682123069.7226783
2015-01-28 06:00:00,6019,682123069.7226783
2015-01-28 06:30:00,11208,682123069.7226783
2015-01-28 07:00:00,14063,682123069.7226783
2015-01-28 07:30:00,17572,682123069.7226783
2015-01-28 08:00:00,18746,682123069.7226783
2015-01-28 08:30:00,18397,682123069.7226783
2015-01-28 09:00:00,17430,682123069.7226783
2015-01-28 09:30:00,15997,682123069.7226783
2015-01-28 10:00:00,13900,682123069.7226783
2015-01-28 10:30:00,14138,682123069.7226783
2015-01-28 11:00:00,13361,682123069.7226783
2015-01-28 11:30:00,14156,682123069.7226783
2015-01-28 12:00:00,14075,682123069.7226783
2015-01-28 12:30:00,13887,682123069.7226783
2015-01-28 13:00:00,13593,682123069.7226783
2015-01-28 13:30:00,14093,682123069.7226783
2015-01-28 14:00:00,14699,682123069.7226783
2015-01-28 14:30:00,15372,682123069.7226783
2015-01-28 15:00:00,16220,682123069.7226783
2015-01-28 15:30:00,15107,682123069.7226783
2015-01-28 16:00:00,14057,682123069.7226783
2015-01-28 16:30:00,13802,682123069.7226783
2015-01-28 17:00:00,15961,682123069.7226783
2015-01-28 17:30:00,18422,682123069.7226783
2015-01-28 18:00:00,21270,682123069.7226783
2015-01-28 18:30:00,22262,682123069.7226783
2015-01-28 19:00:00,22786,682123069.7226783
2015-01-28 19:30:00,22169,682123069.7226783
2015-01-28 20:00:00,21155,682123069.7226783
2015-01-28 20:30:00,20120,682123069.7226783
2015-01-28 21:00:00,20428,682123069.7226783
2015-01-28 21:30:00,20309,682123069.7226783
2015-01-28 22:00:00,20059,682123069.7226783
2015-01-28 22:30:00,19055,682123069.7226783
2015-01-28 23:00:00,15481,682123069.7226783
2015-01-28 23:30:00,12535,682123069.7226783
2015-01-29 00:00:00,10134,682123069.7226783
2015-01-29 00:30:00,7568,682123069.7226783
2015-01-29 01:00:00,5619,682123069.7226783
2015-01-29 01:30:00,4342,682123069.7226783
2015-01-29 02:00:00,3604,682123069.7226783
2015-01-29 02:30:00,2822,682123069.7226783
2015-01-29 03:00:00,2379,682123069.7226783
2015-01-29 03:30:00,2121,682123069.7226783
2015-01-29 04:00:00,2130,682123069.7226783
2015-01-29 04:30:00,1968,682123069.7226783
2015-01-29 05:00:00,2339,682123069.7226783
2015-01-29 05:30:00,4306,682123069.7226783
2015-01-29 06:00:00,6575,682123069.7226783
2015-01-29 06:30:00,11896,682123069.7226783
2015-01-29 07:00:00,15030,682123069.7226783
2015-01-29 07:30:00,18687,682123069.7226783
2015-01-29 08:00:00,19710,682123069.7226783
2015-01-29 08:30:00,19585,682123069.7226783
2015-01-29 09:00:00,18438,682123069.7226783
2015-01-29 09:30:00,17398,682123069.7226783
2015-01-29 10:00:00,16241,682123069.7226783
2015-01-29 10:30:00,15905,682123069.7226783
2015-01-29 11:00:00,14690,682123069.7226783
2015-01-29 11:30:00,16203,682123069.7226783
2015-01-29 12:00:00,16711,682123069.7226783
2015-01-29 12:30:00,16013,682123069.7226783
2015-01-29 13:00:00,15725,682123069.7226783
2015-01-29 13:30:00,16432,682123069.7226783
2015-01-29 14:00:00,17190,682123069.7226783
2015-01-29 14:30:00,17571,682123069.7226783
2015-01-29 15:00:00,18184,682123069.7226783
2015-01-29 15:30:00,16484,682123069.7226783
2015-01-29 16:00:00,14774,682123069.7226783
2015-01-29 16:30:00,13800,682123069.7226783
2015-01-29 17:00:00,15971,682123069.7226783
2015-01-29 17:30:00,19384,682123069.7226783
2015-01-29 18:00:00,21649,682123069.7226783
2015-01-29 18:30:00,23102,682123069.7226783
2015-01-29 19:00:00,23464,682123069.7226783
2015-01-29 19:30:00,23343,682123069.7226783
2015-01-29 20:00:00,23197,682123069.7226783
2015-01-29 20:30:00,23120,682123069.7226783
2015-01-29 21:00:00,23208,682123069.7226783
2015-01-29 21:30:00,23188,682123069.7226783
2015-01-29 22:00:00,22638,682123069.7226783
2015-01-29 22:30:00,21501,682123069.7226783
2015-01-29 23:00:00,20719,682123069.7226783
2015-01-29 23:30:00,17877,682123069.7226783
2015-01-30 00:00:00,14367,682123069.7226783
2015-01-30 00:30:00,11118,682123069.7226783
2015-01-30 01:00:00,8733,682123069.7226783
2015-01-30 01:30:00,6954,682123069.7226783
2015-01-30 02:00:00,5898,682123069.7226783
2015-01-30 02:30:00,4541,682123069.7226783
2015-01-30 03:00:00,3834,682123069.7226783
2015-01-30 03:30:00,3143,682123069.7226783
2015-01-30 04:00:00,3295,682123069.7226783
2015-01-30 04:30:00,2652,682123069.7226783
2015-01-30 05:00:00,2541,682123069.7226783
2015-01-30 05:30:00,4585,682123069.7226783
2015-01-30 06:00:00,6626,682123069.7226783
2015-01-30 06:30:00,11854,682123069.7226783
2015-01-30 07:00:00,15913,682123069.7226783
2015-01-30 07:30:00,19574,682123069.7226783
2015-01-30 08:00:00,20898,682123069.7226783
2015-01-30 08:30:00,20859,682123069.7226783
2015-01-30 09:00:00,19707,682123069.7226783
2015-01-30 09:30:00,18495,682123069.7226783
2015-01-30 10:00:00,17096,682123069.7226783
2015-01-30 10:30:00,16561,682123069.7226783
2015-01-30 11:00:00,16496,682123069.7226783
2015-01-30 11:30:00,17310,682123069.7226783
2015-01-30 12:00:00,17354,682123069.7226783
2015-01-30 12:30:00,16305,682123069.7226783
2015-01-30 13:00:00,16685,682123069.7226783
2015-01-30 13:30:00,18077,682123069.7226783
2015-01-30 14:00:00,18375,682123069.7226783
2015-01-30 14:30:00,18633,682123069.7226783
2015-01-30 15:00:00,18401,682123069.7226783
2015-01-30 15:30:00,17079,682123069.7226783
2015-01-30 16:00:00,15582,682123069.7226783
2015-01-30 16:30:00,14719,682123069.7226783
2015-01-30 17:00:00,17569,682123069.7226783
2015-01-30 17:30:00,21013,682123069.7226783
2015-01-30 18:00:00,23696,682123069.7226783
2015-01-30 18:30:00,25758,682123069.7226783
2015-01-30 19:00:00,27289,682123069.7226783
2015-01-30 19:30:00,28107,682123069.7226783
2015-01-30 20:00:00,27308,682123069.7226783
2015-01-30 20:30:00,26570,682123069.7226783
2015-01-30 21:00:00,25935,682123069.7226783
2015-01-30 21:30:00,26432,682123069.7226783
2015-01-30 22:00:00,26739,682123069.7226783
2015-01-30 22:30:00,26874,682123069.7226783
2015-01-30 23:00:00,26928,682123069.7226783
2015-01-30 23:30:00,26000,682123069.7226783
2015-01-31 00:00:00,25778,682123069.7226783
2015-01-31 00:30:00,23304,682123069.7226783
2015-01-31 01:00:00,21318,682123069.7226783
2015-01-31 01:30:00,19024,682123069.7226783
2015-01-31 02:00:00,17022,682123069.7226783
2015-01-31 02:30:00,14733,682123069.7226783
2015-01-31 03:00:00,12593,682123069.7226783
2015-01-31 03:30:00,11048,682123069.7226783
2015-01-31 04:00:00,9364,682123069.7226783
2015-01-31 04:30:00,5209,682123069.7226783
2015-01-31 05:00:00,3683,682123069.7226783
2015-01-31 05:30:00,3329,682123069.7226783
2015-01-31 06:00:00,3714,682123069.7226783
2015-01-31 06:30:00,4531,682123069.7226783
2015-01-31 07:00:00,4803,682123069.7226783
2015-01-31 07:30:00,7049,682123069.7226783
2015-01-31 08:00:00,8363,682123069.7226783
2015-01-31 08:30:00,11899,682123069.7226783
2015-01-31 09:00:00,13522,682123069.7226783
2015-01-31 09:30:00,18164,682123069.7226783
2015-01-31 10:00:00,17645,682123069.7226783
2015-01-31 10:30:00,20056,682123069.7226783
2015-01-31 11:00:00,20270,682123069.7226783
2015-01-31 11:30:00,22865,682123069.7226783
2015-01-31 12:00:00,22951,682123069.7226783
2015-01-31 12:30:00,23387,682123069.7226783
2015-01-31 13:00:00,23069,682123069.7226783
2015-01-31 13:30:00,23298,682123069.7226783
2015-01-31 14:00:00,21817,682123069.7226783
2015-01-31 14:30:00,21565,682123069.7226783
2015-01-31 15:00:00,21729,682123069.7226783
2015-01-31 15:30:00,22838,682123069.7226783
2015-01-31 16:00:00,21068,682123069.7226783
2015-01-31 16:30:00,19920,682123069.7226783
2015-01-31 17:00:00,20715,682123069.7226783
2015-01-31 17:30:00,23595,682123069.7226783
2015-01-31 18:00:00,26044,682123069.7226783
2015-01-31 18:30:00,27286,682123069.7226783
2015-01-31 19:00:00,28804,682123069.7226783
2015-01-31 19:30:00,27773,682123069.7226783
2015-01-31 20:00:00,24985,682123069.7226783
2015-01-31 20:30:00,23291,682123069.7226783
2015-01-31 21:00:00,23719,682123069.7226783
2015-01-31 21:30:00,24670,682123069.7226783
2015-01-31 22:00:00,25721,682123069.7226783
2015-01-31 22:30:00,27309,682123069.7226783
2015-01-31 23:00:00,26591,682123069.7226783
2015-01-31 23:30:00,26288,682123069.7226783
2015-02-01 00:00:00,25986,682123069.7226783
2015-02-01 00:30:00,24963,682123069.7226783
2015-02-01 01:00:00,23364,682123069.7226783
2015-02-01 01:30:00,21479,682123069.7226783
2015-02-01 02:00:00,19887,682123069.7226783
2015-02-01 02:30:00,17864,682123069.7226783
2015-02-01 03:00:00,14851,682123069.7226783
2015-02-01 03:30:00,12652,682123069.7226783
2015-02-01 04:00:00,10864,682123069.7226783
2015-02-01 04:30:00,5977,682123069.7226783
2015-02-01 05:00:00,3824,682123069.7226783
2015-02-01 05:30:00,3077,682123069.7226783
2015-02-01 06:00:00,3128,682123069.7226783
2015-02-01 06:30:00,3625,682123069.7226783
2015-02-01 07:00:00,3680,682123069.7226783
2015-02-01 07:30:00,4880,682123069.7226783
2015-02-01 08:00:00,6478,682123069.7226783
2015-02-01 08:30:00,9355,682123069.7226783
2015-02-01 09:00:00,9834,682123069.7226783
2015-02-01 09:30:00,12622,682123069.7226783
2015-02-01 10:00:00,13701,682123069.7226783
2015-02-01 10:30:00,16998,682123069.7226783
2015-02-01 11:00:00,16763,682123069.7226783
2015-02-01 11:30:00,17773,682123069.7226783
2015-02-01 12:00:00,18391,682123069.7226783
2015-02-01 12:30:00,20079,682123069.7226783
2015-02-01 13:00:00,19536,682123069.7226783
2015-02-01 13:30:00,19500,682123069.7226783
2015-02-01 14:00:00,18833,682123069.7226783
2015-02-01 14:30:00,18913,682123069.7226783
2015-02-01 15:00:00,18135,682123069.7226783
2015-02-01 15:30:00,18725,682123069.7226783
2015-02-01 16:00:00,18525,682123069.7226783
2015-02-01 16:30:00,19535,682123069.7226783
2015-02-01 17:00:00,22013,682123069.7226783
2015-02-01 17:30:00,24441,682123069.7226783
2015-02-01 18:00:00,24478,682123069.7226783
2015-02-01 18:30:00,18612,682123069.7226783
2015-02-01 19:00:00,13997,682123069.7226783
2015-02-01 19:30:00,11752,682123069.7226783
2015-02-01 20:00:00,11765,682123069.7226783
2015-02-01 20:30:00,14250,682123069.7226783
2015-02-01 21:00:00,13271,682123069.7226783
2015-02-01 21:30:00,10651,682123069.7226783
2015-02-01 22:00:00,20422,682123069.7226783
2015-02-01 22:30:00,20281,682123069.7226783
2015-02-01 23:00:00,15400,682123069.7226783
2015-02-01 23:30:00,12092,682123069.7226783
2015-02-02 00:00:00,8648,682123069.7226783
2015-02-02 00:30:00,6583,682123069.7226783
2015-02-02 01:00:00,4954,682123069.7226783
2015-02-02 01:30:00,3714,682123069.7226783
2015-02-02 02:00:00,2903,682123069.7226783
2015-02-02 02:30:00,2258,682123069.7226783
2015-02-02 03:00:00,1766,682123069.7226783
2015-02-02 03:30:00,1499,682123069.7226783
2015-02-02 04:00:00,1624,682123069.7226783
2015-02-02 04:30:00,1455,682123069.7226783
2015-02-02 05:00:00,1867,682123069.7226783
2015-02-02 05:30:00,3421,682123069.7226783
2015-02-02 06:00:00,4879,682123069.7226783
2015-02-02 06:30:00,7756,682123069.7226783
2015-02-02 07:00:00,11170,682123069.7226783
2015-02-02 07:30:00,13873,682123069.7226783
2015-02-02 08:00:00,14824,682123069.7226783
2015-02-02 08:30:00,15996,682123069.7226783
2015-02-02 09:00:00,15248,682123069.7226783
2015-02-02 09:30:00,15392,682123069.7226783
2015-02-02 10:00:00,14982,682123069.7226783
2015-02-02 10:30:00,14950,682123069.7226783
2015-02-02 11:00:00,13939,682123069.7226783
2015-02-02 11:30:00,14111,682123069.7226783
2015-02-02 12:00:00,14392,682123069.7226783
2015-02-02 12:30:00,13904,682123069.7226783
2015-02-02 13:00:00,13506,682123069.7226783
2015-02-02 13:30:00,15114,682123069.7226783
2015-02-02 14:00:00,15245,682123069.7226783
2015-02-02 14:30:00,15227,682123069.7226783
2015-02-02 15:00:00,14221,682123069.7226783
2015-02-02 15:30:00,13676,682123069.7226783
2015-02-02 16:00:00,12848,682123069.7226783
2015-02-02 16:30:00,12835,682123069.7226783
2015-02-02 17:00:00,14072,682123069.7226783
2015-02-02 17:30:00,16253,682123069.7226783
2015-02-02 18:00:00,18262,682123069.7226783
2015-02-02 18:30:00,18530,682123069.7226783
2015-02-02 19:00:00,18802,682123069.7226783
2015-02-02 19:30:00,18018,682123069.7226783
2015-02-02 20:00:00,17555,682123069.7226783
2015-02-02 20:30:00,16834,682123069.7226783
2015-02-02 21:00:00,16484,682123069.7226783
2015-02-02 21:30:00,15301,682123069.7226783
2015-02-02 22:00:00,15036,682123069.7226783
2015-02-02 22:30:00,13085,682123069.7226783
2015-02-02 23:00:00,11612,682123069.7226783
2015-02-02 23:30:00,8965,682123069.7226783
2015-02-03 00:00:00,7604,682123069.7226783
2015-02-03 00:30:00,5651,682123069.7226783
2015-02-03 01:00:00,4551,682123069.7226783
2015-02-03 01:30:00,3248,682123069.7226783
2015-02-03 02:00:00,2517,682123069.7226783
2015-02-03 02:30:00,2233,682123069.7226783
2015-02-03 03:00:00,1806,682123069.7226783
2015-02-03 03:30:00,1525,682123069.7226783
2015-02-03 04:00:00,1793,682123069.7226783
2015-02-03 04:30:00,1920,682123069.7226783
2015-02-03 05:00:00,2310,682123069.7226783
2015-02-03 05:30:00,4510,682123069.7226783
2015-02-03 06:00:00,6389,682123069.7226783
2015-02-03 06:30:00,10763,682123069.7226783
2015-02-03 07:00:00,14167,682123069.7226783
2015-02-03 07:30:00,17470,682123069.7226783
2015-02-03 08:00:00,18895,682123069.7226783
2015-02-03 08:30:00,19367,682123069.7226783
2015-02-03 09:00:00,19035,682123069.7226783
2015-02-03 09:30:00,19016,682123069.7226783
2015-02-03 10:00:00,18180,682123069.7226783
2015-02-03 10:30:00,17812,682123069.7226783
2015-02-03 11:00:00,17260,682123069.7226783
2015-02-03 11:30:00,17880,682123069.7226783
2015-02-03 12:00:00,17224,682123069.7226783
2015-02-03 12:30:00,16489,682123069.7226783
2015-02-03 13:00:00,15860,682123069.7226783
2015-02-03 13:30:00,16976,682123069.7226783
2015-02-03 14:00:00,17009,682123069.7226783
2015-02-03 14:30:00,18192,682123069.7226783
2015-02-03 15:00:00,18626,682123069.7226783
2015-02-03 15:30:00,17095,682123069.7226783
2015-02-03 16:00:00,15276,682123069.7226783
2015-02-03 16:30:00,14274,682123069.7226783
2015-02-03 17:00:00,16851,682123069.7226783
2015-02-03 17:30:00,19552,682123069.7226783
2015-02-03 18:00:00,22275,682123069.7226783
2015-02-03 18:30:00,23109,682123069.7226783
2015-02-03 19:00:00,22716,682123069.7226783
2015-02-03 19:30:00,22780,682123069.7226783
2015-02-03 20:00:00,22792,682123069.7226783
2015-02-03 20:30:00,22621,682123069.7226783
2015-02-03 21:00:00,22322,682123069.7226783
2015-02-03 21:30:00,22403,682123069.7226783
2015-02-03 22:00:00,21251,682123069.7226783
2015-02-03 22:30:00,18716,682123069.7226783
2015-02-03 23:00:00,16520,682123069.7226783
2015-02-03 23:30:00,13133,682123069.7226783
2015-02-04 00:00:00,10196,682123069.7226783
2015-02-04 00:30:00,7086,682123069.7226783
2015-02-04 01:00:00,5735,682123069.7226783
2015-02-04 01:30:00,4252,682123069.7226783
2015-02-04 02:00:00,3336,682123069.7226783
2015-02-04 02:30:00,2815,682123069.7226783
2015-02-04 03:00:00,2345,682123069.7226783
2015-02-04 03:30:00,2072,682123069.7226783
2015-02-04 04:00:00,2149,682123069.7226783
2015-02-04 04:30:00,1974,682123069.7226783
2015-02-04 05:00:00,2298,682123069.7226783
2015-02-04 05:30:00,4213,682123069.7226783
2015-02-04 06:00:00,6618,682123069.7226783
2015-02-04 06:30:00,11949,682123069.7226783
2015-02-04 07:00:00,15264,682123069.7226783
2015-02-04 07:30:00,19088,682123069.7226783
2015-02-04 08:00:00,20012,682123069.7226783
2015-02-04 08:30:00,19976,682123069.7226783
2015-02-04 09:00:00,19179,682123069.7226783
2015-02-04 09:30:00,18121,682123069.7226783
2015-02-04 10:00:00,16667,682123069.7226783
2015-02-04 10:30:00,16246,682123069.7226783
2015-02-04 11:00:00,15916,682123069.7226783
2015-02-04 11:30:00,16932,682123069.7226783
2015-02-04 12:00:00,16922,682123069.7226783
2015-02-04 12:30:00,16280,682123069.7226783
2015-02-04 13:00:00,16056,682123069.7226783
2015-02-04 13:30:00,17189,682123069.7226783
2015-02-04 14:00:00,17031,682123069.7226783
2015-02-04 14:30:00,17789,682123069.7226783
2015-02-04 15:00:00,16909,682123069.7226783
2015-02-04 15:30:00,15447,682123069.7226783
2015-02-04 16:00:00,12778,682123069.7226783
2015-02-04 16:30:00,12053,682123069.7226783
2015-02-04 17:00:00,13897,682123069.7226783
2015-02-04 17:30:00,16828,682123069.7226783
2015-02-04 18:00:00,18800,682123069.7226783
2015-02-04 18:30:00,20308,682123069.7226783
2015-02-04 19:00:00,22265,682123069.7226783
2015-02-04 19:30:00,22347,682123069.7226783
2015-02-04 20:00:00,22024,682123069.7226783
2015-02-04 20:30:00,21468,682123069.7226783
2015-02-04 21:00:00,22140,682123069.7226783
2015-02-04 21:30:00,21521,682123069.7226783
2015-02-04 22:00:00,21388,682123069.7226783
2015-02-04 22:30:00,19556,682123069.7226783
2015-02-04 23:00:00,17416,682123069.7226783
2015-02-04 23:30:00,13652,682123069.7226783
2015-02-05 00:00:00,11287,682123069.7226783
2015-02-05 00:30:00,8615,682123069.7226783
2015-02-05 01:00:00,6331,682123069.7226783
2015-02-05 01:30:00,5081,682123069.7226783
2015-02-05 02:00:00,4022,682123069.7226783
2015-02-05 02:30:00,3086,682123069.7226783
2015-02-05 03:00:00,2566,682123069.7226783
2015-02-05 03:30:00,2112,682123069.7226783
2015-02-05 04:00:00,2311,682123069.7226783
2015-02-05 04:30:00,1972,682123069.7226783
2015-02-05 05:00:00,2422,682123069.7226783
2015-02-05 05:30:00,4446,682123069.7226783
2015-02-05 06:00:00,6599,682123069.7226783
2015-02-05 06:30:00,12152,682123069.7226783
2015-02-05 07:00:00,15334,682123069.7226783
2015-02-05 07:30:00,19370,682123069.7226783
2015-02-05 08:00:00,19942,682123069.7226783
2015-02-05 08:30:00,20325,682123069.7226783
2015-02-05 09:00:00,19327,682123069.7226783
2015-02-05 09:30:00,18445,682123069.7226783
2015-02-05 10:00:00,17086,682123069.7226783
2015-02-05 10:30:00,16932,682123069.7226783
2015-02-05 11:00:00,16191,682123069.7226783
2015-02-05 11:30:00,17753,682123069.7226783
2015-02-05 12:00:00,18293,682123069.7226783
2015-02-05 12:30:00,17010,682123069.7226783
2015-02-05 13:00:00,16797,682123069.7226783
2015-02-05 13:30:00,18076,682123069.7226783
2015-02-05 14:00:00,18194,682123069.7226783
2015-02-05 14:30:00,19196,682123069.7226783
2015-02-05 15:00:00,19835,682123069.7226783
2015-02-05 15:30:00,17045,682123069.7226783
2015-02-05 16:00:00,15406,682123069.7226783
2015-02-05 16:30:00,14001,682123069.7226783
2015-02-05 17:00:00,16771,682123069.7226783
2015-02-05 17:30:00,19785,682123069.7226783
2015-02-05 18:00:00,23356,682123069.7226783
2015-02-05 18:30:00,24428,682123069.7226783
2015-02-05 19:00:00,25017,682123069.7226783
2015-02-05 19:30:00,25680,682123069.7226783
2015-02-05 20:00:00,25528,682123069.7226783
2015-02-05 20:30:00,25509,682123069.7226783
2015-02-05 21:00:00,25952,682123069.7226783
2015-02-05 21:30:00,25560,682123069.7226783
2015-02-05 22:00:00,24372,682123069.7226783
2015-02-05 22:30:00,22553,682123069.7226783
2015-02-05 23:00:00,21746,682123069.7226783
2015-02-05 23:30:00,18144,682123069.7226783
2015-02-06 00:00:00,15102,682123069.7226783
2015-02-06 00:30:00,12064,682123069.7226783
2015-02-06 01:00:00,9037,682123069.7226783
2015-02-06 01:30:00,7122,682123069.7226783
2015-02-06 02:00:00,5789,682123069.7226783
2015-02-06 02:30:00,4876,682123069.7226783
2015-02-06 03:00:00,3747,682123069.7226783
2015-02-06 03:30:00,3203,682123069.7226783
2015-02-06 04:00:00,3388,682123069.7226783
2015-02-06 04:30:00,2533,682123069.7226783
2015-02-06 05:00:00,2906,682123069.7226783
2015-02-06 05:30:00,4589,682123069.7226783
2015-02-06 06:00:00,7492,682123069.7226783
2015-02-06 06:30:00,11996,682123069.7226783
2015-02-06 07:00:00,15872,682123069.7226783
2015-02-06 07:30:00,19555,682123069.7226783
2015-02-06 08:00:00,20265,682123069.7226783
2015-02-06 08:30:00,20418,682123069.7226783
2015-02-06 09:00:00,19552,682123069.7226783
2015-02-06 09:30:00,18651,682123069.7226783
2015-02-06 10:00:00,17498,682123069.7226783
2015-02-06 10:30:00,17554,682123069.7226783
2015-02-06 11:00:00,16999,682123069.7226783
2015-02-06 11:30:00,18955,682123069.7226783
2015-02-06 12:00:00,18531,682123069.7226783
2015-02-06 12:30:00,17283,682123069.7226783
2015-02-06 13:00:00,17493,682123069.7226783
2015-02-06 13:30:00,18491,682123069.7226783
2015-02-06 14:00:00,18899,682123069.7226783
2015-02-06 14:30:00,19096,682123069.7226783
2015-02-06 15:00:00,18484,682123069.7226783
2015-02-06 15:30:00,16456,682123069.7226783
2015-02-06 16:00:00,14559,682123069.7226783
2015-02-06 16:30:00,14218,682123069.7226783
2015-02-06 17:00:00,17246,682123069.7226783
2015-02-06 17:30:00,20126,682123069.7226783
2015-02-06 18:00:00,23495,682123069.7226783
2015-02-06 18:30:00,24423,682123069.7226783
2015-02-06 19:00:00,25809,682123069.7226783
2015-02-06 19:30:00,25774,682123069.7226783
2015-02-06 20:00:00,25593,682123069.7226783
2015-02-06 20:30:00,24780,682123069.7226783
2015-02-06 21:00:00,24528,682123069.7226783
2015-02-06 21:30:00,24913,682123069.7226783
2015-02-06 22:00:00,24738,682123069.7226783
2015-02-06 22:30:00,25188,682123069.7226783
2015-02-06 23:00:00,25131,682123069.7226783
2015-02-06 23:30:00,24370,682123069.7226783
2015-02-07 00:00:00,23970,682123069.7226783
2015-02-07 00:30:00,21500,682123069.7226783
2015-02-07 01:00:00,20296,682123069.7226783
2015-02-07 01:30:00,17555,682123069.7226783
2015-02-07 02:00:00,16590,682123069.7226783
2015-02-07 02:30:00,14397,682123069.7226783
2015-02-07 03:00:00,12051,682123069.7226783
2015-02-07 03:30:00,10862,682123069.7226783
2015-02-07 04:00:00,9211,682123069.7226783
2015-02-07 04:30:00,5302,682123069.7226783
2015-02-07 05:00:00,3468,682123069.7226783
2015-02-07 05:30:00,3139,682123069.7226783
2015-02-07 06:00:00,3496,682123069.7226783
2015-02-07 06:30:00,4321,682123069.7226783
2015-02-07 07:00:00,4831,682123069.7226783
2015-02-07 07:30:00,6517,682123069.7226783
2015-02-07 08:00:00,7663,682123069.7226783
2015-02-07 08:30:00,11170,682123069.7226783
2015-02-07 09:00:00,12078,682123069.7226783
2015-02-07 09:30:00,15718,682123069.7226783
2015-02-07 10:00:00,15555,682123069.7226783
2015-02-07 10:30:00,18666,682123069.7226783
2015-02-07 11:00:00,19747,682123069.7226783
2015-02-07 11:30:00,22451,682123069.7226783
2015-02-07 12:00:00,21266,682123069.7226783
2015-02-07 12:30:00,21279,682123069.7226783
2015-02-07 13:00:00,21362,682123069.7226783
2015-02-07 13:30:00,21283,682123069.7226783
2015-02-07 14:00:00,19839,682123069.7226783
2015-02-07 14:30:00,19622,682123069.7226783
2015-02-07 15:00:00,19375,682123069.7226783
2015-02-07 15:30:00,19610,682123069.7226783
2015-02-07 16:00:00,18778,682123069.7226783
2015-02-07 16:30:00,18127,682123069.7226783
2015-02-07 17:00:00,19306,682123069.7226783
2015-02-07 17:30:00,22391,682123069.7226783
2015-02-07 18:00:00,24239,682123069.7226783
2015-02-07 18:30:00,25540,682123069.7226783
2015-02-07 19:00:00,26809,682123069.7226783
2015-02-07 19:30:00,25702,682123069.7226783
2015-02-07 20:00:00,23211,682123069.7226783
2015-02-07 20:30:00,21366,682123069.7226783
2015-02-07 21:00:00,21575,682123069.7226783
2015-02-07 21:30:00,22432,682123069.7226783
2015-02-07 22:00:00,24495,682123069.7226783
2015-02-07 22:30:00,25280,682123069.7226783
2015-02-07 23:00:00,26403,682123069.7226783
2015-02-07 23:30:00,27135,682123069.7226783
2015-02-08 00:00:00,25997,682123069.7226783
2015-02-08 00:30:00,24997,682123069.7226783
2015-02-08 01:00:00,23221,682123069.7226783
2015-02-08 01:30:00,22309,682123069.7226783
2015-02-08 02:00:00,20676,682123069.7226783
2015-02-08 02:30:00,18763,682123069.7226783
2015-02-08 03:00:00,15926,682123069.7226783
2015-02-08 03:30:00,14353,682123069.7226783
2015-02-08 04:00:00,12055,682123069.7226783
2015-02-08 04:30:00,6825,682123069.7226783
2015-02-08 05:00:00,4039,682123069.7226783
2015-02-08 05:30:00,3436,682123069.7226783
2015-02-08 06:00:00,3348,682123069.7226783
2015-02-08 06:30:00,3792,682123069.7226783
2015-02-08 07:00:00,3479,682123069.7226783
2015-02-08 07:30:00,4513,682123069.7226783
2015-02-08 08:00:00,5347,682123069.7226783
2015-02-08 08:30:00,7537,682123069.7226783
2015-02-08 09:00:00,8870,682123069.7226783
2015-02-08 09:30:00,11727,682123069.7226783
2015-02-08 10:00:00,12710,682123069.7226783
2015-02-08 10:30:00,16129,682123069.7226783
2015-02-08 11:00:00,16400,682123069.7226783
2015-02-08 11:30:00,18266,682123069.7226783
2015-02-08 12:00:00,18663,682123069.7226783
2015-02-08 12:30:00,20408,682123069.7226783
2015-02-08 13:00:00,20326,682123069.7226783
2015-02-08 13:30:00,20681,682123069.7226783
2015-02-08 14:00:00,20202,682123069.7226783
2015-02-08 14:30:00,19854,682123069.7226783
2015-02-08 15:00:00,19313,682123069.7226783
2015-02-08 15:30:00,19630,682123069.7226783
2015-02-08 16:00:00,18563,682123069.7226783
2015-02-08 16:30:00,17838,682123069.7226783
2015-02-08 17:00:00,17748,682123069.7226783
2015-02-08 17:30:00,18891,682123069.7226783
2015-02-08 18:00:00,18921,682123069.7226783
2015-02-08 18:30:00,18601,682123069.7226783
2015-02-08 19:00:00,17041,682123069.7226783
2015-02-08 19:30:00,16227,682123069.7226783
2015-02-08 20:00:00,14742,682123069.7226783
2015-02-08 20:30:00,13498,682123069.7226783
2015-02-08 21:00:00,13613,682123069.7226783
2015-02-08 21:30:00,12467,682123069.7226783
2015-02-08 22:00:00,11478,682123069.7226783
2015-02-08 22:30:00,10063,682123069.7226783
2015-02-08 23:00:00,9325,682123069.7226783
2015-02-08 23:30:00,9023,682123069.7226783
2015-02-09 00:00:00,6772,682123069.7226783
2015-02-09 00:30:00,4985,682123069.7226783
2015-02-09 01:00:00,3673,682123069.7226783
2015-02-09 01:30:00,2947,682123069.7226783
2015-02-09 02:00:00,2519,682123069.7226783
2015-02-09 02:30:00,1972,682123069.7226783
2015-02-09 03:00:00,1609,682123069.7226783
2015-02-09 03:30:00,1464,682123069.7226783
2015-02-09 04:00:00,1787,682123069.7226783
2015-02-09 04:30:00,1703,682123069.7226783
2015-02-09 05:00:00,2179,682123069.7226783
2015-02-09 05:30:00,4022,682123069.7226783
2015-02-09 06:00:00,6752,682123069.7226783
2015-02-09 06:30:00,11271,682123069.7226783
2015-02-09 07:00:00,14197,682123069.7226783
2015-02-09 07:30:00,17095,682123069.7226783
2015-02-09 08:00:00,17471,682123069.7226783
2015-02-09 08:30:00,18281,682123069.7226783
2015-02-09 09:00:00,17334,682123069.7226783
2015-02-09 09:30:00,16004,682123069.7226783
2015-02-09 10:00:00,14862,682123069.7226783
2015-02-09 10:30:00,15391,682123069.7226783
2015-02-09 11:00:00,13130,682123069.7226783
2015-02-09 11:30:00,14485,682123069.7226783
2015-02-09 12:00:00,14915,682123069.7226783
2015-02-09 12:30:00,14520,682123069.7226783
2015-02-09 13:00:00,13847,682123069.7226783
2015-02-09 13:30:00,14982,682123069.7226783
2015-02-09 14:00:00,14638,682123069.7226783
2015-02-09 14:30:00,16302,682123069.7226783
2015-02-09 15:00:00,16751,682123069.7226783
2015-02-09 15:30:00,15611,682123069.7226783
2015-02-09 16:00:00,14764,682123069.7226783
2015-02-09 16:30:00,15098,682123069.7226783
2015-02-09 17:00:00,16811,682123069.7226783
2015-02-09 17:30:00,19132,682123069.7226783
2015-02-09 18:00:00,21882,682123069.7226783
2015-02-09 18:30:00,22340,682123069.7226783
2015-02-09 19:00:00,21728,682123069.7226783
2015-02-09 19:30:00,21521,682123069.7226783
2015-02-09 20:00:00,20816,682123069.7226783
2015-02-09 20:30:00,19850,682123069.7226783
2015-02-09 21:00:00,19823,682123069.7226783
2015-02-09 21:30:00,18275,682123069.7226783
2015-02-09 22:00:00,17377,682123069.7226783
2015-02-09 22:30:00,14094,682123069.7226783
2015-02-09 23:00:00,12026,682123069.7226783
2015-02-09 23:30:00,10178,682123069.7226783
2015-02-10 00:00:00,7708,682123069.7226783
2015-02-10 00:30:00,5740,682123069.7226783
2015-02-10 01:00:00,4374,682123069.7226783
2015-02-10 01:30:00,3384,682123069.7226783
2015-02-10 02:00:00,2782,682123069.7226783
2015-02-10 02:30:00,2188,682123069.7226783
2015-02-10 03:00:00,1756,682123069.7226783
2015-02-10 03:30:00,1657,682123069.7226783
2015-02-10 04:00:00,1716,682123069.7226783
2015-02-10 04:30:00,1827,682123069.7226783
2015-02-10 05:00:00,2414,682123069.7226783
2015-02-10 05:30:00,4318,682123069.7226783
2015-02-10 06:00:00,6899,682123069.7226783
2015-02-10 06:30:00,11969,682123069.7226783
2015-02-10 07:00:00,15204,682123069.7226783
2015-02-10 07:30:00,18947,682123069.7226783
2015-02-10 08:00:00,19644,682123069.7226783
2015-02-10 08:30:00,20384,682123069.7226783
2015-02-10 09:00:00,19317,682123069.7226783
2015-02-10 09:30:00,17836,682123069.7226783
2015-02-10 10:00:00,16473,682123069.7226783
2015-02-10 10:30:00,16536,682123069.7226783
2015-02-10 11:00:00,15298,682123069.7226783
2015-02-10 11:30:00,16821,682123069.7226783
2015-02-10 12:00:00,16594,682123069.7226783
2015-02-10 12:30:00,15763,682123069.7226783
2015-02-10 13:00:00,15274,682123069.7226783
2015-02-10 13:30:00,16153,682123069.7226783
2015-02-10 14:00:00,16298,682123069.7226783
2015-02-10 14:30:00,17196,682123069.7226783
2015-02-10 15:00:00,17509,682123069.7226783
2015-02-10 15:30:00,16488,682123069.7226783
2015-02-10 16:00:00,14963,682123069.7226783
2015-02-10 16:30:00,14354,682123069.7226783
2015-02-10 17:00:00,16926,682123069.7226783
2015-02-10 17:30:00,20170,682123069.7226783
2015-02-10 18:00:00,23092,682123069.7226783
2015-02-10 18:30:00,23803,682123069.7226783
2015-02-10 19:00:00,23807,682123069.7226783
2015-02-10 19:30:00,23640,682123069.7226783
2015-02-10 20:00:00,23601,682123069.7226783
2015-02-10 20:30:00,22720,682123069.7226783
2015-02-10 21:00:00,23400,682123069.7226783
2015-02-10 21:30:00,22894,682123069.7226783
2015-02-10 22:00:00,21736,682123069.7226783
2015-02-10 22:30:00,18707,682123069.7226783
2015-02-10 23:00:00,16487,682123069.7226783
2015-02-10 23:30:00,13280,682123069.7226783
2015-02-11 00:00:00,10502,682123069.7226783
2015-02-11 00:30:00,7548,682123069.7226783
2015-02-11 01:00:00,5879,682123069.7226783
2015-02-11 01:30:00,4177,682123069.7226783
2015-02-11 02:00:00,3639,682123069.7226783
2015-02-11 02:30:00,2874,682123069.7226783
2015-02-11 03:00:00,2397,682123069.7226783
2015-02-11 03:30:00,2176,682123069.7226783
2015-02-11 04:00:00,2246,682123069.7226783
2015-02-11 04:30:00,1972,682123069.7226783
2015-02-11 05:00:00,2566,682123069.7226783
2015-02-11 05:30:00,4481,682123069.7226783
2015-02-11 06:00:00,6897,682123069.7226783
2015-02-11 06:30:00,12279,682123069.7226783
2015-02-11 07:00:00,16073,682123069.7226783
2015-02-11 07:30:00,20139,682123069.7226783
2015-02-11 08:00:00,20495,682123069.7226783
2015-02-11 08:30:00,21238,682123069.7226783
2015-02-11 09:00:00,20392,682123069.7226783
2015-02-11 09:30:00,18652,682123069.7226783
2015-02-11 10:00:00,16998,682123069.7226783
2015-02-11 10:30:00,17139,682123069.7226783
2015-02-11 11:00:00,16334,682123069.7226783
2015-02-11 11:30:00,17653,682123069.7226783
2015-02-11 12:00:00,17951,682123069.7226783
2015-02-11 12:30:00,17504,682123069.7226783
2015-02-11 13:00:00,16150,682123069.7226783
2015-02-11 13:30:00,17311,682123069.7226783
2015-02-11 14:00:00,17994,682123069.7226783
2015-02-11 14:30:00,18737,682123069.7226783
2015-02-11 15:00:00,18597,682123069.7226783
2015-02-11 15:30:00,17014,682123069.7226783
2015-02-11 16:00:00,15023,682123069.7226783
2015-02-11 16:30:00,13919,682123069.7226783
2015-02-11 17:00:00,16661,682123069.7226783
2015-02-11 17:30:00,19338,682123069.7226783
2015-02-11 18:00:00,22282,682123069.7226783
2015-02-11 18:30:00,23370,682123069.7226783
2015-02-11 19:00:00,24757,682123069.7226783
2015-02-11 19:30:00,23874,682123069.7226783
2015-02-11 20:00:00,23763,682123069.7226783
2015-02-11 20:30:00,23955,682123069.7226783
2015-02-11 21:00:00,24045,682123069.7226783
2015-02-11 21:30:00,23796,682123069.7226783
2015-02-11 22:00:00,22855,682123069.7226783
2015-02-11 22:30:00,21296,682123069.7226783
2015-02-11 23:00:00,18626,682123069.7226783
2015-02-11 23:30:00,15325,682123069.7226783
2015-02-12 00:00:00,12195,682123069.7226783
2015-02-12 00:30:00,9120,682123069.7226783
2015-02-12 01:00:00,7018,682123069.7226783
2015-02-12 01:30:00,5430,682123069.7226783
2015-02-12 02:00:00,4559,682123069.7226783
2015-02-12 02:30:00,3471,682123069.7226783
2015-02-12 03:00:00,2736,682123069.7226783
2015-02-12 03:30:00,2436,682123069.7226783
2015-02-12 04:00:00,2516,682123069.7226783
2015-02-12 04:30:00,2287,682123069.7226783
2015-02-12 05:00:00,2526,682123069.7226783
2015-02-12 05:30:00,4355,682123069.7226783
2015-02-12 06:00:00,6876,682123069.7226783
2015-02-12 06:30:00,12311,682123069.7226783
2015-02-12 07:00:00,15881,682123069.7226783
2015-02-12 07:30:00,20432,682123069.7226783
2015-02-12 08:00:00,21313,682123069.7226783
2015-02-12 08:30:00,21153,682123069.7226783
2015-02-12 09:00:00,19553,682123069.7226783
2015-02-12 09:30:00,18796,682123069.7226783
2015-02-12 10:00:00,16799,682123069.7226783
2015-02-12 10:30:00,17415,682123069.7226783
2015-02-12 11:00:00,16515,682123069.7226783
2015-02-12 11:30:00,18296,682123069.7226783
2015-02-12 12:00:00,18283,682123069.7226783
2015-02-12 12:30:00,17524,682123069.7226783
2015-02-12 13:00:00,16442,682123069.7226783
2015-02-12 13:30:00,17333,682123069.7226783
2015-02-12 14:00:00,18414,682123069.7226783
2015-02-12 14:30:00,19276,682123069.7226783
2015-02-12 15:00:00,19258,682123069.7226783
2015-02-12 15:30:00,16669,682123069.7226783
2015-02-12 16:00:00,14669,682123069.7226783
2015-02-12 16:30:00,14222,682123069.7226783
2015-02-12 17:00:00,17207,682123069.7226783
2015-02-12 17:30:00,19902,682123069.7226783
2015-02-12 18:00:00,21838,682123069.7226783
2015-02-12 18:30:00,23537,682123069.7226783
2015-02-12 19:00:00,24622,682123069.7226783
2015-02-12 19:30:00,25079,682123069.7226783
2015-02-12 20:00:00,24815,682123069.7226783
2015-02-12 20:30:00,24706,682123069.7226783
2015-02-12 21:00:00,25306,682123069.7226783
2015-02-12 21:30:00,25112,682123069.7226783
2015-02-12 22:00:00,24992,682123069.7226783
2015-02-12 22:30:00,24064,682123069.7226783
2015-02-12 23:00:00,23007,682123069.7226783
2015-02-12 23:30:00,21238,682123069.7226783
2015-02-13 00:00:00,18815,682123069.7226783
2015-02-13 00:30:00,15101,682123069.7226783
2015-02-13 01:00:00,11735,682123069.7226783
2015-02-13 01:30:00,9954,682123069.7226783
2015-02-13 02:00:00,7729,682123069.7226783
2015-02-13 02:30:00,6274,682123069.7226783
2015-02-13 03:00:00,5468,682123069.7226783
2015-02-13 03:30:00,4591,682123069.7226783
2015-02-13 04:00:00,4285,682123069.7226783
2015-02-13 04:30:00,3371,682123069.7226783
2015-02-13 05:00:00,3307,682123069.7226783
2015-02-13 05:30:00,4914,682123069.7226783
2015-02-13 06:00:00,7697,682123069.7226783
2015-02-13 06:30:00,12786,682123069.7226783
2015-02-13 07:00:00,16422,682123069.7226783
2015-02-13 07:30:00,20246,682123069.7226783
2015-02-13 08:00:00,21326,682123069.7226783
2015-02-13 08:30:00,21581,682123069.7226783
2015-02-13 09:00:00,21422,682123069.7226783
2015-02-13 09:30:00,20450,682123069.7226783
2015-02-13 10:00:00,18863,682123069.7226783
2015-02-13 10:30:00,18654,682123069.7226783
2015-02-13 11:00:00,18887,682123069.7226783
2015-02-13 11:30:00,20195,682123069.7226783
2015-02-13 12:00:00,19136,682123069.7226783
2015-02-13 12:30:00,17835,682123069.7226783
2015-02-13 13:00:00,18003,682123069.7226783
2015-02-13 13:30:00,18847,682123069.7226783
2015-02-13 14:00:00,19124,682123069.7226783
2015-02-13 14:30:00,19315,682123069.7226783
2015-02-13 15:00:00,18229,682123069.7226783
2015-02-13 15:30:00,16138,682123069.7226783
2015-02-13 16:00:00,14335,682123069.7226783
2015-02-13 16:30:00,13080,682123069.7226783
2015-02-13 17:00:00,15934,682123069.7226783
2015-02-13 17:30:00,18039,682123069.7226783
2015-02-13 18:00:00,20260,682123069.7226783
2015-02-13 18:30:00,21897,682123069.7226783
2015-02-13 19:00:00,23373,682123069.7226783
2015-02-13 19:30:00,24292,682123069.7226783
2015-02-13 20:00:00,24544,682123069.7226783
2015-02-13 20:30:00,24358,682123069.7226783
2015-02-13 21:00:00,24202,682123069.7226783
2015-02-13 21:30:00,24406,682123069.7226783
2015-02-13 22:00:00,24610,682123069.7226783
2015-02-13 22:30:00,25496,682123069.7226783
2015-02-13 23:00:00,24622,682123069.7226783
2015-02-13 23:30:00,24250,682123069.7226783
2015-02-14 00:00:00,23510,682123069.7226783
2015-02-14 00:30:00,22483,682123069.7226783
2015-02-14 01:00:00,20644,682123069.7226783
2015-02-14 01:30:00,19196,682123069.7226783
2015-02-14 02:00:00,17397,682123069.7226783
2015-02-14 02:30:00,15309,682123069.7226783
2015-02-14 03:00:00,13657,682123069.7226783
2015-02-14 03:30:00,12613,682123069.7226783
2015-02-14 04:00:00,10881,682123069.7226783
2015-02-14 04:30:00,6612,682123069.7226783
2015-02-14 05:00:00,4428,682123069.7226783
2015-02-14 05:30:00,3758,682123069.7226783
2015-02-14 06:00:00,3936,682123069.7226783
2015-02-14 06:30:00,5217,682123069.7226783
2015-02-14 07:00:00,5483,682123069.7226783
2015-02-14 07:30:00,7685,682123069.7226783
2015-02-14 08:00:00,8652,682123069.7226783
2015-02-14 08:30:00,11796,682123069.7226783
2015-02-14 09:00:00,13103,682123069.7226783
2015-02-14 09:30:00,16525,682123069.7226783
2015-02-14 10:00:00,16375,682123069.7226783
2015-02-14 10:30:00,19110,682123069.7226783
2015-02-14 11:00:00,19385,682123069.7226783
2015-02-14 11:30:00,21858,682123069.7226783
2015-02-14 12:00:00,21652,682123069.7226783
2015-02-14 12:30:00,22251,682123069.7226783
2015-02-14 13:00:00,23132,682123069.7226783
2015-02-14 13:30:00,23317,682123069.7226783
2015-02-14 14:00:00,22482,682123069.7226783
2015-02-14 14:30:00,22950,682123069.7226783
2015-02-14 15:00:00,22585,682123069.7226783
2015-02-14 15:30:00,21587,682123069.7226783
2015-02-14 16:00:00,19517,682123069.7226783
2015-02-14 16:30:00,17894,682123069.7226783
2015-02-14 17:00:00,18793,682123069.7226783
2015-02-14 17:30:00,21289,682123069.7226783
2015-02-14 18:00:00,23336,682123069.7226783
2015-02-14 18:30:00,24718,682123069.7226783
2015-02-14 19:00:00,25807,682123069.7226783
2015-02-14 19:30:00,25611,682123069.7226783
2015-02-14 20:00:00,24156,682123069.7226783
2015-02-14 20:30:00,23537,682123069.7226783
2015-02-14 21:00:00,23476,682123069.7226783
2015-02-14 21:30:00,23475,682123069.7226783
2015-02-14 22:00:00,24637,682123069.7226783
2015-02-14 22:30:00,25027,682123069.7226783
2015-02-14 23:00:00,25649,682123069.7226783
2015-02-14 23:30:00,24271,682123069.7226783
2015-02-15 00:00:00,23346,682123069.7226783
2015-02-15 00:30:00,22188,682123069.7226783
2015-02-15 01:00:00,20708,682123069.7226783
2015-02-15 01:30:00,19230,682123069.7226783
2015-02-15 02:00:00,17778,682123069.7226783
2015-02-15 02:30:00,16600,682123069.7226783
2015-02-15 03:00:00,14614,682123069.7226783
2015-02-15 03:30:00,13088,682123069.7226783
2015-02-15 04:00:00,10949,682123069.7226783
2015-02-15 04:30:00,6849,682123069.7226783
2015-02-15 05:00:00,4700,682123069.7226783
2015-02-15 05:30:00,3341,682123069.7226783
2015-02-15 06:00:00,3016,682123069.7226783
2015-02-15 06:30:00,3750,682123069.7226783
2015-02-15 07:00:00,3554,682123069.7226783
2015-02-15 07:30:00,4809,682123069.7226783
2015-02-15 08:00:00,6266,682123069.7226783
2015-02-15 08:30:00,8575,682123069.7226783
2015-02-15 09:00:00,9553,682123069.7226783
2015-02-15 09:30:00,12464,682123069.7226783
2015-02-15 10:00:00,13796,682123069.7226783
2015-02-15 10:30:00,17749,682123069.7226783
2015-02-15 11:00:00,18441,682123069.7226783
2015-02-15 11:30:00,21426,682123069.7226783
2015-02-15 12:00:00,22227,682123069.7226783
2015-02-15 12:30:00,22975,682123069.7226783
2015-02-15 13:00:00,22693,682123069.7226783
2015-02-15 13:30:00,23140,682123069.7226783
2015-02-15 14:00:00,22983,682123069.7226783
2015-02-15 14:30:00,22050,682123069.7226783
2015-02-15 15:00:00,21398,682123069.7226783
2015-02-15 15:30:00,21782,682123069.7226783
2015-02-15 16:00:00,20699,682123069.7226783
2015-02-15 16:30:00,19772,682123069.7226783
2015-02-15 17:00:00,20167,682123069.7226783
2015-02-15 17:30:00,21031,682123069.7226783
2015-02-15 18:00:00,22493,682123069.7226783
2015-02-15 18:30:00,23247,682123069.7226783
2015-02-15 19:00:00,22869,682123069.7226783
2015-02-15 19:30:00,22434,682123069.7226783
2015-02-15 20:00:00,20400,682123069.7226783
2015-02-15 20:30:00,18954,682123069.7226783
2015-02-15 21:00:00,18888,682123069.7226783
2015-02-15 21:30:00,19309,682123069.7226783
2015-02-15 22:00:00,18547,682123069.7226783
2015-02-15 22:30:00,17970,682123069.7226783
2015-02-15 23:00:00,17448,682123069.7226783
2015-02-15 23:30:00,16540,682123069.7226783
2015-02-16 00:00:00,13865,682123069.7226783
2015-02-16 00:30:00,11091,682123069.7226783
2015-02-16 01:00:00,8914,682123069.7226783
2015-02-16 01:30:00,7673,682123069.7226783
2015-02-16 02:00:00,6700,682123069.7226783
2015-02-16 02:30:00,5470,682123069.7226783
2015-02-16 03:00:00,4775,682123069.7226783
2015-02-16 03:30:00,4511,682123069.7226783
2015-02-16 04:00:00,4137,682123069.7226783
2015-02-16 04:30:00,2978,682123069.7226783
2015-02-16 05:00:00,2999,682123069.7226783
2015-02-16 05:30:00,3511,682123069.7226783
2015-02-16 06:00:00,4433,682123069.7226783
2015-02-16 06:30:00,6027,682123069.7226783
2015-02-16 07:00:00,6507,682123069.7226783
2015-02-16 07:30:00,9693,682123069.7226783
2015-02-16 08:00:00,11866,682123069.7226783
2015-02-16 08:30:00,14836,682123069.7226783
2015-02-16 09:00:00,15164,682123069.7226783
2015-02-16 09:30:00,16472,682123069.7226783
2015-02-16 10:00:00,16472,682123069.7226783
2015-02-16 10:30:00,17835,682123069.7226783
2015-02-16 11:00:00,17151,682123069.7226783
2015-02-16 11:30:00,19362,682123069.7226783
2015-02-16 12:00:00,20956,682123069.7226783
2015-02-16 12:30:00,20307,682123069.7226783
2015-02-16 13:00:00,19644,682123069.7226783
2015-02-16 13:30:00,19990,682123069.7226783
2015-02-16 14:00:00,20050,682123069.7226783
2015-02-16 14:30:00,20756,682123069.7226783
2015-02-16 15:00:00,20649,682123069.7226783
2015-02-16 15:30:00,20100,682123069.7226783
2015-02-16 16:00:00,19206,682123069.7226783
2015-02-16 16:30:00,18491,682123069.7226783
2015-02-16 17:00:00,19781,682123069.7226783
2015-02-16 17:30:00,21590,682123069.7226783
2015-02-16 18:00:00,23408,682123069.7226783
2015-02-16 18:30:00,23893,682123069.7226783
2015-02-16 19:00:00,22878,682123069.7226783
2015-02-16 19:30:00,21563,682123069.7226783
2015-02-16 20:00:00,18818,682123069.7226783
2015-02-16 20:30:00,18668,682123069.7226783
2015-02-16 21:00:00,17745,682123069.7226783
2015-02-16 21:30:00,17617,682123069.7226783
2015-02-16 22:00:00,17364,682123069.7226783
2015-02-16 22:30:00,15350,682123069.7226783
2015-02-16 23:00:00,14475,682123069.7226783
2015-02-16 23:30:00,11500,682123069.7226783
2015-02-17 00:00:00,9205,682123069.7226783
2015-02-17 00:30:00,7207,682123069.7226783
2015-02-17 01:00:00,5616,682123069.7226783
2015-02-17 01:30:00,4160,682123069.7226783
2015-02-17 02:00:00,3722,682123069.7226783
2015-02-17 02:30:00,2798,682123069.7226783
2015-02-17 03:00:00,2065,682123069.7226783
2015-02-17 03:30:00,1834,682123069.7226783
2015-02-17 04:00:00,1876,682123069.7226783
2015-02-17 04:30:00,1659,682123069.7226783
2015-02-17 05:00:00,2187,682123069.7226783
2015-02-17 05:30:00,3280,682123069.7226783
2015-02-17 06:00:00,5048,682123069.7226783
2015-02-17 06:30:00,7918,682123069.7226783
2015-02-17 07:00:00,10196,682123069.7226783
2015-02-17 07:30:00,12089,682123069.7226783
2015-02-17 08:00:00,14024,682123069.7226783
2015-02-17 08:30:00,15679,682123069.7226783
2015-02-17 09:00:00,15946,682123069.7226783
2015-02-17 09:30:00,16168,682123069.7226783
2015-02-17 10:00:00,15713,682123069.7226783
2015-02-17 10:30:00,16685,682123069.7226783
2015-02-17 11:00:00,15858,682123069.7226783
2015-02-17 11:30:00,17020,682123069.7226783
2015-02-17 12:00:00,16860,682123069.7226783
2015-02-17 12:30:00,16973,682123069.7226783
2015-02-17 13:00:00,15825,682123069.7226783
2015-02-17 13:30:00,17667,682123069.7226783
2015-02-17 14:00:00,17290,682123069.7226783
2015-02-17 14:30:00,17685,682123069.7226783
2015-02-17 15:00:00,17619,682123069.7226783
2015-02-17 15:30:00,16641,682123069.7226783
2015-02-17 16:00:00,15479,682123069.7226783
2015-02-17 16:30:00,14752,682123069.7226783
2015-02-17 17:00:00,17058,682123069.7226783
2015-02-17 17:30:00,19073,682123069.7226783
2015-02-17 18:00:00,21545,682123069.7226783
2015-02-17 18:30:00,22855,682123069.7226783
2015-02-17 19:00:00,22988,682123069.7226783
2015-02-17 19:30:00,22293,682123069.7226783
2015-02-17 20:00:00,23133,682123069.7226783
2015-02-17 20:30:00,21847,682123069.7226783
2015-02-17 21:00:00,22085,682123069.7226783
2015-02-17 21:30:00,21662,682123069.7226783
2015-02-17 22:00:00,20309,682123069.7226783
2015-02-17 22:30:00,18081,682123069.7226783
2015-02-17 23:00:00,17578,682123069.7226783
2015-02-17 23:30:00,13039,682123069.7226783
2015-02-18 00:00:00,10795,682123069.7226783
2015-02-18 00:30:00,8248,682123069.7226783
2015-02-18 01:00:00,6342,682123069.7226783
2015-02-18 01:30:00,4833,682123069.7226783
2015-02-18 02:00:00,3821,682123069.7226783
2015-02-18 02:30:00,3418,682123069.7226783
2015-02-18 03:00:00,2586,682123069.7226783
2015-02-18 03:30:00,2195,682123069.7226783
2015-02-18 04:00:00,2408,682123069.7226783
2015-02-18 04:30:00,2103,682123069.7226783
2015-02-18 05:00:00,2421,682123069.7226783
2015-02-18 05:30:00,4297,682123069.7226783
2015-02-18 06:00:00,6706,682123069.7226783
2015-02-18 06:30:00,11366,682123069.7226783
2015-02-18 07:00:00,14285,682123069.7226783
2015-02-18 07:30:00,18269,682123069.7226783
2015-02-18 08:00:00,19030,682123069.7226783
2015-02-18 08:30:00,20055,682123069.7226783
2015-02-18 09:00:00,19163,682123069.7226783
2015-02-18 09:30:00,18712,682123069.7226783
2015-02-18 10:00:00,17000,682123069.7226783
2015-02-18 10:30:00,17169,682123069.7226783
2015-02-18 11:00:00,16142,682123069.7226783
2015-02-18 11:30:00,18012,682123069.7226783
2015-02-18 12:00:00,17875,682123069.7226783
2015-02-18 12:30:00,17586,682123069.7226783
2015-02-18 13:00:00,17104,682123069.7226783
2015-02-18 13:30:00,17588,682123069.7226783
2015-02-18 14:00:00,17397,682123069.7226783
2015-02-18 14:30:00,18257,682123069.7226783
2015-02-18 15:00:00,18634,682123069.7226783
2015-02-18 15:30:00,16719,682123069.7226783
2015-02-18 16:00:00,15217,682123069.7226783
2015-02-18 16:30:00,14061,682123069.7226783
2015-02-18 17:00:00,16157,682123069.7226783
2015-02-18 17:30:00,18963,682123069.7226783
2015-02-18 18:00:00,21329,682123069.7226783
2015-02-18 18:30:00,23252,682123069.7226783
2015-02-18 19:00:00,24531,682123069.7226783
2015-02-18 19:30:00,24905,682123069.7226783
2015-02-18 20:00:00,23408,682123069.7226783
2015-02-18 20:30:00,23317,682123069.7226783
2015-02-18 21:00:00,23509,682123069.7226783
2015-02-18 21:30:00,22724,682123069.7226783
2015-02-18 22:00:00,22899,682123069.7226783
2015-02-18 22:30:00,20689,682123069.7226783
2015-02-18 23:00:00,18529,682123069.7226783
2015-02-18 23:30:00,16350,682123069.7226783
2015-02-19 00:00:00,12102,682123069.7226783
2015-02-19 00:30:00,9433,682123069.7226783
2015-02-19 01:00:00,7296,682123069.7226783
2015-02-19 01:30:00,5687,682123069.7226783
2015-02-19 02:00:00,4668,682123069.7226783
2015-02-19 02:30:00,3593,682123069.7226783
2015-02-19 03:00:00,2933,682123069.7226783
2015-02-19 03:30:00,2427,682123069.7226783
2015-02-19 04:00:00,2503,682123069.7226783
2015-02-19 04:30:00,2040,682123069.7226783
2015-02-19 05:00:00,2545,682123069.7226783
2015-02-19 05:30:00,4309,682123069.7226783
2015-02-19 06:00:00,6320,682123069.7226783
2015-02-19 06:30:00,11757,682123069.7226783
2015-02-19 07:00:00,14706,682123069.7226783
2015-02-19 07:30:00,18790,682123069.7226783
2015-02-19 08:00:00,19979,682123069.7226783
2015-02-19 08:30:00,20989,682123069.7226783
2015-02-19 09:00:00,20110,682123069.7226783
2015-02-19 09:30:00,19267,682123069.7226783
2015-02-19 10:00:00,18196,682123069.7226783
2015-02-19 10:30:00,18377,682123069.7226783
2015-02-19 11:00:00,17508,682123069.7226783
2015-02-19 11:30:00,19363,682123069.7226783
2015-02-19 12:00:00,19588,682123069.7226783
2015-02-19 12:30:00,18823,682123069.7226783
2015-02-19 13:00:00,18280,682123069.7226783
2015-02-19 13:30:00,19448,682123069.7226783
2015-02-19 14:00:00,19336,682123069.7226783
2015-02-19 14:30:00,20072,682123069.7226783
2015-02-19 15:00:00,20516,682123069.7226783
2015-02-19 15:30:00,18300,682123069.7226783
2015-02-19 16:00:00,16542,682123069.7226783
2015-02-19 16:30:00,15140,682123069.7226783
2015-02-19 17:00:00,17952,682123069.7226783
2015-02-19 17:30:00,21048,682123069.7226783
2015-02-19 18:00:00,23213,682123069.7226783
2015-02-19 18:30:00,24573,682123069.7226783
2015-02-19 19:00:00,25170,682123069.7226783
2015-02-19 19:30:00,25919,682123069.7226783
2015-02-19 20:00:00,26582,682123069.7226783
2015-02-19 20:30:00,26129,682123069.7226783
2015-02-19 21:00:00,26473,682123069.7226783
2015-02-19 21:30:00,26065,682123069.7226783
2015-02-19 22:00:00,25568,682123069.7226783
2015-02-19 22:30:00,24120,682123069.7226783
2015-02-19 23:00:00,22592,682123069.7226783
2015-02-19 23:30:00,19560,682123069.7226783
2015-02-20 00:00:00,16482,682123069.7226783
2015-02-20 00:30:00,12536,682123069.7226783
2015-02-20 01:00:00,9743,682123069.7226783
2015-02-20 01:30:00,7733,682123069.7226783
2015-02-20 02:00:00,6061,682123069.7226783
2015-02-20 02:30:00,4948,682123069.7226783
2015-02-20 03:00:00,4121,682123069.7226783
2015-02-20 03:30:00,3509,682123069.7226783
2015-02-20 04:00:00,3433,682123069.7226783
2015-02-20 04:30:00,2788,682123069.7226783
2015-02-20 05:00:00,2992,682123069.7226783
2015-02-20 05:30:00,4696,682123069.7226783
2015-02-20 06:00:00,7241,682123069.7226783
2015-02-20 06:30:00,12238,682123069.7226783
2015-02-20 07:00:00,15917,682123069.7226783
2015-02-20 07:30:00,19858,682123069.7226783
2015-02-20 08:00:00,21302,682123069.7226783
2015-02-20 08:30:00,21449,682123069.7226783
2015-02-20 09:00:00,20975,682123069.7226783
2015-02-20 09:30:00,20119,682123069.7226783
2015-02-20 10:00:00,18909,682123069.7226783
2015-02-20 10:30:00,18769,682123069.7226783
2015-02-20 11:00:00,18053,682123069.7226783
2015-02-20 11:30:00,20192,682123069.7226783
2015-02-20 12:00:00,19392,682123069.7226783
2015-02-20 12:30:00,18906,682123069.7226783
2015-02-20 13:00:00,18263,682123069.7226783
2015-02-20 13:30:00,19137,682123069.7226783
2015-02-20 14:00:00,20082,682123069.7226783
2015-02-20 14:30:00,20460,682123069.7226783
2015-02-20 15:00:00,20298,682123069.7226783
2015-02-20 15:30:00,17899,682123069.7226783
2015-02-20 16:00:00,16070,682123069.7226783
2015-02-20 16:30:00,15529,682123069.7226783
2015-02-20 17:00:00,18950,682123069.7226783
2015-02-20 17:30:00,20900,682123069.7226783
2015-02-20 18:00:00,24129,682123069.7226783
2015-02-20 18:30:00,25950,682123069.7226783
2015-02-20 19:00:00,27461,682123069.7226783
2015-02-20 19:30:00,27312,682123069.7226783
2015-02-20 20:00:00,26783,682123069.7226783
2015-02-20 20:30:00,25572,682123069.7226783
2015-02-20 21:00:00,25142,682123069.7226783
2015-02-20 21:30:00,24968,682123069.7226783
2015-02-20 22:00:00,25869,682123069.7226783
2015-02-20 22:30:00,25656,682123069.7226783
2015-02-20 23:00:00,24930,682123069.7226783
2015-02-20 23:30:00,24771,682123069.7226783
2015-02-21 00:00:00,23723,682123069.7226783
2015-02-21 00:30:00,21808,682123069.7226783
2015-02-21 01:00:00,19335,682123069.7226783
2015-02-21 01:30:00,17613,682123069.7226783
2015-02-21 02:00:00,16456,682123069.7226783
2015-02-21 02:30:00,14047,682123069.7226783
2015-02-21 03:00:00,11816,682123069.7226783
2015-02-21 03:30:00,10807,682123069.7226783
2015-02-21 04:00:00,8958,682123069.7226783
2015-02-21 04:30:00,5252,682123069.7226783
2015-02-21 05:00:00,3645,682123069.7226783
2015-02-21 05:30:00,3071,682123069.7226783
2015-02-21 06:00:00,3541,682123069.7226783
2015-02-21 06:30:00,4777,682123069.7226783
2015-02-21 07:00:00,4705,682123069.7226783
2015-02-21 07:30:00,6549,682123069.7226783
2015-02-21 08:00:00,7610,682123069.7226783
2015-02-21 08:30:00,11056,682123069.7226783
2015-02-21 09:00:00,12218,682123069.7226783
2015-02-21 09:30:00,15871,682123069.7226783
2015-02-21 10:00:00,15992,682123069.7226783
2015-02-21 10:30:00,18680,682123069.7226783
2015-02-21 11:00:00,18888,682123069.7226783
2015-02-21 11:30:00,21388,682123069.7226783
2015-02-21 12:00:00,21295,682123069.7226783
2015-02-21 12:30:00,21981,682123069.7226783
2015-02-21 13:00:00,22821,682123069.7226783
2015-02-21 13:30:00,24240,682123069.7226783
2015-02-21 14:00:00,22971,682123069.7226783
2015-02-21 14:30:00,20571,682123069.7226783
2015-02-21 15:00:00,18538,682123069.7226783
2015-02-21 15:30:00,16714,682123069.7226783
2015-02-21 16:00:00,15216,682123069.7226783
2015-02-21 16:30:00,14532,682123069.7226783
2015-02-21 17:00:00,15846,682123069.7226783
2015-02-21 17:30:00,18467,682123069.7226783
2015-02-21 18:00:00,20811,682123069.7226783
2015-02-21 18:30:00,22739,682123069.7226783
2015-02-21 19:00:00,23075,682123069.7226783
2015-02-21 19:30:00,21271,682123069.7226783
2015-02-21 20:00:00,19839,682123069.7226783
2015-02-21 20:30:00,19001,682123069.7226783
2015-02-21 21:00:00,20027,682123069.7226783
2015-02-21 21:30:00,20798,682123069.7226783
2015-02-21 22:00:00,21421,682123069.7226783
2015-02-21 22:30:00,22556,682123069.7226783
2015-02-21 23:00:00,22576,682123069.7226783
2015-02-21 23:30:00,22736,682123069.7226783
2015-02-22 00:00:00,21358,682123069.7226783
2015-02-22 00:30:00,19975,682123069.7226783
2015-02-22 01:00:00,18611,682123069.7226783
2015-02-22 01:30:00,17703,682123069.7226783
2015-02-22 02:00:00,16750,682123069.7226783
2015-02-22 02:30:00,15300,682123069.7226783
2015-02-22 03:00:00,13278,682123069.7226783
2015-02-22 03:30:00,11678,682123069.7226783
2015-02-22 04:00:00,9588,682123069.7226783
2015-02-22 04:30:00,5552,682123069.7226783
2015-02-22 05:00:00,3582,682123069.7226783
2015-02-22 05:30:00,2954,682123069.7226783
2015-02-22 06:00:00,3166,682123069.7226783
2015-02-22 06:30:00,3602,682123069.7226783
2015-02-22 07:00:00,3909,682123069.7226783
2015-02-22 07:30:00,4962,682123069.7226783
2015-02-22 08:00:00,6050,682123069.7226783
2015-02-22 08:30:00,8902,682123069.7226783
2015-02-22 09:00:00,10039,682123069.7226783
2015-02-22 09:30:00,12550,682123069.7226783
2015-02-22 10:00:00,14239,682123069.7226783
2015-02-22 10:30:00,17278,682123069.7226783
2015-02-22 11:00:00,18463,682123069.7226783
2015-02-22 11:30:00,19778,682123069.7226783
2015-02-22 12:00:00,19798,682123069.7226783
2015-02-22 12:30:00,20076,682123069.7226783
2015-02-22 13:00:00,19680,682123069.7226783
2015-02-22 13:30:00,19415,682123069.7226783
2015-02-22 14:00:00,19992,682123069.7226783
2015-02-22 14:30:00,19042,682123069.7226783
2015-02-22 15:00:00,17988,682123069.7226783
2015-02-22 15:30:00,17993,682123069.7226783
2015-02-22 16:00:00,16961,682123069.7226783
2015-02-22 16:30:00,16962,682123069.7226783
2015-02-22 17:00:00,18041,682123069.7226783
2015-02-22 17:30:00,19193,682123069.7226783
2015-02-22 18:00:00,20155,682123069.7226783
2015-02-22 18:30:00,21007,682123069.7226783
2015-02-22 19:00:00,20028,682123069.7226783
2015-02-22 19:30:00,17481,682123069.7226783
2015-02-22 20:00:00,15269,682123069.7226783
2015-02-22 20:30:00,12920,682123069.7226783
2015-02-22 21:00:00,12419,682123069.7226783
2015-02-22 21:30:00,12562,682123069.7226783
2015-02-22 22:00:00,13336,682123069.7226783
2015-02-22 22:30:00,13023,682123069.7226783
2015-02-22 23:00:00,10543,682123069.7226783
2015-02-22 23:30:00,9093,682123069.7226783
2015-02-23 00:00:00,13653,682123069.7226783
2015-02-23 00:30:00,9213,682123069.7226783
2015-02-23 01:00:00,4826,682123069.7226783
2015-02-23 01:30:00,3349,682123069.7226783
2015-02-23 02:00:00,2780,682123069.7226783
2015-02-23 02:30:00,2276,682123069.7226783
2015-02-23 03:00:00,1870,682123069.7226783
2015-02-23 03:30:00,1758,682123069.7226783
2015-02-23 04:00:00,1917,682123069.7226783
2015-02-23 04:30:00,1888,682123069.7226783
2015-02-23 05:00:00,2718,682123069.7226783
2015-02-23 05:30:00,4556,682123069.7226783
2015-02-23 06:00:00,6935,682123069.7226783
2015-02-23 06:30:00,11670,682123069.7226783
2015-02-23 07:00:00,14973,682123069.7226783
2015-02-23 07:30:00,18004,682123069.7226783
2015-02-23 08:00:00,19363,682123069.7226783
2015-02-23 08:30:00,19612,682123069.7226783
2015-02-23 09:00:00,19171,682123069.7226783
2015-02-23 09:30:00,17195,682123069.7226783
2015-02-23 10:00:00,15904,682123069.7226783
2015-02-23 10:30:00,16044,682123069.7226783
2015-02-23 11:00:00,15560,682123069.7226783
2015-02-23 11:30:00,16580,682123069.7226783
2015-02-23 12:00:00,17357,682123069.7226783
2015-02-23 12:30:00,16374,682123069.7226783
2015-02-23 13:00:00,15702,682123069.7226783
2015-02-23 13:30:00,17251,682123069.7226783
2015-02-23 14:00:00,17237,682123069.7226783
2015-02-23 14:30:00,18840,682123069.7226783
2015-02-23 15:00:00,19291,682123069.7226783
2015-02-23 15:30:00,18651,682123069.7226783
2015-02-23 16:00:00,17539,682123069.7226783
2015-02-23 16:30:00,17009,682123069.7226783
2015-02-23 17:00:00,19105,682123069.7226783
2015-02-23 17:30:00,21850,682123069.7226783
2015-02-23 18:00:00,23708,682123069.7226783
2015-02-23 18:30:00,24840,682123069.7226783
2015-02-23 19:00:00,24711,682123069.7226783
2015-02-23 19:30:00,24129,682123069.7226783
2015-02-23 20:00:00,23350,682123069.7226783
2015-02-23 20:30:00,22974,682123069.7226783
2015-02-23 21:00:00,22373,682123069.7226783
2015-02-23 21:30:00,21665,682123069.7226783
2015-02-23 22:00:00,20738,682123069.7226783
2015-02-23 22:30:00,17862,682123069.7226783
2015-02-23 23:00:00,14081,682123069.7226783
2015-02-23 23:30:00,11541,682123069.7226783
2015-02-24 00:00:00,9618,682123069.7226783
2015-02-24 00:30:00,6997,682123069.7226783
2015-02-24 01:00:00,5045,682123069.7226783
2015-02-24 01:30:00,3869,682123069.7226783
2015-02-24 02:00:00,3085,682123069.7226783
2015-02-24 02:30:00,2340,682123069.7226783
2015-02-24 03:00:00,1959,682123069.7226783
2015-02-24 03:30:00,1811,682123069.7226783
2015-02-24 04:00:00,1860,682123069.7226783
2015-02-24 04:30:00,1722,682123069.7226783
2015-02-24 05:00:00,2283,682123069.7226783
2015-02-24 05:30:00,4280,682123069.7226783
2015-02-24 06:00:00,7171,682123069.7226783
2015-02-24 06:30:00,12967,682123069.7226783
2015-02-24 07:00:00,16575,682123069.7226783
2015-02-24 07:30:00,20412,682123069.7226783
2015-02-24 08:00:00,21376,682123069.7226783
2015-02-24 08:30:00,21157,682123069.7226783
2015-02-24 09:00:00,20551,682123069.7226783
2015-02-24 09:30:00,19516,682123069.7226783
2015-02-24 10:00:00,17496,682123069.7226783
2015-02-24 10:30:00,17658,682123069.7226783
2015-02-24 11:00:00,16549,682123069.7226783
2015-02-24 11:30:00,18124,682123069.7226783
2015-02-24 12:00:00,18551,682123069.7226783
2015-02-24 12:30:00,17611,682123069.7226783
2015-02-24 13:00:00,16218,682123069.7226783
2015-02-24 13:30:00,17938,682123069.7226783
2015-02-24 14:00:00,18407,682123069.7226783
2015-02-24 14:30:00,19464,682123069.7226783
2015-02-24 15:00:00,19569,682123069.7226783
2015-02-24 15:30:00,17603,682123069.7226783
2015-02-24 16:00:00,16143,682123069.7226783
2015-02-24 16:30:00,14982,682123069.7226783
2015-02-24 17:00:00,17712,682123069.7226783
2015-02-24 17:30:00,20209,682123069.7226783
2015-02-24 18:00:00,23112,682123069.7226783
2015-02-24 18:30:00,24090,682123069.7226783
2015-02-24 19:00:00,23852,682123069.7226783
2015-02-24 19:30:00,23661,682123069.7226783
2015-02-24 20:00:00,23514,682123069.7226783
2015-02-24 20:30:00,23610,682123069.7226783
2015-02-24 21:00:00,24092,682123069.7226783
2015-02-24 21:30:00,23228,682123069.7226783
2015-02-24 22:00:00,22315,682123069.7226783
2015-02-24 22:30:00,19708,682123069.7226783
2015-02-24 23:00:00,17612,682123069.7226783
2015-02-24 23:30:00,13833,682123069.7226783
2015-02-25 00:00:00,11151,682123069.7226783
2015-02-25 00:30:00,8141,682123069.7226783
2015-02-25 01:00:00,6048,682123069.7226783
2015-02-25 01:30:00,4352,682123069.7226783
2015-02-25 02:00:00,3780,682123069.7226783
2015-02-25 02:30:00,2902,682123069.7226783
2015-02-25 03:00:00,2336,682123069.7226783
2015-02-25 03:30:00,2121,682123069.7226783
2015-02-25 04:00:00,2142,682123069.7226783
2015-02-25 04:30:00,1933,682123069.7226783
2015-02-25 05:00:00,2380,682123069.7226783
2015-02-25 05:30:00,4367,682123069.7226783
2015-02-25 06:00:00,7135,682123069.7226783
2015-02-25 06:30:00,12684,682123069.7226783
2015-02-25 07:00:00,16293,682123069.7226783
2015-02-25 07:30:00,19990,682123069.7226783
2015-02-25 08:00:00,20847,682123069.7226783
2015-02-25 08:30:00,21048,682123069.7226783
2015-02-25 09:00:00,19891,682123069.7226783
2015-02-25 09:30:00,18998,682123069.7226783
2015-02-25 10:00:00,17558,682123069.7226783
2015-02-25 10:30:00,17208,682123069.7226783
2015-02-25 11:00:00,16101,682123069.7226783
2015-02-25 11:30:00,18047,682123069.7226783
2015-02-25 12:00:00,17721,682123069.7226783
2015-02-25 12:30:00,17251,682123069.7226783
2015-02-25 13:00:00,16857,682123069.7226783
2015-02-25 13:30:00,17898,682123069.7226783
2015-02-25 14:00:00,18046,682123069.7226783
2015-02-25 14:30:00,19005,682123069.7226783
2015-02-25 15:00:00,18906,682123069.7226783
2015-02-25 15:30:00,16522,682123069.7226783
2015-02-25 16:00:00,14807,682123069.7226783
2015-02-25 16:30:00,13918,682123069.7226783
2015-02-25 17:00:00,16265,682123069.7226783
2015-02-25 17:30:00,19219,682123069.7226783
2015-02-25 18:00:00,21786,682123069.7226783
2015-02-25 18:30:00,22972,682123069.7226783
2015-02-25 19:00:00,23999,682123069.7226783
2015-02-25 19:30:00,23748,682123069.7226783
2015-02-25 20:00:00,23071,682123069.7226783
2015-02-25 20:30:00,23181,682123069.7226783
2015-02-25 21:00:00,23603,682123069.7226783
2015-02-25 21:30:00,23235,682123069.7226783
2015-02-25 22:00:00,22585,682123069.7226783
2015-02-25 22:30:00,21076,682123069.7226783
2015-02-25 23:00:00,19091,682123069.7226783
2015-02-25 23:30:00,15492,682123069.7226783
2015-02-26 00:00:00,12757,682123069.7226783
2015-02-26 00:30:00,9397,682123069.7226783
2015-02-26 01:00:00,7175,682123069.7226783
2015-02-26 01:30:00,5598,682123069.7226783
2015-02-26 02:00:00,4264,682123069.7226783
2015-02-26 02:30:00,3475,682123069.7226783
2015-02-26 03:00:00,2820,682123069.7226783
2015-02-26 03:30:00,2479,682123069.7226783
2015-02-26 04:00:00,2425,682123069.7226783
2015-02-26 04:30:00,2158,682123069.7226783
2015-02-26 05:00:00,2586,682123069.7226783
2015-02-26 05:30:00,4419,682123069.7226783
2015-02-26 06:00:00,6967,682123069.7226783
2015-02-26 06:30:00,12870,682123069.7226783
2015-02-26 07:00:00,16521,682123069.7226783
2015-02-26 07:30:00,20644,682123069.7226783
2015-02-26 08:00:00,21340,682123069.7226783
2015-02-26 08:30:00,21062,682123069.7226783
2015-02-26 09:00:00,20739,682123069.7226783
2015-02-26 09:30:00,18990,682123069.7226783
2015-02-26 10:00:00,17767,682123069.7226783
2015-02-26 10:30:00,17339,682123069.7226783
2015-02-26 11:00:00,16410,682123069.7226783
2015-02-26 11:30:00,18292,682123069.7226783
2015-02-26 12:00:00,18919,682123069.7226783
2015-02-26 12:30:00,17436,682123069.7226783
2015-02-26 13:00:00,17755,682123069.7226783
2015-02-26 13:30:00,19245,682123069.7226783
2015-02-26 14:00:00,19000,682123069.7226783
2015-02-26 14:30:00,19474,682123069.7226783
2015-02-26 15:00:00,19466,682123069.7226783
2015-02-26 15:30:00,17289,682123069.7226783
2015-02-26 16:00:00,15247,682123069.7226783
2015-02-26 16:30:00,14213,682123069.7226783
2015-02-26 17:00:00,17182,682123069.7226783
2015-02-26 17:30:00,20065,682123069.7226783
2015-02-26 18:00:00,22224,682123069.7226783
2015-02-26 18:30:00,24076,682123069.7226783
2015-02-26 19:00:00,24958,682123069.7226783
2015-02-26 19:30:00,24811,682123069.7226783
2015-02-26 20:00:00,25362,682123069.7226783
2015-02-26 20:30:00,24699,682123069.7226783
2015-02-26 21:00:00,25036,682123069.7226783
2015-02-26 21:30:00,24944,682123069.7226783
2015-02-26 22:00:00,23855,682123069.7226783
2015-02-26 22:30:00,23542,682123069.7226783
2015-02-26 23:00:00,22669,682123069.7226783
2015-02-26 23:30:00,19750,682123069.7226783
2015-02-27 00:00:00,16087,682123069.7226783
2015-02-27 00:30:00,12947,682123069.7226783
2015-02-27 01:00:00,10315,682123069.7226783
2015-02-27 01:30:00,8207,682123069.7226783
2015-02-27 02:00:00,6779,682123069.7226783
2015-02-27 02:30:00,5035,682123069.7226783
2015-02-27 03:00:00,4403,682123069.7226783
2015-02-27 03:30:00,3693,682123069.7226783
2015-02-27 04:00:00,3627,682123069.7226783
2015-02-27 04:30:00,2847,682123069.7226783
2015-02-27 05:00:00,3191,682123069.7226783
2015-02-27 05:30:00,5026,682123069.7226783
2015-02-27 06:00:00,7391,682123069.7226783
2015-02-27 06:30:00,12176,682123069.7226783
2015-02-27 07:00:00,15511,682123069.7226783
2015-02-27 07:30:00,19601,682123069.7226783
2015-02-27 08:00:00,20585,682123069.7226783
2015-02-27 08:30:00,20628,682123069.7226783
2015-02-27 09:00:00,20373,682123069.7226783
2015-02-27 09:30:00,19223,682123069.7226783
2015-02-27 10:00:00,17265,682123069.7226783
2015-02-27 10:30:00,17054,682123069.7226783
2015-02-27 11:00:00,16505,682123069.7226783
2015-02-27 11:30:00,18469,682123069.7226783
2015-02-27 12:00:00,18670,682123069.7226783
2015-02-27 12:30:00,17562,682123069.7226783
2015-02-27 13:00:00,17376,682123069.7226783
2015-02-27 13:30:00,18175,682123069.7226783
2015-02-27 14:00:00,18922,682123069.7226783
2015-02-27 14:30:00,19049,682123069.7226783
2015-02-27 15:00:00,18797,682123069.7226783
2015-02-27 15:30:00,16748,682123069.7226783
2015-02-27 16:00:00,14944,682123069.7226783
2015-02-27 16:30:00,14278,682123069.7226783
2015-02-27 17:00:00,17116,682123069.7226783
2015-02-27 17:30:00,20470,682123069.7226783
2015-02-27 18:00:00,22925,682123069.7226783
2015-02-27 18:30:00,24004,682123069.7226783
2015-02-27 19:00:00,26713,682123069.7226783
2015-02-27 19:30:00,27120,682123069.7226783
2015-02-27 20:00:00,25950,682123069.7226783
2015-02-27 20:30:00,25870,682123069.7226783
2015-02-27 21:00:00,25709,682123069.7226783
2015-02-27 21:30:00,25944,682123069.7226783
2015-02-27 22:00:00,26911,682123069.7226783
2015-02-27 22:30:00,26744,682123069.7226783
2015-02-27 23:00:00,26440,682123069.7226783
2015-02-27 23:30:00,25940,682123069.7226783
2015-02-28 00:00:00,24051,682123069.7226783
2015-02-28 00:30:00,23335,682123069.7226783
2015-02-28 01:00:00,20919,682123069.7226783
2015-02-28 01:30:00,18929,682123069.7226783
2015-02-28 02:00:00,17078,682123069.7226783
2015-02-28 02:30:00,14984,682123069.7226783
2015-02-28 03:00:00,12519,682123069.7226783
2015-02-28 03:30:00,11450,682123069.7226783
2015-02-28 04:00:00,9830,682123069.7226783
2015-02-28 04:30:00,5470,682123069.7226783
2015-02-28 05:00:00,3985,682123069.7226783
2015-02-28 05:30:00,3456,682123069.7226783
2015-02-28 06:00:00,3833,682123069.7226783
2015-02-28 06:30:00,4714,682123069.7226783
2015-02-28 07:00:00,4955,682123069.7226783
2015-02-28 07:30:00,6790,682123069.7226783
2015-02-28 08:00:00,7911,682123069.7226783
2015-02-28 08:30:00,11446,682123069.7226783
2015-02-28 09:00:00,12519,682123069.7226783
2015-02-28 09:30:00,15959,682123069.7226783
2015-02-28 10:00:00,16313,682123069.7226783
2015-02-28 10:30:00,18382,682123069.7226783
2015-02-28 11:00:00,18797,682123069.7226783
2015-02-28 11:30:00,21412,682123069.7226783
2015-02-28 12:00:00,21087,682123069.7226783
2015-02-28 12:30:00,21968,682123069.7226783
2015-02-28 13:00:00,21769,682123069.7226783
2015-02-28 13:30:00,21571,682123069.7226783
2015-02-28 14:00:00,20973,682123069.7226783
2015-02-28 14:30:00,20960,682123069.7226783
2015-02-28 15:00:00,20611,682123069.7226783
2015-02-28 15:30:00,20421,682123069.7226783
2015-02-28 16:00:00,18867,682123069.7226783
2015-02-28 16:30:00,17770,682123069.7226783
2015-02-28 17:00:00,19299,682123069.7226783
2015-02-28 17:30:00,21908,682123069.7226783
2015-02-28 18:00:00,24503,682123069.7226783
2015-02-28 18:30:00,26931,682123069.7226783
2015-02-28 19:00:00,27953,682123069.7226783
2015-02-28 19:30:00,26435,682123069.7226783
2015-02-28 20:00:00,24362,682123069.7226783
2015-02-28 20:30:00,23066,682123069.7226783
2015-02-28 21:00:00,23346,682123069.7226783
2015-02-28 21:30:00,23913,682123069.7226783
2015-02-28 22:00:00,25609,682123069.7226783
2015-02-28 22:30:00,26844,682123069.7226783
2015-02-28 23:00:00,26775,682123069.7226783
2015-02-28 23:30:00,27612,682123069.7226783
2015-03-01 00:00:00,26208,682123069.7226783
2015-03-01 00:30:00,24830,682123069.7226783
2015-03-01 01:00:00,23059,682123069.7226783
2015-03-01 01:30:00,21589,682123069.7226783
2015-03-01 02:00:00,20350,682123069.7226783
2015-03-01 02:30:00,18105,682123069.7226783
2015-03-01 03:00:00,15246,682123069.7226783
2015-03-01 03:30:00,13830,682123069.7226783
2015-03-01 04:00:00,11827,682123069.7226783
2015-03-01 04:30:00,6848,682123069.7226783
2015-03-01 05:00:00,4331,682123069.7226783
2015-03-01 05:30:00,3563,682123069.7226783
2015-03-01 06:00:00,3440,682123069.7226783
2015-03-01 06:30:00,4119,682123069.7226783
2015-03-01 07:00:00,4002,682123069.7226783
2015-03-01 07:30:00,4791,682123069.7226783
2015-03-01 08:00:00,5856,682123069.7226783
2015-03-01 08:30:00,8385,682123069.7226783
2015-03-01 09:00:00,9972,682123069.7226783
2015-03-01 09:30:00,13099,682123069.7226783
2015-03-01 10:00:00,13903,682123069.7226783
2015-03-01 10:30:00,17508,682123069.7226783
2015-03-01 11:00:00,17364,682123069.7226783
2015-03-01 11:30:00,19946,682123069.7226783
2015-03-01 12:00:00,20598,682123069.7226783
2015-03-01 12:30:00,21977,682123069.7226783
2015-03-01 13:00:00,23164,682123069.7226783
2015-03-01 13:30:00,21780,682123069.7226783
2015-03-01 14:00:00,19973,682123069.7226783
2015-03-01 14:30:00,17963,682123069.7226783
2015-03-01 15:00:00,15142,682123069.7226783
2015-03-01 15:30:00,13634,682123069.7226783
2015-03-01 16:00:00,12007,682123069.7226783
2015-03-01 16:30:00,11576,682123069.7226783
2015-03-01 17:00:00,12750,682123069.7226783
2015-03-01 17:30:00,13192,682123069.7226783
2015-03-01 18:00:00,14550,682123069.7226783
2015-03-01 18:30:00,15368,682123069.7226783
2015-03-01 19:00:00,14843,682123069.7226783
2015-03-01 19:30:00,13766,682123069.7226783
2015-03-01 20:00:00,12760,682123069.7226783
2015-03-01 20:30:00,12491,682123069.7226783
2015-03-01 21:00:00,12029,682123069.7226783
2015-03-01 21:30:00,11421,682123069.7226783
2015-03-01 22:00:00,10799,682123069.7226783
2015-03-01 22:30:00,10021,682123069.7226783
2015-03-01 23:00:00,8766,682123069.7226783
2015-03-01 23:30:00,7488,682123069.7226783
2015-03-02 00:00:00,6626,682123069.7226783
2015-03-02 00:30:00,5378,682123069.7226783
2015-03-02 01:00:00,4138,682123069.7226783
2015-03-02 01:30:00,3193,682123069.7226783
2015-03-02 02:00:00,2583,682123069.7226783
2015-03-02 02:30:00,2191,682123069.7226783
2015-03-02 03:00:00,1684,682123069.7226783
2015-03-02 03:30:00,1582,682123069.7226783
2015-03-02 04:00:00,1737,682123069.7226783
2015-03-02 04:30:00,2108,682123069.7226783
2015-03-02 05:00:00,2692,682123069.7226783
2015-03-02 05:30:00,4501,682123069.7226783
2015-03-02 06:00:00,6679,682123069.7226783
2015-03-02 06:30:00,10910,682123069.7226783
2015-03-02 07:00:00,13075,682123069.7226783
2015-03-02 07:30:00,16146,682123069.7226783
2015-03-02 08:00:00,16782,682123069.7226783
2015-03-02 08:30:00,16814,682123069.7226783
2015-03-02 09:00:00,16867,682123069.7226783
2015-03-02 09:30:00,15643,682123069.7226783
2015-03-02 10:00:00,15919,682123069.7226783
2015-03-02 10:30:00,15665,682123069.7226783
2015-03-02 11:00:00,16303,682123069.7226783
2015-03-02 11:30:00,16335,682123069.7226783
2015-03-02 12:00:00,15509,682123069.7226783
2015-03-02 12:30:00,14733,682123069.7226783
2015-03-02 13:00:00,14378,682123069.7226783
2015-03-02 13:30:00,14763,682123069.7226783
2015-03-02 14:00:00,15189,682123069.7226783
2015-03-02 14:30:00,16227,682123069.7226783
2015-03-02 15:00:00,17163,682123069.7226783
2015-03-02 15:30:00,15828,682123069.7226783
2015-03-02 16:00:00,14981,682123069.7226783
2015-03-02 16:30:00,14689,682123069.7226783
2015-03-02 17:00:00,17090,682123069.7226783
2015-03-02 17:30:00,19505,682123069.7226783
2015-03-02 18:00:00,21640,682123069.7226783
2015-03-02 18:30:00,22548,682123069.7226783
2015-03-02 19:00:00,22072,682123069.7226783
2015-03-02 19:30:00,21222,682123069.7226783
2015-03-02 20:00:00,20685,682123069.7226783
2015-03-02 20:30:00,20068,682123069.7226783
2015-03-02 21:00:00,20542,682123069.7226783
2015-03-02 21:30:00,19362,682123069.7226783
2015-03-02 22:00:00,18291,682123069.7226783
2015-03-02 22:30:00,15998,682123069.7226783
2015-03-02 23:00:00,13677,682123069.7226783
2015-03-02 23:30:00,10535,682123069.7226783
2015-03-03 00:00:00,8847,682123069.7226783
2015-03-03 00:30:00,6151,682123069.7226783
2015-03-03 01:00:00,4811,682123069.7226783
2015-03-03 01:30:00,3622,682123069.7226783
2015-03-03 02:00:00,3039,682123069.7226783
2015-03-03 02:30:00,2393,682123069.7226783
2015-03-03 03:00:00,1816,682123069.7226783
2015-03-03 03:30:00,1595,682123069.7226783
2015-03-03 04:00:00,1754,682123069.7226783
2015-03-03 04:30:00,1607,682123069.7226783
2015-03-03 05:00:00,2051,682123069.7226783
2015-03-03 05:30:00,4046,682123069.7226783
2015-03-03 06:00:00,6403,682123069.7226783
2015-03-03 06:30:00,11793,682123069.7226783
2015-03-03 07:00:00,14796,682123069.7226783
2015-03-03 07:30:00,18732,682123069.7226783
2015-03-03 08:00:00,19704,682123069.7226783
2015-03-03 08:30:00,19550,682123069.7226783
2015-03-03 09:00:00,18446,682123069.7226783
2015-03-03 09:30:00,17383,682123069.7226783
2015-03-03 10:00:00,15850,682123069.7226783
2015-03-03 10:30:00,15947,682123069.7226783
2015-03-03 11:00:00,15402,682123069.7226783
2015-03-03 11:30:00,16819,682123069.7226783
2015-03-03 12:00:00,17318,682123069.7226783
2015-03-03 12:30:00,16494,682123069.7226783
2015-03-03 13:00:00,15965,682123069.7226783
2015-03-03 13:30:00,16890,682123069.7226783
2015-03-03 14:00:00,17712,682123069.7226783
2015-03-03 14:30:00,18762,682123069.7226783
2015-03-03 15:00:00,18563,682123069.7226783
2015-03-03 15:30:00,16239,682123069.7226783
2015-03-03 16:00:00,13680,682123069.7226783
2015-03-03 16:30:00,12558,682123069.7226783
2015-03-03 17:00:00,13665,682123069.7226783
2015-03-03 17:30:00,15067,682123069.7226783
2015-03-03 18:00:00,16460,682123069.7226783
2015-03-03 18:30:00,17723,682123069.7226783
2015-03-03 19:00:00,18518,682123069.7226783
2015-03-03 19:30:00,18804,682123069.7226783
2015-03-03 20:00:00,20532,682123069.7226783
2015-03-03 20:30:00,20701,682123069.7226783
2015-03-03 21:00:00,20936,682123069.7226783
2015-03-03 21:30:00,20365,682123069.7226783
2015-03-03 22:00:00,19466,682123069.7226783
2015-03-03 22:30:00,18232,682123069.7226783
2015-03-03 23:00:00,16000,682123069.7226783
2015-03-03 23:30:00,12867,682123069.7226783
2015-03-04 00:00:00,10093,682123069.7226783
2015-03-04 00:30:00,7202,682123069.7226783
2015-03-04 01:00:00,5458,682123069.7226783
2015-03-04 01:30:00,3979,682123069.7226783
2015-03-04 02:00:00,3180,682123069.7226783
2015-03-04 02:30:00,2598,682123069.7226783
2015-03-04 03:00:00,2051,682123069.7226783
2015-03-04 03:30:00,1745,682123069.7226783
2015-03-04 04:00:00,1949,682123069.7226783
2015-03-04 04:30:00,1885,682123069.7226783
2015-03-04 05:00:00,2447,682123069.7226783
2015-03-04 05:30:00,4398,682123069.7226783
2015-03-04 06:00:00,7270,682123069.7226783
2015-03-04 06:30:00,12437,682123069.7226783
2015-03-04 07:00:00,15831,682123069.7226783
2015-03-04 07:30:00,19609,682123069.7226783
2015-03-04 08:00:00,20796,682123069.7226783
2015-03-04 08:30:00,20246,682123069.7226783
2015-03-04 09:00:00,19369,682123069.7226783
2015-03-04 09:30:00,19858,682123069.7226783
2015-03-04 10:00:00,17972,682123069.7226783
2015-03-04 10:30:00,16423,682123069.7226783
2015-03-04 11:00:00,15624,682123069.7226783
2015-03-04 11:30:00,16807,682123069.7226783
2015-03-04 12:00:00,16467,682123069.7226783
2015-03-04 12:30:00,16946,682123069.7226783
2015-03-04 13:00:00,15895,682123069.7226783
2015-03-04 13:30:00,17009,682123069.7226783
2015-03-04 14:00:00,17783,682123069.7226783
2015-03-04 14:30:00,18136,682123069.7226783
2015-03-04 15:00:00,17643,682123069.7226783
2015-03-04 15:30:00,15751,682123069.7226783
2015-03-04 16:00:00,13668,682123069.7226783
2015-03-04 16:30:00,13011,682123069.7226783
2015-03-04 17:00:00,15557,682123069.7226783
2015-03-04 17:30:00,18274,682123069.7226783
2015-03-04 18:00:00,21428,682123069.7226783
2015-03-04 18:30:00,22597,682123069.7226783
2015-03-04 19:00:00,23580,682123069.7226783
2015-03-04 19:30:00,23535,682123069.7226783
2015-03-04 20:00:00,24110,682123069.7226783
2015-03-04 20:30:00,25579,682123069.7226783
2015-03-04 21:00:00,25414,682123069.7226783
2015-03-04 21:30:00,23037,682123069.7226783
2015-03-04 22:00:00,22549,682123069.7226783
2015-03-04 22:30:00,21105,682123069.7226783
2015-03-04 23:00:00,18602,682123069.7226783
2015-03-04 23:30:00,15295,682123069.7226783
2015-03-05 00:00:00,12551,682123069.7226783
2015-03-05 00:30:00,9019,682123069.7226783
2015-03-05 01:00:00,7220,682123069.7226783
2015-03-05 01:30:00,5340,682123069.7226783
2015-03-05 02:00:00,4477,682123069.7226783
2015-03-05 02:30:00,3475,682123069.7226783
2015-03-05 03:00:00,2756,682123069.7226783
2015-03-05 03:30:00,2342,682123069.7226783
2015-03-05 04:00:00,2391,682123069.7226783
2015-03-05 04:30:00,2129,682123069.7226783
2015-03-05 05:00:00,2428,682123069.7226783
2015-03-05 05:30:00,4043,682123069.7226783
2015-03-05 06:00:00,6125,682123069.7226783
2015-03-05 06:30:00,11645,682123069.7226783
2015-03-05 07:00:00,14823,682123069.7226783
2015-03-05 07:30:00,17911,682123069.7226783
2015-03-05 08:00:00,18197,682123069.7226783
2015-03-05 08:30:00,17555,682123069.7226783
2015-03-05 09:00:00,16368,682123069.7226783
2015-03-05 09:30:00,15864,682123069.7226783
2015-03-05 10:00:00,14467,682123069.7226783
2015-03-05 10:30:00,14270,682123069.7226783
2015-03-05 11:00:00,13271,682123069.7226783
2015-03-05 11:30:00,14539,682123069.7226783
2015-03-05 12:00:00,15107,682123069.7226783
2015-03-05 12:30:00,13541,682123069.7226783
2015-03-05 13:00:00,12441,682123069.7226783
2015-03-05 13:30:00,12848,682123069.7226783
2015-03-05 14:00:00,13200,682123069.7226783
2015-03-05 14:30:00,14143,682123069.7226783
2015-03-05 15:00:00,14893,682123069.7226783
2015-03-05 15:30:00,13899,682123069.7226783
2015-03-05 16:00:00,11847,682123069.7226783
2015-03-05 16:30:00,10614,682123069.7226783
2015-03-05 17:00:00,12540,682123069.7226783
2015-03-05 17:30:00,14379,682123069.7226783
2015-03-05 18:00:00,16731,682123069.7226783
2015-03-05 18:30:00,18489,682123069.7226783
2015-03-05 19:00:00,19522,682123069.7226783
2015-03-05 19:30:00,18977,682123069.7226783
2015-03-05 20:00:00,18912,682123069.7226783
2015-03-05 20:30:00,18494,682123069.7226783
2015-03-05 21:00:00,18419,682123069.7226783
2015-03-05 21:30:00,17684,682123069.7226783
2015-03-05 22:00:00,17456,682123069.7226783
2015-03-05 22:30:00,17213,682123069.7226783
2015-03-05 23:00:00,16598,682123069.7226783
2015-03-05 23:30:00,15313,682123069.7226783
2015-03-06 00:00:00,13654,682123069.7226783
2015-03-06 00:30:00,11213,682123069.7226783
2015-03-06 01:00:00,8825,682123069.7226783
2015-03-06 01:30:00,7096,682123069.7226783
2015-03-06 02:00:00,6207,682123069.7226783
2015-03-06 02:30:00,4973,682123069.7226783
2015-03-06 03:00:00,3984,682123069.7226783
2015-03-06 03:30:00,3411,682123069.7226783
2015-03-06 04:00:00,3465,682123069.7226783
2015-03-06 04:30:00,2907,682123069.7226783
2015-03-06 05:00:00,3175,682123069.7226783
2015-03-06 05:30:00,4792,682123069.7226783
2015-03-06 06:00:00,7150,682123069.7226783
2015-03-06 06:30:00,10873,682123069.7226783
2015-03-06 07:00:00,13611,682123069.7226783
2015-03-06 07:30:00,16302,682123069.7226783
2015-03-06 08:00:00,17760,682123069.7226783
2015-03-06 08:30:00,18196,682123069.7226783
2015-03-06 09:00:00,18076,682123069.7226783
2015-03-06 09:30:00,18073,682123069.7226783
2015-03-06 10:00:00,17040,682123069.7226783
2015-03-06 10:30:00,17645,682123069.7226783
2015-03-06 11:00:00,16942,682123069.7226783
2015-03-06 11:30:00,17734,682123069.7226783
2015-03-06 12:00:00,17068,682123069.7226783
2015-03-06 12:30:00,16067,682123069.7226783
2015-03-06 13:00:00,15715,682123069.7226783
2015-03-06 13:30:00,17059,682123069.7226783
2015-03-06 14:00:00,17624,682123069.7226783
2015-03-06 14:30:00,17576,682123069.7226783
2015-03-06 15:00:00,16837,682123069.7226783
2015-03-06 15:30:00,14668,682123069.7226783
2015-03-06 16:00:00,13049,682123069.7226783
2015-03-06 16:30:00,11569,682123069.7226783
2015-03-06 17:00:00,14126,682123069.7226783
2015-03-06 17:30:00,17005,682123069.7226783
2015-03-06 18:00:00,19213,682123069.7226783
2015-03-06 18:30:00,21997,682123069.7226783
2015-03-06 19:00:00,23956,682123069.7226783
2015-03-06 19:30:00,25109,682123069.7226783
2015-03-06 20:00:00,25534,682123069.7226783
2015-03-06 20:30:00,25159,682123069.7226783
2015-03-06 21:00:00,25299,682123069.7226783
2015-03-06 21:30:00,25446,682123069.7226783
2015-03-06 22:00:00,26082,682123069.7226783
2015-03-06 22:30:00,26103,682123069.7226783
2015-03-06 23:00:00,26090,682123069.7226783
2015-03-06 23:30:00,25219,682123069.7226783
2015-03-07 00:00:00,24428,682123069.7226783
2015-03-07 00:30:00,22771,682123069.7226783
2015-03-07 01:00:00,20707,682123069.7226783
2015-03-07 01:30:00,18819,682123069.7226783
2015-03-07 02:00:00,17387,682123069.7226783
2015-03-07 02:30:00,14956,682123069.7226783
2015-03-07 03:00:00,13284,682123069.7226783
2015-03-07 03:30:00,11692,682123069.7226783
2015-03-07 04:00:00,10190,682123069.7226783
2015-03-07 04:30:00,5961,682123069.7226783
2015-03-07 05:00:00,4102,682123069.7226783
2015-03-07 05:30:00,3518,682123069.7226783
2015-03-07 06:00:00,4072,682123069.7226783
2015-03-07 06:30:00,5090,682123069.7226783
2015-03-07 07:00:00,5251,682123069.7226783
2015-03-07 07:30:00,7454,682123069.7226783
2015-03-07 08:00:00,8525,682123069.7226783
2015-03-07 08:30:00,12413,682123069.7226783
2015-03-07 09:00:00,13411,682123069.7226783
2015-03-07 09:30:00,16672,682123069.7226783
2015-03-07 10:00:00,16822,682123069.7226783
2015-03-07 10:30:00,19952,682123069.7226783
2015-03-07 11:00:00,19954,682123069.7226783
2015-03-07 11:30:00,21062,682123069.7226783
2015-03-07 12:00:00,21409,682123069.7226783
2015-03-07 12:30:00,22089,682123069.7226783
2015-03-07 13:00:00,22362,682123069.7226783
2015-03-07 13:30:00,22840,682123069.7226783
2015-03-07 14:00:00,22012,682123069.7226783
2015-03-07 14:30:00,21628,682123069.7226783
2015-03-07 15:00:00,21199,682123069.7226783
2015-03-07 15:30:00,21094,682123069.7226783
2015-03-07 16:00:00,19443,682123069.7226783
2015-03-07 16:30:00,18037,682123069.7226783
2015-03-07 17:00:00,19670,682123069.7226783
2015-03-07 17:30:00,22207,682123069.7226783
2015-03-07 18:00:00,24687,682123069.7226783
2015-03-07 18:30:00,26844,682123069.7226783
2015-03-07 19:00:00,27950,682123069.7226783
2015-03-07 19:30:00,26775,682123069.7226783
2015-03-07 20:00:00,24436,682123069.7226783
2015-03-07 20:30:00,22804,682123069.7226783
2015-03-07 21:00:00,22237,682123069.7226783
2015-03-07 21:30:00,23017,682123069.7226783
2015-03-07 22:00:00,24816,682123069.7226783
2015-03-07 22:30:00,25253,682123069.7226783
2015-03-07 23:00:00,26451,682123069.7226783
2015-03-07 23:30:00,26507,682123069.7226783
2015-03-08 00:00:00,25749,682123069.7226783
2015-03-08 00:30:00,23619,682123069.7226783
2015-03-08 01:00:00,22711,682123069.7226783
2015-03-08 01:30:00,20975,682123069.7226783
2015-03-08 02:00:00,128,682123069.7226783
2015-03-08 02:30:00,123,682123069.7226783
2015-03-08 03:00:00,20794,682123069.7226783
2015-03-08 03:30:00,18056,682123069.7226783
2015-03-08 04:00:00,15898,682123069.7226783
2015-03-08 04:30:00,12003,682123069.7226783
2015-03-08 05:00:00,7987,682123069.7226783
2015-03-08 05:30:00,5192,682123069.7226783
2015-03-08 06:00:00,4139,682123069.7226783
2015-03-08 06:30:00,4310,682123069.7226783
2015-03-08 07:00:00,4444,682123069.7226783
2015-03-08 07:30:00,5604,682123069.7226783
2015-03-08 08:00:00,6010,682123069.7226783
2015-03-08 08:30:00,8339,682123069.7226783
2015-03-08 09:00:00,9500,682123069.7226783
2015-03-08 09:30:00,12605,682123069.7226783
2015-03-08 10:00:00,13765,682123069.7226783
2015-03-08 10:30:00,16968,682123069.7226783
2015-03-08 11:00:00,17466,682123069.7226783
2015-03-08 11:30:00,18812,682123069.7226783
2015-03-08 12:00:00,19496,682123069.7226783
2015-03-08 12:30:00,20293,682123069.7226783
2015-03-08 13:00:00,20004,682123069.7226783
2015-03-08 13:30:00,20756,682123069.7226783
2015-03-08 14:00:00,20539,682123069.7226783
2015-03-08 14:30:00,19849,682123069.7226783
2015-03-08 15:00:00,18335,682123069.7226783
2015-03-08 15:30:00,18140,682123069.7226783
2015-03-08 16:00:00,16770,682123069.7226783
2015-03-08 16:30:00,16215,682123069.7226783
2015-03-08 17:00:00,17156,682123069.7226783
2015-03-08 17:30:00,18450,682123069.7226783
2015-03-08 18:00:00,19001,682123069.7226783
2015-03-08 18:30:00,18830,682123069.7226783
2015-03-08 19:00:00,19312,682123069.7226783
2015-03-08 19:30:00,17737,682123069.7226783
2015-03-08 20:00:00,16678,682123069.7226783
2015-03-08 20:30:00,15914,682123069.7226783
2015-03-08 21:00:00,15244,682123069.7226783
2015-03-08 21:30:00,15373,682123069.7226783
2015-03-08 22:00:00,14115,682123069.7226783
2015-03-08 22:30:00,13417,682123069.7226783
2015-03-08 23:00:00,11511,682123069.7226783
2015-03-08 23:30:00,9854,682123069.7226783
2015-03-09 00:00:00,7840,682123069.7226783
2015-03-09 00:30:00,6171,682123069.7226783
2015-03-09 01:00:00,4831,682123069.7226783
2015-03-09 01:30:00,3623,682123069.7226783
2015-03-09 02:00:00,3073,682123069.7226783
2015-03-09 02:30:00,2282,682123069.7226783
2015-03-09 03:00:00,1919,682123069.7226783
2015-03-09 03:30:00,1771,682123069.7226783
2015-03-09 04:00:00,2210,682123069.7226783
2015-03-09 04:30:00,2251,682123069.7226783
2015-03-09 05:00:00,2667,682123069.7226783
2015-03-09 05:30:00,4705,682123069.7226783
2015-03-09 06:00:00,6765,682123069.7226783
2015-03-09 06:30:00,11290,682123069.7226783
2015-03-09 07:00:00,13706,682123069.7226783
2015-03-09 07:30:00,17424,682123069.7226783
2015-03-09 08:00:00,19200,682123069.7226783
2015-03-09 08:30:00,18770,682123069.7226783
2015-03-09 09:00:00,18304,682123069.7226783
2015-03-09 09:30:00,17185,682123069.7226783
2015-03-09 10:00:00,15523,682123069.7226783
2015-03-09 10:30:00,15295,682123069.7226783
2015-03-09 11:00:00,15006,682123069.7226783
2015-03-09 11:30:00,15142,682123069.7226783
2015-03-09 12:00:00,15811,682123069.7226783
2015-03-09 12:30:00,15622,682123069.7226783
2015-03-09 13:00:00,15107,682123069.7226783
2015-03-09 13:30:00,15447,682123069.7226783
2015-03-09 14:00:00,15735,682123069.7226783
2015-03-09 14:30:00,16793,682123069.7226783
2015-03-09 15:00:00,17217,682123069.7226783
2015-03-09 15:30:00,16228,682123069.7226783
2015-03-09 16:00:00,14774,682123069.7226783
2015-03-09 16:30:00,14249,682123069.7226783
2015-03-09 17:00:00,16073,682123069.7226783
2015-03-09 17:30:00,18230,682123069.7226783
2015-03-09 18:00:00,20728,682123069.7226783
2015-03-09 18:30:00,21607,682123069.7226783
2015-03-09 19:00:00,21700,682123069.7226783
2015-03-09 19:30:00,21095,682123069.7226783
2015-03-09 20:00:00,20628,682123069.7226783
2015-03-09 20:30:00,19621,682123069.7226783
2015-03-09 21:00:00,20064,682123069.7226783
2015-03-09 21:30:00,18745,682123069.7226783
2015-03-09 22:00:00,17437,682123069.7226783
2015-03-09 22:30:00,15424,682123069.7226783
2015-03-09 23:00:00,15445,682123069.7226783
2015-03-09 23:30:00,12684,682123069.7226783
2015-03-10 00:00:00,9023,682123069.7226783
2015-03-10 00:30:00,6919,682123069.7226783
2015-03-10 01:00:00,5560,682123069.7226783
2015-03-10 01:30:00,4185,682123069.7226783
2015-03-10 02:00:00,3201,682123069.7226783
2015-03-10 02:30:00,2643,682123069.7226783
2015-03-10 03:00:00,2237,682123069.7226783
2015-03-10 03:30:00,1862,682123069.7226783
2015-03-10 04:00:00,1911,682123069.7226783
2015-03-10 04:30:00,1867,682123069.7226783
2015-03-10 05:00:00,2289,682123069.7226783
2015-03-10 05:30:00,4097,682123069.7226783
2015-03-10 06:00:00,6195,682123069.7226783
2015-03-10 06:30:00,11195,682123069.7226783
2015-03-10 07:00:00,14181,682123069.7226783
2015-03-10 07:30:00,18505,682123069.7226783
2015-03-10 08:00:00,19372,682123069.7226783
2015-03-10 08:30:00,19672,682123069.7226783
2015-03-10 09:00:00,18826,682123069.7226783
2015-03-10 09:30:00,17988,682123069.7226783
2015-03-10 10:00:00,16763,682123069.7226783
2015-03-10 10:30:00,16323,682123069.7226783
2015-03-10 11:00:00,15161,682123069.7226783
2015-03-10 11:30:00,16514,682123069.7226783
2015-03-10 12:00:00,16919,682123069.7226783
2015-03-10 12:30:00,16368,682123069.7226783
2015-03-10 13:00:00,15272,682123069.7226783
2015-03-10 13:30:00,16096,682123069.7226783
2015-03-10 14:00:00,17410,682123069.7226783
2015-03-10 14:30:00,17922,682123069.7226783
2015-03-10 15:00:00,17432,682123069.7226783
2015-03-10 15:30:00,15729,682123069.7226783
2015-03-10 16:00:00,13996,682123069.7226783
2015-03-10 16:30:00,12686,682123069.7226783
2015-03-10 17:00:00,14691,682123069.7226783
2015-03-10 17:30:00,17513,682123069.7226783
2015-03-10 18:00:00,20055,682123069.7226783
2015-03-10 18:30:00,20641,682123069.7226783
2015-03-10 19:00:00,21182,682123069.7226783
2015-03-10 19:30:00,22358,682123069.7226783
2015-03-10 20:00:00,23115,682123069.7226783
2015-03-10 20:30:00,22692,682123069.7226783
2015-03-10 21:00:00,23551,682123069.7226783
2015-03-10 21:30:00,22124,682123069.7226783
2015-03-10 22:00:00,20998,682123069.7226783
2015-03-10 22:30:00,20144,682123069.7226783
2015-03-10 23:00:00,17414,682123069.7226783
2015-03-10 23:30:00,13850,682123069.7226783
2015-03-11 00:00:00,11172,682123069.7226783
2015-03-11 00:30:00,8013,682123069.7226783
2015-03-11 01:00:00,6200,682123069.7226783
2015-03-11 01:30:00,4445,682123069.7226783
2015-03-11 02:00:00,3538,682123069.7226783
2015-03-11 02:30:00,2854,682123069.7226783
2015-03-11 03:00:00,2347,682123069.7226783
2015-03-11 03:30:00,2068,682123069.7226783
2015-03-11 04:00:00,2287,682123069.7226783
2015-03-11 04:30:00,2117,682123069.7226783
2015-03-11 05:00:00,2195,682123069.7226783
2015-03-11 05:30:00,4454,682123069.7226783
2015-03-11 06:00:00,6319,682123069.7226783
2015-03-11 06:30:00,11590,682123069.7226783
2015-03-11 07:00:00,14980,682123069.7226783
2015-03-11 07:30:00,19068,682123069.7226783
2015-03-11 08:00:00,19869,682123069.7226783
2015-03-11 08:30:00,19816,682123069.7226783
2015-03-11 09:00:00,19003,682123069.7226783
2015-03-11 09:30:00,18761,682123069.7226783
2015-03-11 10:00:00,16137,682123069.7226783
2015-03-11 10:30:00,16669,682123069.7226783
2015-03-11 11:00:00,15456,682123069.7226783
2015-03-11 11:30:00,17249,682123069.7226783
2015-03-11 12:00:00,16908,682123069.7226783
2015-03-11 12:30:00,16335,682123069.7226783
2015-03-11 13:00:00,16021,682123069.7226783
2015-03-11 13:30:00,16408,682123069.7226783
2015-03-11 14:00:00,17027,682123069.7226783
2015-03-11 14:30:00,17382,682123069.7226783
2015-03-11 15:00:00,17652,682123069.7226783
2015-03-11 15:30:00,15717,682123069.7226783
2015-03-11 16:00:00,13942,682123069.7226783
2015-03-11 16:30:00,13492,682123069.7226783
2015-03-11 17:00:00,15956,682123069.7226783
2015-03-11 17:30:00,18601,682123069.7226783
2015-03-11 18:00:00,19906,682123069.7226783
2015-03-11 18:30:00,21126,682123069.7226783
2015-03-11 19:00:00,22396,682123069.7226783
2015-03-11 19:30:00,22952,682123069.7226783
2015-03-11 20:00:00,23117,682123069.7226783
2015-03-11 20:30:00,23030,682123069.7226783
2015-03-11 21:00:00,23191,682123069.7226783
2015-03-11 21:30:00,22946,682123069.7226783
2015-03-11 22:00:00,22173,682123069.7226783
2015-03-11 22:30:00,21653,682123069.7226783
2015-03-11 23:00:00,19619,682123069.7226783
2015-03-11 23:30:00,16332,682123069.7226783
2015-03-12 00:00:00,13950,682123069.7226783
2015-03-12 00:30:00,10488,682123069.7226783
2015-03-12 01:00:00,7812,682123069.7226783
2015-03-12 01:30:00,6086,682123069.7226783
2015-03-12 02:00:00,4889,682123069.7226783
2015-03-12 02:30:00,3927,682123069.7226783
2015-03-12 03:00:00,3126,682123069.7226783
2015-03-12 03:30:00,2671,682123069.7226783
2015-03-12 04:00:00,2723,682123069.7226783
2015-03-12 04:30:00,2568,682123069.7226783
2015-03-12 05:00:00,2608,682123069.7226783
2015-03-12 05:30:00,4555,682123069.7226783
2015-03-12 06:00:00,6578,682123069.7226783
2015-03-12 06:30:00,11527,682123069.7226783
2015-03-12 07:00:00,15455,682123069.7226783
2015-03-12 07:30:00,19216,682123069.7226783
2015-03-12 08:00:00,20459,682123069.7226783
2015-03-12 08:30:00,20172,682123069.7226783
2015-03-12 09:00:00,19537,682123069.7226783
2015-03-12 09:30:00,18345,682123069.7226783
2015-03-12 10:00:00,17344,682123069.7226783
2015-03-12 10:30:00,17829,682123069.7226783
2015-03-12 11:00:00,16887,682123069.7226783
2015-03-12 11:30:00,18313,682123069.7226783
2015-03-12 12:00:00,19132,682123069.7226783
2015-03-12 12:30:00,18239,682123069.7226783
2015-03-12 13:00:00,17295,682123069.7226783
2015-03-12 13:30:00,18228,682123069.7226783
2015-03-12 14:00:00,18248,682123069.7226783
2015-03-12 14:30:00,19012,682123069.7226783
2015-03-12 15:00:00,18025,682123069.7226783
2015-03-12 15:30:00,16274,682123069.7226783
2015-03-12 16:00:00,14264,682123069.7226783
2015-03-12 16:30:00,13155,682123069.7226783
2015-03-12 17:00:00,15556,682123069.7226783
2015-03-12 17:30:00,18682,682123069.7226783
2015-03-12 18:00:00,21793,682123069.7226783
2015-03-12 18:30:00,23613,682123069.7226783
2015-03-12 19:00:00,24345,682123069.7226783
2015-03-12 19:30:00,24967,682123069.7226783
2015-03-12 20:00:00,25072,682123069.7226783
2015-03-12 20:30:00,24299,682123069.7226783
2015-03-12 21:00:00,24957,682123069.7226783
2015-03-12 21:30:00,24576,682123069.7226783
2015-03-12 22:00:00,24088,682123069.7226783
2015-03-12 22:30:00,24056,682123069.7226783
2015-03-12 23:00:00,22263,682123069.7226783
2015-03-12 23:30:00,21117,682123069.7226783
2015-03-13 00:00:00,18043,682123069.7226783
2015-03-13 00:30:00,14258,682123069.7226783
2015-03-13 01:00:00,10848,682123069.7226783
2015-03-13 01:30:00,9184,682123069.7226783
2015-03-13 02:00:00,7399,682123069.7226783
2015-03-13 02:30:00,5960,682123069.7226783
2015-03-13 03:00:00,5108,682123069.7226783
2015-03-13 03:30:00,4314,682123069.7226783
2015-03-13 04:00:00,4037,682123069.7226783
2015-03-13 04:30:00,3017,682123069.7226783
2015-03-13 05:00:00,3276,682123069.7226783
2015-03-13 05:30:00,5239,682123069.7226783
2015-03-13 06:00:00,7245,682123069.7226783
2015-03-13 06:30:00,11361,682123069.7226783
2015-03-13 07:00:00,14769,682123069.7226783
2015-03-13 07:30:00,18761,682123069.7226783
2015-03-13 08:00:00,19877,682123069.7226783
2015-03-13 08:30:00,19851,682123069.7226783
2015-03-13 09:00:00,18885,682123069.7226783
2015-03-13 09:30:00,18050,682123069.7226783
2015-03-13 10:00:00,16837,682123069.7226783
2015-03-13 10:30:00,16945,682123069.7226783
2015-03-13 11:00:00,16497,682123069.7226783
2015-03-13 11:30:00,18292,682123069.7226783
2015-03-13 12:00:00,18632,682123069.7226783
2015-03-13 12:30:00,17239,682123069.7226783
2015-03-13 13:00:00,16592,682123069.7226783
2015-03-13 13:30:00,16852,682123069.7226783
2015-03-13 14:00:00,18186,682123069.7226783
2015-03-13 14:30:00,18820,682123069.7226783
2015-03-13 15:00:00,17794,682123069.7226783
2015-03-13 15:30:00,16501,682123069.7226783
2015-03-13 16:00:00,14694,682123069.7226783
2015-03-13 16:30:00,13356,682123069.7226783
2015-03-13 17:00:00,16717,682123069.7226783
2015-03-13 17:30:00,20207,682123069.7226783
2015-03-13 18:00:00,23128,682123069.7226783
2015-03-13 18:30:00,24522,682123069.7226783
2015-03-13 19:00:00,25724,682123069.7226783
2015-03-13 19:30:00,26385,682123069.7226783
2015-03-13 20:00:00,25774,682123069.7226783
2015-03-13 20:30:00,25019,682123069.7226783
2015-03-13 21:00:00,25226,682123069.7226783
2015-03-13 21:30:00,25132,682123069.7226783
2015-03-13 22:00:00,25216,682123069.7226783
2015-03-13 22:30:00,25910,682123069.7226783
2015-03-13 23:00:00,25192,682123069.7226783
2015-03-13 23:30:00,24955,682123069.7226783
2015-03-14 00:00:00,24226,682123069.7226783
2015-03-14 00:30:00,22326,682123069.7226783
2015-03-14 01:00:00,20741,682123069.7226783
2015-03-14 01:30:00,18998,682123069.7226783
2015-03-14 02:00:00,17467,682123069.7226783
2015-03-14 02:30:00,15291,682123069.7226783
2015-03-14 03:00:00,13431,682123069.7226783
2015-03-14 03:30:00,12112,682123069.7226783
2015-03-14 04:00:00,10420,682123069.7226783
2015-03-14 04:30:00,6021,682123069.7226783
2015-03-14 05:00:00,4109,682123069.7226783
2015-03-14 05:30:00,3525,682123069.7226783
2015-03-14 06:00:00,3747,682123069.7226783
2015-03-14 06:30:00,4801,682123069.7226783
2015-03-14 07:00:00,5623,682123069.7226783
2015-03-14 07:30:00,7342,682123069.7226783
2015-03-14 08:00:00,8345,682123069.7226783
2015-03-14 08:30:00,12325,682123069.7226783
2015-03-14 09:00:00,13800,682123069.7226783
2015-03-14 09:30:00,16547,682123069.7226783
2015-03-14 10:00:00,16871,682123069.7226783
2015-03-14 10:30:00,19227,682123069.7226783
2015-03-14 11:00:00,19670,682123069.7226783
2015-03-14 11:30:00,21109,682123069.7226783
2015-03-14 12:00:00,22019,682123069.7226783
2015-03-14 12:30:00,23106,682123069.7226783
2015-03-14 13:00:00,21780,682123069.7226783
2015-03-14 13:30:00,21143,682123069.7226783
2015-03-14 14:00:00,20433,682123069.7226783
2015-03-14 14:30:00,19761,682123069.7226783
2015-03-14 15:00:00,19594,682123069.7226783
2015-03-14 15:30:00,19134,682123069.7226783
2015-03-14 16:00:00,18761,682123069.7226783
2015-03-14 16:30:00,17865,682123069.7226783
2015-03-14 17:00:00,19437,682123069.7226783
2015-03-14 17:30:00,22003,682123069.7226783
2015-03-14 18:00:00,23358,682123069.7226783
2015-03-14 18:30:00,24297,682123069.7226783
2015-03-14 19:00:00,25851,682123069.7226783
2015-03-14 19:30:00,26836,682123069.7226783
2015-03-14 20:00:00,24806,682123069.7226783
2015-03-14 20:30:00,24742,682123069.7226783
2015-03-14 21:00:00,24558,682123069.7226783
2015-03-14 21:30:00,24179,682123069.7226783
2015-03-14 22:00:00,24470,682123069.7226783
2015-03-14 22:30:00,25253,682123069.7226783
2015-03-14 23:00:00,24819,682123069.7226783
2015-03-14 23:30:00,24723,682123069.7226783
2015-03-15 00:00:00,24686,682123069.7226783
2015-03-15 00:30:00,23461,682123069.7226783
2015-03-15 01:00:00,21891,682123069.7226783
2015-03-15 01:30:00,20526,682123069.7226783
2015-03-15 02:00:00,19181,682123069.7226783
2015-03-15 02:30:00,16824,682123069.7226783
2015-03-15 03:00:00,14432,682123069.7226783
2015-03-15 03:30:00,12861,682123069.7226783
2015-03-15 04:00:00,11149,682123069.7226783
2015-03-15 04:30:00,6710,682123069.7226783
2015-03-15 05:00:00,4473,682123069.7226783
2015-03-15 05:30:00,3679,682123069.7226783
2015-03-15 06:00:00,4388,682123069.7226783
2015-03-15 06:30:00,5553,682123069.7226783
2015-03-15 07:00:00,5270,682123069.7226783
2015-03-15 07:30:00,5384,682123069.7226783
2015-03-15 08:00:00,5967,682123069.7226783
2015-03-15 08:30:00,7799,682123069.7226783
2015-03-15 09:00:00,9113,682123069.7226783
2015-03-15 09:30:00,11910,682123069.7226783
2015-03-15 10:00:00,12656,682123069.7226783
2015-03-15 10:30:00,15703,682123069.7226783
2015-03-15 11:00:00,16875,682123069.7226783
2015-03-15 11:30:00,18617,682123069.7226783
2015-03-15 12:00:00,19598,682123069.7226783
2015-03-15 12:30:00,20443,682123069.7226783
2015-03-15 13:00:00,20570,682123069.7226783
2015-03-15 13:30:00,20563,682123069.7226783
2015-03-15 14:00:00,20245,682123069.7226783
2015-03-15 14:30:00,20254,682123069.7226783
2015-03-15 15:00:00,19345,682123069.7226783
2015-03-15 15:30:00,19244,682123069.7226783
2015-03-15 16:00:00,18597,682123069.7226783
2015-03-15 16:30:00,17929,682123069.7226783
2015-03-15 17:00:00,18356,682123069.7226783
2015-03-15 17:30:00,19573,682123069.7226783
2015-03-15 18:00:00,19237,682123069.7226783
2015-03-15 18:30:00,19341,682123069.7226783
2015-03-15 19:00:00,18562,682123069.7226783
2015-03-15 19:30:00,18282,682123069.7226783
2015-03-15 20:00:00,17539,682123069.7226783
2015-03-15 20:30:00,16426,682123069.7226783
2015-03-15 21:00:00,15146,682123069.7226783
2015-03-15 21:30:00,15117,682123069.7226783
2015-03-15 22:00:00,13708,682123069.7226783
2015-03-15 22:30:00,12706,682123069.7226783
2015-03-15 23:00:00,10950,682123069.7226783
2015-03-15 23:30:00,9223,682123069.7226783
2015-03-16 00:00:00,7971,682123069.7226783
2015-03-16 00:30:00,6673,682123069.7226783
2015-03-16 01:00:00,5007,682123069.7226783
2015-03-16 01:30:00,3762,682123069.7226783
2015-03-16 02:00:00,3341,682123069.7226783
2015-03-16 02:30:00,2813,682123069.7226783
2015-03-16 03:00:00,2514,682123069.7226783
2015-03-16 03:30:00,2092,682123069.7226783
2015-03-16 04:00:00,2425,682123069.7226783
2015-03-16 04:30:00,2354,682123069.7226783
2015-03-16 05:00:00,2691,682123069.7226783
2015-03-16 05:30:00,4356,682123069.7226783
2015-03-16 06:00:00,6409,682123069.7226783
2015-03-16 06:30:00,10751,682123069.7226783
2015-03-16 07:00:00,12810,682123069.7226783
2015-03-16 07:30:00,15918,682123069.7226783
2015-03-16 08:00:00,16849,682123069.7226783
2015-03-16 08:30:00,18035,682123069.7226783
2015-03-16 09:00:00,17654,682123069.7226783
2015-03-16 09:30:00,16568,682123069.7226783
2015-03-16 10:00:00,15039,682123069.7226783
2015-03-16 10:30:00,14639,682123069.7226783
2015-03-16 11:00:00,14477,682123069.7226783
2015-03-16 11:30:00,14944,682123069.7226783
2015-03-16 12:00:00,15165,682123069.7226783
2015-03-16 12:30:00,14723,682123069.7226783
2015-03-16 13:00:00,13995,682123069.7226783
2015-03-16 13:30:00,15230,682123069.7226783
2015-03-16 14:00:00,15603,682123069.7226783
2015-03-16 14:30:00,15470,682123069.7226783
2015-03-16 15:00:00,15197,682123069.7226783
2015-03-16 15:30:00,14888,682123069.7226783
2015-03-16 16:00:00,13847,682123069.7226783
2015-03-16 16:30:00,13928,682123069.7226783
2015-03-16 17:00:00,15674,682123069.7226783
2015-03-16 17:30:00,17183,682123069.7226783
2015-03-16 18:00:00,19956,682123069.7226783
2015-03-16 18:30:00,20369,682123069.7226783
2015-03-16 19:00:00,20505,682123069.7226783
2015-03-16 19:30:00,20526,682123069.7226783
2015-03-16 20:00:00,20129,682123069.7226783
2015-03-16 20:30:00,19552,682123069.7226783
2015-03-16 21:00:00,19096,682123069.7226783
2015-03-16 21:30:00,17661,682123069.7226783
2015-03-16 22:00:00,17126,682123069.7226783
2015-03-16 22:30:00,14643,682123069.7226783
2015-03-16 23:00:00,13595,682123069.7226783
2015-03-16 23:30:00,10722,682123069.7226783
2015-03-17 00:00:00,8831,682123069.7226783
2015-03-17 00:30:00,6495,682123069.7226783
2015-03-17 01:00:00,5237,682123069.7226783
2015-03-17 01:30:00,3930,682123069.7226783
2015-03-17 02:00:00,3063,682123069.7226783
2015-03-17 02:30:00,2431,682123069.7226783
2015-03-17 03:00:00,2007,682123069.7226783
2015-03-17 03:30:00,1579,682123069.7226783
2015-03-17 04:00:00,1916,682123069.7226783
2015-03-17 04:30:00,1799,682123069.7226783
2015-03-17 05:00:00,2150,682123069.7226783
2015-03-17 05:30:00,3988,682123069.7226783
2015-03-17 06:00:00,6083,682123069.7226783
2015-03-17 06:30:00,10636,682123069.7226783
2015-03-17 07:00:00,13476,682123069.7226783
2015-03-17 07:30:00,16781,682123069.7226783
2015-03-17 08:00:00,18193,682123069.7226783
2015-03-17 08:30:00,18254,682123069.7226783
2015-03-17 09:00:00,17172,682123069.7226783
2015-03-17 09:30:00,16183,682123069.7226783
2015-03-17 10:00:00,14362,682123069.7226783
2015-03-17 10:30:00,13824,682123069.7226783
2015-03-17 11:00:00,13204,682123069.7226783
2015-03-17 11:30:00,13666,682123069.7226783
2015-03-17 12:00:00,13619,682123069.7226783
2015-03-17 12:30:00,14136,682123069.7226783
2015-03-17 13:00:00,13898,682123069.7226783
2015-03-17 13:30:00,14875,682123069.7226783
2015-03-17 14:00:00,15366,682123069.7226783
2015-03-17 14:30:00,15861,682123069.7226783
2015-03-17 15:00:00,15771,682123069.7226783
2015-03-17 15:30:00,15248,682123069.7226783
2015-03-17 16:00:00,13444,682123069.7226783
2015-03-17 16:30:00,13744,682123069.7226783
2015-03-17 17:00:00,16526,682123069.7226783
2015-03-17 17:30:00,20497,682123069.7226783
2015-03-17 18:00:00,23221,682123069.7226783
2015-03-17 18:30:00,24247,682123069.7226783
2015-03-17 19:00:00,24831,682123069.7226783
2015-03-17 19:30:00,25495,682123069.7226783
2015-03-17 20:00:00,25747,682123069.7226783
2015-03-17 20:30:00,25339,682123069.7226783
2015-03-17 21:00:00,25426,682123069.7226783
2015-03-17 21:30:00,24686,682123069.7226783
2015-03-17 22:00:00,24384,682123069.7226783
2015-03-17 22:30:00,23130,682123069.7226783
2015-03-17 23:00:00,21121,682123069.7226783
2015-03-17 23:30:00,18175,682123069.7226783
2015-03-18 00:00:00,14773,682123069.7226783
2015-03-18 00:30:00,11494,682123069.7226783
2015-03-18 01:00:00,8726,682123069.7226783
2015-03-18 01:30:00,6616,682123069.7226783
2015-03-18 02:00:00,5692,682123069.7226783
2015-03-18 02:30:00,4266,682123069.7226783
2015-03-18 03:00:00,3915,682123069.7226783
2015-03-18 03:30:00,3175,682123069.7226783
2015-03-18 04:00:00,3123,682123069.7226783
2015-03-18 04:30:00,2574,682123069.7226783
2015-03-18 05:00:00,2690,682123069.7226783
2015-03-18 05:30:00,4475,682123069.7226783
2015-03-18 06:00:00,6716,682123069.7226783
2015-03-18 06:30:00,11393,682123069.7226783
2015-03-18 07:00:00,14755,682123069.7226783
2015-03-18 07:30:00,18235,682123069.7226783
2015-03-18 08:00:00,19618,682123069.7226783
2015-03-18 08:30:00,20816,682123069.7226783
2015-03-18 09:00:00,19938,682123069.7226783
2015-03-18 09:30:00,19006,682123069.7226783
2015-03-18 10:00:00,17308,682123069.7226783
2015-03-18 10:30:00,18006,682123069.7226783
2015-03-18 11:00:00,16525,682123069.7226783
2015-03-18 11:30:00,18387,682123069.7226783
2015-03-18 12:00:00,17973,682123069.7226783
2015-03-18 12:30:00,17745,682123069.7226783
2015-03-18 13:00:00,17018,682123069.7226783
2015-03-18 13:30:00,17982,682123069.7226783
2015-03-18 14:00:00,17591,682123069.7226783
2015-03-18 14:30:00,17954,682123069.7226783
2015-03-18 15:00:00,17270,682123069.7226783
2015-03-18 15:30:00,16022,682123069.7226783
2015-03-18 16:00:00,14319,682123069.7226783
2015-03-18 16:30:00,13883,682123069.7226783
2015-03-18 17:00:00,16275,682123069.7226783
2015-03-18 17:30:00,19520,682123069.7226783
2015-03-18 18:00:00,22044,682123069.7226783
2015-03-18 18:30:00,23377,682123069.7226783
2015-03-18 19:00:00,24693,682123069.7226783
2015-03-18 19:30:00,24810,682123069.7226783
2015-03-18 20:00:00,24542,682123069.7226783
2015-03-18 20:30:00,23537,682123069.7226783
2015-03-18 21:00:00,23812,682123069.7226783
2015-03-18 21:30:00,23388,682123069.7226783
2015-03-18 22:00:00,22605,682123069.7226783
2015-03-18 22:30:00,21466,682123069.7226783
2015-03-18 23:00:00,19037,682123069.7226783
2015-03-18 23:30:00,15949,682123069.7226783
2015-03-19 00:00:00,12518,682123069.7226783
2015-03-19 00:30:00,9177,682123069.7226783
2015-03-19 01:00:00,7102,682123069.7226783
2015-03-19 01:30:00,5459,682123069.7226783
2015-03-19 02:00:00,4307,682123069.7226783
2015-03-19 02:30:00,3267,682123069.7226783
2015-03-19 03:00:00,2485,682123069.7226783
2015-03-19 03:30:00,2239,682123069.7226783
2015-03-19 04:00:00,2467,682123069.7226783
2015-03-19 04:30:00,2131,682123069.7226783
2015-03-19 05:00:00,2559,682123069.7226783
2015-03-19 05:30:00,4389,682123069.7226783
2015-03-19 06:00:00,6422,682123069.7226783
2015-03-19 06:30:00,11587,682123069.7226783
2015-03-19 07:00:00,14685,682123069.7226783
2015-03-19 07:30:00,17388,682123069.7226783
2015-03-19 08:00:00,19069,682123069.7226783
2015-03-19 08:30:00,19822,682123069.7226783
2015-03-19 09:00:00,19095,682123069.7226783
2015-03-19 09:30:00,18335,682123069.7226783
2015-03-19 10:00:00,17281,682123069.7226783
2015-03-19 10:30:00,17860,682123069.7226783
2015-03-19 11:00:00,17044,682123069.7226783
2015-03-19 11:30:00,18831,682123069.7226783
2015-03-19 12:00:00,18621,682123069.7226783
2015-03-19 12:30:00,17816,682123069.7226783
2015-03-19 13:00:00,17861,682123069.7226783
2015-03-19 13:30:00,18446,682123069.7226783
2015-03-19 14:00:00,18508,682123069.7226783
2015-03-19 14:30:00,18501,682123069.7226783
2015-03-19 15:00:00,18083,682123069.7226783
2015-03-19 15:30:00,16212,682123069.7226783
2015-03-19 16:00:00,14527,682123069.7226783
2015-03-19 16:30:00,13124,682123069.7226783
2015-03-19 17:00:00,16321,682123069.7226783
2015-03-19 17:30:00,19579,682123069.7226783
2015-03-19 18:00:00,21958,682123069.7226783
2015-03-19 18:30:00,23247,682123069.7226783
2015-03-19 19:00:00,24199,682123069.7226783
2015-03-19 19:30:00,24176,682123069.7226783
2015-03-19 20:00:00,24398,682123069.7226783
2015-03-19 20:30:00,24021,682123069.7226783
2015-03-19 21:00:00,24377,682123069.7226783
2015-03-19 21:30:00,24611,682123069.7226783
2015-03-19 22:00:00,23851,682123069.7226783
2015-03-19 22:30:00,22849,682123069.7226783
2015-03-19 23:00:00,21810,682123069.7226783
2015-03-19 23:30:00,19864,682123069.7226783
2015-03-20 00:00:00,16241,682123069.7226783
2015-03-20 00:30:00,13379,682123069.7226783
2015-03-20 01:00:00,10554,682123069.7226783
2015-03-20 01:30:00,7721,682123069.7226783
2015-03-20 02:00:00,6639,682123069.7226783
2015-03-20 02:30:00,5333,682123069.7226783
2015-03-20 03:00:00,4482,682123069.7226783
2015-03-20 03:30:00,3720,682123069.7226783
2015-03-20 04:00:00,3914,682123069.7226783
2015-03-20 04:30:00,2937,682123069.7226783
2015-03-20 05:00:00,2960,682123069.7226783
2015-03-20 05:30:00,4666,682123069.7226783
2015-03-20 06:00:00,6738,682123069.7226783
2015-03-20 06:30:00,11057,682123069.7226783
2015-03-20 07:00:00,13680,682123069.7226783
2015-03-20 07:30:00,17238,682123069.7226783
2015-03-20 08:00:00,18622,682123069.7226783
2015-03-20 08:30:00,19793,682123069.7226783
2015-03-20 09:00:00,18965,682123069.7226783
2015-03-20 09:30:00,18078,682123069.7226783
2015-03-20 10:00:00,16783,682123069.7226783
2015-03-20 10:30:00,16717,682123069.7226783
2015-03-20 11:00:00,15955,682123069.7226783
2015-03-20 11:30:00,17358,682123069.7226783
2015-03-20 12:00:00,18110,682123069.7226783
2015-03-20 12:30:00,18040,682123069.7226783
2015-03-20 13:00:00,17317,682123069.7226783
2015-03-20 13:30:00,18343,682123069.7226783
2015-03-20 14:00:00,18165,682123069.7226783
2015-03-20 14:30:00,19076,682123069.7226783
2015-03-20 15:00:00,17831,682123069.7226783
2015-03-20 15:30:00,16226,682123069.7226783
2015-03-20 16:00:00,14511,682123069.7226783
2015-03-20 16:30:00,13742,682123069.7226783
2015-03-20 17:00:00,16795,682123069.7226783
2015-03-20 17:30:00,19746,682123069.7226783
2015-03-20 18:00:00,22611,682123069.7226783
2015-03-20 18:30:00,24194,682123069.7226783
2015-03-20 19:00:00,25236,682123069.7226783
2015-03-20 19:30:00,25175,682123069.7226783
2015-03-20 20:00:00,23650,682123069.7226783
2015-03-20 20:30:00,22347,682123069.7226783
2015-03-20 21:00:00,22786,682123069.7226783
2015-03-20 21:30:00,22894,682123069.7226783
2015-03-20 22:00:00,22835,682123069.7226783
2015-03-20 22:30:00,23979,682123069.7226783
2015-03-20 23:00:00,23921,682123069.7226783
2015-03-20 23:30:00,22798,682123069.7226783
2015-03-21 00:00:00,21527,682123069.7226783
2015-03-21 00:30:00,19571,682123069.7226783
2015-03-21 01:00:00,17790,682123069.7226783
2015-03-21 01:30:00,15922,682123069.7226783
2015-03-21 02:00:00,14641,682123069.7226783
2015-03-21 02:30:00,12530,682123069.7226783
2015-03-21 03:00:00,10522,682123069.7226783
2015-03-21 03:30:00,9211,682123069.7226783
2015-03-21 04:00:00,8369,682123069.7226783
2015-03-21 04:30:00,5006,682123069.7226783
2015-03-21 05:00:00,3498,682123069.7226783
2015-03-21 05:30:00,3504,682123069.7226783
2015-03-21 06:00:00,3607,682123069.7226783
2015-03-21 06:30:00,4772,682123069.7226783
2015-03-21 07:00:00,5195,682123069.7226783
2015-03-21 07:30:00,6811,682123069.7226783
2015-03-21 08:00:00,8266,682123069.7226783
2015-03-21 08:30:00,11437,682123069.7226783
2015-03-21 09:00:00,12206,682123069.7226783
2015-03-21 09:30:00,15179,682123069.7226783
2015-03-21 10:00:00,14901,682123069.7226783
2015-03-21 10:30:00,17052,682123069.7226783
2015-03-21 11:00:00,17113,682123069.7226783
2015-03-21 11:30:00,19005,682123069.7226783
2015-03-21 12:00:00,19414,682123069.7226783
2015-03-21 12:30:00,20673,682123069.7226783
2015-03-21 13:00:00,20342,682123069.7226783
2015-03-21 13:30:00,19968,682123069.7226783
2015-03-21 14:00:00,19295,682123069.7226783
2015-03-21 14:30:00,20194,682123069.7226783
2015-03-21 15:00:00,19752,682123069.7226783
2015-03-21 15:30:00,19813,682123069.7226783
2015-03-21 16:00:00,18566,682123069.7226783
2015-03-21 16:30:00,17910,682123069.7226783
2015-03-21 17:00:00,19439,682123069.7226783
2015-03-21 17:30:00,21881,682123069.7226783
2015-03-21 18:00:00,23274,682123069.7226783
2015-03-21 18:30:00,24761,682123069.7226783
2015-03-21 19:00:00,26342,682123069.7226783
2015-03-21 19:30:00,26425,682123069.7226783
2015-03-21 20:00:00,24279,682123069.7226783
2015-03-21 20:30:00,22507,682123069.7226783
2015-03-21 21:00:00,21410,682123069.7226783
2015-03-21 21:30:00,23284,682123069.7226783
2015-03-21 22:00:00,24270,682123069.7226783
2015-03-21 22:30:00,26128,682123069.7226783
2015-03-21 23:00:00,26879,682123069.7226783
2015-03-21 23:30:00,25948,682123069.7226783
2015-03-22 00:00:00,24751,682123069.7226783
2015-03-22 00:30:00,24482,682123069.7226783
2015-03-22 01:00:00,23031,682123069.7226783
2015-03-22 01:30:00,22104,682123069.7226783
2015-03-22 02:00:00,20423,682123069.7226783
2015-03-22 02:30:00,18411,682123069.7226783
2015-03-22 03:00:00,16048,682123069.7226783
2015-03-22 03:30:00,14201,682123069.7226783
2015-03-22 04:00:00,12103,682123069.7226783
2015-03-22 04:30:00,6827,682123069.7226783
2015-03-22 05:00:00,4549,682123069.7226783
2015-03-22 05:30:00,3619,682123069.7226783
2015-03-22 06:00:00,3572,682123069.7226783
2015-03-22 06:30:00,4209,682123069.7226783
2015-03-22 07:00:00,3966,682123069.7226783
2015-03-22 07:30:00,5340,682123069.7226783
2015-03-22 08:00:00,6400,682123069.7226783
2015-03-22 08:30:00,8476,682123069.7226783
2015-03-22 09:00:00,9956,682123069.7226783
2015-03-22 09:30:00,12371,682123069.7226783
2015-03-22 10:00:00,13640,682123069.7226783
2015-03-22 10:30:00,17004,682123069.7226783
2015-03-22 11:00:00,16991,682123069.7226783
2015-03-22 11:30:00,19175,682123069.7226783
2015-03-22 12:00:00,19031,682123069.7226783
2015-03-22 12:30:00,20070,682123069.7226783
2015-03-22 13:00:00,19301,682123069.7226783
2015-03-22 13:30:00,19656,682123069.7226783
2015-03-22 14:00:00,19602,682123069.7226783
2015-03-22 14:30:00,19445,682123069.7226783
2015-03-22 15:00:00,18921,682123069.7226783
2015-03-22 15:30:00,19080,682123069.7226783
2015-03-22 16:00:00,17941,682123069.7226783
2015-03-22 16:30:00,17614,682123069.7226783
2015-03-22 17:00:00,17844,682123069.7226783
2015-03-22 17:30:00,19094,682123069.7226783
2015-03-22 18:00:00,19695,682123069.7226783
2015-03-22 18:30:00,19747,682123069.7226783
2015-03-22 19:00:00,19092,682123069.7226783
2015-03-22 19:30:00,18746,682123069.7226783
2015-03-22 20:00:00,17616,682123069.7226783
2015-03-22 20:30:00,17506,682123069.7226783
2015-03-22 21:00:00,16947,682123069.7226783
2015-03-22 21:30:00,16122,682123069.7226783
2015-03-22 22:00:00,15749,682123069.7226783
2015-03-22 22:30:00,14203,682123069.7226783
2015-03-22 23:00:00,12131,682123069.7226783
2015-03-22 23:30:00,9954,682123069.7226783
2015-03-23 00:00:00,8047,682123069.7226783
2015-03-23 00:30:00,6085,682123069.7226783
2015-03-23 01:00:00,4615,682123069.7226783
2015-03-23 01:30:00,3869,682123069.7226783
2015-03-23 02:00:00,3095,682123069.7226783
2015-03-23 02:30:00,2347,682123069.7226783
2015-03-23 03:00:00,1743,682123069.7226783
2015-03-23 03:30:00,1617,682123069.7226783
2015-03-23 04:00:00,2278,682123069.7226783
2015-03-23 04:30:00,2097,682123069.7226783
2015-03-23 05:00:00,2895,682123069.7226783
2015-03-23 05:30:00,4428,682123069.7226783
2015-03-23 06:00:00,6579,682123069.7226783
2015-03-23 06:30:00,11052,682123069.7226783
2015-03-23 07:00:00,13798,682123069.7226783
2015-03-23 07:30:00,17086,682123069.7226783
2015-03-23 08:00:00,17914,682123069.7226783
2015-03-23 08:30:00,18727,682123069.7226783
2015-03-23 09:00:00,18116,682123069.7226783
2015-03-23 09:30:00,16298,682123069.7226783
2015-03-23 10:00:00,15248,682123069.7226783
2015-03-23 10:30:00,14777,682123069.7226783
2015-03-23 11:00:00,14339,682123069.7226783
2015-03-23 11:30:00,15690,682123069.7226783
2015-03-23 12:00:00,15748,682123069.7226783
2015-03-23 12:30:00,15387,682123069.7226783
2015-03-23 13:00:00,14886,682123069.7226783
2015-03-23 13:30:00,16078,682123069.7226783
2015-03-23 14:00:00,15654,682123069.7226783
2015-03-23 14:30:00,16293,682123069.7226783
2015-03-23 15:00:00,15898,682123069.7226783
2015-03-23 15:30:00,15703,682123069.7226783
2015-03-23 16:00:00,14671,682123069.7226783
2015-03-23 16:30:00,14246,682123069.7226783
2015-03-23 17:00:00,16667,682123069.7226783
2015-03-23 17:30:00,18644,682123069.7226783
2015-03-23 18:00:00,20898,682123069.7226783
2015-03-23 18:30:00,21698,682123069.7226783
2015-03-23 19:00:00,22095,682123069.7226783
2015-03-23 19:30:00,20964,682123069.7226783
2015-03-23 20:00:00,21044,682123069.7226783
2015-03-23 20:30:00,20104,682123069.7226783
2015-03-23 21:00:00,20994,682123069.7226783
2015-03-23 21:30:00,19896,682123069.7226783
2015-03-23 22:00:00,18811,682123069.7226783
2015-03-23 22:30:00,16844,682123069.7226783
2015-03-23 23:00:00,13776,682123069.7226783
2015-03-23 23:30:00,11102,682123069.7226783
2015-03-24 00:00:00,9165,682123069.7226783
2015-03-24 00:30:00,7306,682123069.7226783
2015-03-24 01:00:00,5143,682123069.7226783
2015-03-24 01:30:00,3937,682123069.7226783
2015-03-24 02:00:00,3321,682123069.7226783
2015-03-24 02:30:00,2604,682123069.7226783
2015-03-24 03:00:00,2122,682123069.7226783
2015-03-24 03:30:00,1821,682123069.7226783
2015-03-24 04:00:00,1900,682123069.7226783
2015-03-24 04:30:00,1776,682123069.7226783
2015-03-24 05:00:00,2182,682123069.7226783
2015-03-24 05:30:00,4085,682123069.7226783
2015-03-24 06:00:00,6398,682123069.7226783
2015-03-24 06:30:00,11072,682123069.7226783
2015-03-24 07:00:00,13927,682123069.7226783
2015-03-24 07:30:00,17652,682123069.7226783
2015-03-24 08:00:00,18844,682123069.7226783
2015-03-24 08:30:00,20765,682123069.7226783
2015-03-24 09:00:00,18958,682123069.7226783
2015-03-24 09:30:00,17534,682123069.7226783
2015-03-24 10:00:00,16127,682123069.7226783
2015-03-24 10:30:00,16180,682123069.7226783
2015-03-24 11:00:00,15095,682123069.7226783
2015-03-24 11:30:00,16172,682123069.7226783
2015-03-24 12:00:00,16774,682123069.7226783
2015-03-24 12:30:00,16256,682123069.7226783
2015-03-24 13:00:00,15410,682123069.7226783
2015-03-24 13:30:00,16444,682123069.7226783
2015-03-24 14:00:00,16173,682123069.7226783
2015-03-24 14:30:00,16989,682123069.7226783
2015-03-24 15:00:00,15929,682123069.7226783
2015-03-24 15:30:00,15402,682123069.7226783
2015-03-24 16:00:00,13954,682123069.7226783
2015-03-24 16:30:00,13575,682123069.7226783
2015-03-24 17:00:00,15995,682123069.7226783
2015-03-24 17:30:00,18120,682123069.7226783
2015-03-24 18:00:00,20763,682123069.7226783
2015-03-24 18:30:00,21941,682123069.7226783
2015-03-24 19:00:00,22062,682123069.7226783
2015-03-24 19:30:00,21885,682123069.7226783
2015-03-24 20:00:00,22472,682123069.7226783
2015-03-24 20:30:00,21928,682123069.7226783
2015-03-24 21:00:00,22276,682123069.7226783
2015-03-24 21:30:00,22319,682123069.7226783
2015-03-24 22:00:00,21507,682123069.7226783
2015-03-24 22:30:00,19808,682123069.7226783
2015-03-24 23:00:00,17250,682123069.7226783
2015-03-24 23:30:00,14115,682123069.7226783
2015-03-25 00:00:00,11104,682123069.7226783
2015-03-25 00:30:00,8340,682123069.7226783
2015-03-25 01:00:00,6484,682123069.7226783
2015-03-25 01:30:00,4604,682123069.7226783
2015-03-25 02:00:00,3949,682123069.7226783
2015-03-25 02:30:00,2947,682123069.7226783
2015-03-25 03:00:00,2605,682123069.7226783
2015-03-25 03:30:00,2192,682123069.7226783
2015-03-25 04:00:00,2363,682123069.7226783
2015-03-25 04:30:00,1932,682123069.7226783
2015-03-25 05:00:00,2379,682123069.7226783
2015-03-25 05:30:00,4164,682123069.7226783
2015-03-25 06:00:00,6470,682123069.7226783
2015-03-25 06:30:00,10946,682123069.7226783
2015-03-25 07:00:00,14305,682123069.7226783
2015-03-25 07:30:00,17349,682123069.7226783
2015-03-25 08:00:00,18261,682123069.7226783
2015-03-25 08:30:00,19723,682123069.7226783
2015-03-25 09:00:00,18510,682123069.7226783
2015-03-25 09:30:00,17170,682123069.7226783
2015-03-25 10:00:00,15688,682123069.7226783
2015-03-25 10:30:00,15869,682123069.7226783
2015-03-25 11:00:00,15092,682123069.7226783
2015-03-25 11:30:00,16455,682123069.7226783
2015-03-25 12:00:00,16683,682123069.7226783
2015-03-25 12:30:00,16136,682123069.7226783
2015-03-25 13:00:00,16128,682123069.7226783
2015-03-25 13:30:00,17286,682123069.7226783
2015-03-25 14:00:00,17514,682123069.7226783
2015-03-25 14:30:00,19559,682123069.7226783
2015-03-25 15:00:00,19811,682123069.7226783
2015-03-25 15:30:00,16978,682123069.7226783
2015-03-25 16:00:00,14657,682123069.7226783
2015-03-25 16:30:00,13543,682123069.7226783
2015-03-25 17:00:00,15658,682123069.7226783
2015-03-25 17:30:00,18349,682123069.7226783
2015-03-25 18:00:00,20703,682123069.7226783
2015-03-25 18:30:00,21924,682123069.7226783
2015-03-25 19:00:00,23548,682123069.7226783
2015-03-25 19:30:00,24652,682123069.7226783
2015-03-25 20:00:00,24214,682123069.7226783
2015-03-25 20:30:00,22488,682123069.7226783
2015-03-25 21:00:00,22992,682123069.7226783
2015-03-25 21:30:00,22379,682123069.7226783
2015-03-25 22:00:00,22022,682123069.7226783
2015-03-25 22:30:00,20650,682123069.7226783
2015-03-25 23:00:00,17919,682123069.7226783
2015-03-25 23:30:00,15005,682123069.7226783
2015-03-26 00:00:00,12022,682123069.7226783
2015-03-26 00:30:00,9433,682123069.7226783
2015-03-26 01:00:00,6981,682123069.7226783
2015-03-26 01:30:00,5190,682123069.7226783
2015-03-26 02:00:00,4267,682123069.7226783
2015-03-26 02:30:00,3565,682123069.7226783
2015-03-26 03:00:00,2758,682123069.7226783
2015-03-26 03:30:00,2255,682123069.7226783
2015-03-26 04:00:00,2351,682123069.7226783
2015-03-26 04:30:00,2262,682123069.7226783
2015-03-26 05:00:00,2419,682123069.7226783
2015-03-26 05:30:00,4158,682123069.7226783
2015-03-26 06:00:00,6421,682123069.7226783
2015-03-26 06:30:00,10954,682123069.7226783
2015-03-26 07:00:00,13997,682123069.7226783
2015-03-26 07:30:00,17550,682123069.7226783
2015-03-26 08:00:00,18805,682123069.7226783
2015-03-26 08:30:00,19962,682123069.7226783
2015-03-26 09:00:00,18800,682123069.7226783
2015-03-26 09:30:00,18454,682123069.7226783
2015-03-26 10:00:00,16511,682123069.7226783
2015-03-26 10:30:00,16359,682123069.7226783
2015-03-26 11:00:00,16238,682123069.7226783
2015-03-26 11:30:00,17550,682123069.7226783
2015-03-26 12:00:00,18193,682123069.7226783
2015-03-26 12:30:00,17408,682123069.7226783
2015-03-26 13:00:00,16038,682123069.7226783
2015-03-26 13:30:00,17097,682123069.7226783
2015-03-26 14:00:00,18252,682123069.7226783
2015-03-26 14:30:00,16819,682123069.7226783
2015-03-26 15:00:00,16469,682123069.7226783
2015-03-26 15:30:00,14756,682123069.7226783
2015-03-26 16:00:00,12879,682123069.7226783
2015-03-26 16:30:00,11901,682123069.7226783
2015-03-26 17:00:00,14566,682123069.7226783
2015-03-26 17:30:00,17852,682123069.7226783
2015-03-26 18:00:00,20504,682123069.7226783
2015-03-26 18:30:00,21239,682123069.7226783
2015-03-26 19:00:00,21544,682123069.7226783
2015-03-26 19:30:00,21927,682123069.7226783
2015-03-26 20:00:00,21863,682123069.7226783
2015-03-26 20:30:00,21124,682123069.7226783
2015-03-26 21:00:00,21771,682123069.7226783
2015-03-26 21:30:00,23658,682123069.7226783
2015-03-26 22:00:00,23718,682123069.7226783
2015-03-26 22:30:00,22945,682123069.7226783
2015-03-26 23:00:00,21441,682123069.7226783
2015-03-26 23:30:00,19279,682123069.7226783
2015-03-27 00:00:00,17611,682123069.7226783
2015-03-27 00:30:00,14694,682123069.7226783
2015-03-27 01:00:00,11449,682123069.7226783
2015-03-27 01:30:00,9009,682123069.7226783
2015-03-27 02:00:00,7452,682123069.7226783
2015-03-27 02:30:00,5635,682123069.7226783
2015-03-27 03:00:00,4880,682123069.7226783
2015-03-27 03:30:00,4182,682123069.7226783
2015-03-27 04:00:00,3981,682123069.7226783
2015-03-27 04:30:00,2902,682123069.7226783
2015-03-27 05:00:00,3074,682123069.7226783
2015-03-27 05:30:00,4708,682123069.7226783
2015-03-27 06:00:00,7099,682123069.7226783
2015-03-27 06:30:00,11277,682123069.7226783
2015-03-27 07:00:00,14410,682123069.7226783
2015-03-27 07:30:00,17326,682123069.7226783
2015-03-27 08:00:00,18322,682123069.7226783
2015-03-27 08:30:00,19359,682123069.7226783
2015-03-27 09:00:00,18319,682123069.7226783
2015-03-27 09:30:00,17948,682123069.7226783
2015-03-27 10:00:00,16657,682123069.7226783
2015-03-27 10:30:00,16421,682123069.7226783
2015-03-27 11:00:00,15866,682123069.7226783
2015-03-27 11:30:00,17524,682123069.7226783
2015-03-27 12:00:00,17550,682123069.7226783
2015-03-27 12:30:00,17417,682123069.7226783
2015-03-27 13:00:00,16196,682123069.7226783
2015-03-27 13:30:00,17164,682123069.7226783
2015-03-27 14:00:00,18059,682123069.7226783
2015-03-27 14:30:00,18459,682123069.7226783
2015-03-27 15:00:00,17521,682123069.7226783
2015-03-27 15:30:00,15932,682123069.7226783
2015-03-27 16:00:00,14327,682123069.7226783
2015-03-27 16:30:00,13403,682123069.7226783
2015-03-27 17:00:00,15762,682123069.7226783
2015-03-27 17:30:00,19195,682123069.7226783
2015-03-27 18:00:00,21738,682123069.7226783
2015-03-27 18:30:00,24076,682123069.7226783
2015-03-27 19:00:00,25117,682123069.7226783
2015-03-27 19:30:00,25238,682123069.7226783
2015-03-27 20:00:00,24721,682123069.7226783
2015-03-27 20:30:00,23300,682123069.7226783
2015-03-27 21:00:00,24004,682123069.7226783
2015-03-27 21:30:00,24040,682123069.7226783
2015-03-27 22:00:00,24953,682123069.7226783
2015-03-27 22:30:00,25006,682123069.7226783
2015-03-27 23:00:00,25744,682123069.7226783
2015-03-27 23:30:00,24851,682123069.7226783
2015-03-28 00:00:00,24379,682123069.7226783
2015-03-28 00:30:00,23361,682123069.7226783
2015-03-28 01:00:00,20925,682123069.7226783
2015-03-28 01:30:00,19193,682123069.7226783
2015-03-28 02:00:00,18168,682123069.7226783
2015-03-28 02:30:00,15616,682123069.7226783
2015-03-28 03:00:00,13694,682123069.7226783
2015-03-28 03:30:00,11917,682123069.7226783
2015-03-28 04:00:00,10476,682123069.7226783
2015-03-28 04:30:00,6112,682123069.7226783
2015-03-28 05:00:00,4012,682123069.7226783
2015-03-28 05:30:00,3288,682123069.7226783
2015-03-28 06:00:00,3543,682123069.7226783
2015-03-28 06:30:00,4885,682123069.7226783
2015-03-28 07:00:00,5193,682123069.7226783
2015-03-28 07:30:00,7119,682123069.7226783
2015-03-28 08:00:00,8147,682123069.7226783
2015-03-28 08:30:00,11016,682123069.7226783
2015-03-28 09:00:00,12156,682123069.7226783
2015-03-28 09:30:00,15794,682123069.7226783
2015-03-28 10:00:00,15874,682123069.7226783
2015-03-28 10:30:00,18297,682123069.7226783
2015-03-28 11:00:00,19434,682123069.7226783
2015-03-28 11:30:00,21440,682123069.7226783
2015-03-28 12:00:00,21831,682123069.7226783
2015-03-28 12:30:00,22825,682123069.7226783
2015-03-28 13:00:00,22292,682123069.7226783
2015-03-28 13:30:00,21900,682123069.7226783
2015-03-28 14:00:00,20624,682123069.7226783
2015-03-28 14:30:00,20506,682123069.7226783
2015-03-28 15:00:00,20356,682123069.7226783
2015-03-28 15:30:00,20591,682123069.7226783
2015-03-28 16:00:00,19127,682123069.7226783
2015-03-28 16:30:00,18221,682123069.7226783
2015-03-28 17:00:00,19867,682123069.7226783
2015-03-28 17:30:00,23255,682123069.7226783
2015-03-28 18:00:00,24826,682123069.7226783
2015-03-28 18:30:00,26515,682123069.7226783
2015-03-28 19:00:00,27826,682123069.7226783
2015-03-28 19:30:00,27529,682123069.7226783
2015-03-28 20:00:00,25806,682123069.7226783
2015-03-28 20:30:00,25745,682123069.7226783
2015-03-28 21:00:00,24792,682123069.7226783
2015-03-28 21:30:00,25485,682123069.7226783
2015-03-28 22:00:00,27189,682123069.7226783
2015-03-28 22:30:00,26662,682123069.7226783
2015-03-28 23:00:00,29458,682123069.7226783
2015-03-28 23:30:00,28204,682123069.7226783
2015-03-29 00:00:00,26225,682123069.7226783
2015-03-29 00:30:00,24783,682123069.7226783
2015-03-29 01:00:00,22868,682123069.7226783
2015-03-29 01:30:00,21457,682123069.7226783
2015-03-29 02:00:00,19637,682123069.7226783
2015-03-29 02:30:00,17996,682123069.7226783
2015-03-29 03:00:00,15927,682123069.7226783
2015-03-29 03:30:00,14071,682123069.7226783
2015-03-29 04:00:00,12191,682123069.7226783
2015-03-29 04:30:00,7101,682123069.7226783
2015-03-29 05:00:00,4585,682123069.7226783
2015-03-29 05:30:00,3279,682123069.7226783
2015-03-29 06:00:00,3254,682123069.7226783
2015-03-29 06:30:00,3946,682123069.7226783
2015-03-29 07:00:00,4033,682123069.7226783
2015-03-29 07:30:00,5497,682123069.7226783
2015-03-29 08:00:00,6647,682123069.7226783
2015-03-29 08:30:00,8586,682123069.7226783
2015-03-29 09:00:00,10038,682123069.7226783
2015-03-29 09:30:00,13216,682123069.7226783
2015-03-29 10:00:00,14647,682123069.7226783
2015-03-29 10:30:00,17796,682123069.7226783
2015-03-29 11:00:00,18465,682123069.7226783
2015-03-29 11:30:00,19816,682123069.7226783
2015-03-29 12:00:00,20226,682123069.7226783
2015-03-29 12:30:00,20264,682123069.7226783
2015-03-29 13:00:00,19644,682123069.7226783
2015-03-29 13:30:00,19823,682123069.7226783
2015-03-29 14:00:00,20198,682123069.7226783
2015-03-29 14:30:00,18974,682123069.7226783
2015-03-29 15:00:00,18117,682123069.7226783
2015-03-29 15:30:00,17536,682123069.7226783
2015-03-29 16:00:00,17255,682123069.7226783
2015-03-29 16:30:00,16475,682123069.7226783
2015-03-29 17:00:00,17674,682123069.7226783
2015-03-29 17:30:00,18830,682123069.7226783
2015-03-29 18:00:00,19415,682123069.7226783
2015-03-29 18:30:00,18783,682123069.7226783
2015-03-29 19:00:00,19015,682123069.7226783
2015-03-29 19:30:00,18079,682123069.7226783
2015-03-29 20:00:00,17358,682123069.7226783
2015-03-29 20:30:00,16546,682123069.7226783
2015-03-29 21:00:00,16158,682123069.7226783
2015-03-29 21:30:00,15379,682123069.7226783
2015-03-29 22:00:00,14602,682123069.7226783
2015-03-29 22:30:00,13310,682123069.7226783
2015-03-29 23:00:00,11563,682123069.7226783
2015-03-29 23:30:00,9961,682123069.7226783
2015-03-30 00:00:00,7455,682123069.7226783
2015-03-30 00:30:00,5582,682123069.7226783
2015-03-30 01:00:00,4514,682123069.7226783
2015-03-30 01:30:00,3689,682123069.7226783
2015-03-30 02:00:00,2977,682123069.7226783
2015-03-30 02:30:00,2257,682123069.7226783
2015-03-30 03:00:00,1948,682123069.7226783
2015-03-30 03:30:00,1763,682123069.7226783
2015-03-30 04:00:00,1980,682123069.7226783
2015-03-30 04:30:00,2116,682123069.7226783
2015-03-30 05:00:00,2576,682123069.7226783
2015-03-30 05:30:00,4358,682123069.7226783
2015-03-30 06:00:00,6428,682123069.7226783
2015-03-30 06:30:00,11429,682123069.7226783
2015-03-30 07:00:00,14014,682123069.7226783
2015-03-30 07:30:00,17558,682123069.7226783
2015-03-30 08:00:00,18074,682123069.7226783
2015-03-30 08:30:00,18475,682123069.7226783
2015-03-30 09:00:00,17877,682123069.7226783
2015-03-30 09:30:00,17145,682123069.7226783
2015-03-30 10:00:00,15819,682123069.7226783
2015-03-30 10:30:00,15639,682123069.7226783
2015-03-30 11:00:00,15328,682123069.7226783
2015-03-30 11:30:00,16174,682123069.7226783
2015-03-30 12:00:00,15976,682123069.7226783
2015-03-30 12:30:00,15004,682123069.7226783
2015-03-30 13:00:00,15122,682123069.7226783
2015-03-30 13:30:00,15479,682123069.7226783
2015-03-30 14:00:00,15658,682123069.7226783
2015-03-30 14:30:00,16934,682123069.7226783
2015-03-30 15:00:00,17517,682123069.7226783
2015-03-30 15:30:00,15942,682123069.7226783
2015-03-30 16:00:00,14964,682123069.7226783
2015-03-30 16:30:00,14635,682123069.7226783
2015-03-30 17:00:00,16965,682123069.7226783
2015-03-30 17:30:00,18752,682123069.7226783
2015-03-30 18:00:00,20648,682123069.7226783
2015-03-30 18:30:00,20965,682123069.7226783
2015-03-30 19:00:00,20737,682123069.7226783
2015-03-30 19:30:00,20634,682123069.7226783
2015-03-30 20:00:00,21306,682123069.7226783
2015-03-30 20:30:00,19902,682123069.7226783
2015-03-30 21:00:00,20275,682123069.7226783
2015-03-30 21:30:00,18683,682123069.7226783
2015-03-30 22:00:00,17731,682123069.7226783
2015-03-30 22:30:00,16890,682123069.7226783
2015-03-30 23:00:00,14749,682123069.7226783
2015-03-30 23:30:00,11960,682123069.7226783
2015-03-31 00:00:00,10141,682123069.7226783
2015-03-31 00:30:00,7142,682123069.7226783
2015-03-31 01:00:00,5366,682123069.7226783
2015-03-31 01:30:00,4102,682123069.7226783
2015-03-31 02:00:00,3456,682123069.7226783
2015-03-31 02:30:00,2534,682123069.7226783
2015-03-31 03:00:00,2175,682123069.7226783
2015-03-31 03:30:00,1884,682123069.7226783
2015-03-31 04:00:00,1816,682123069.7226783
2015-03-31 04:30:00,1868,682123069.7226783
2015-03-31 05:00:00,2357,682123069.7226783
2015-03-31 05:30:00,3971,682123069.7226783
2015-03-31 06:00:00,6356,682123069.7226783
2015-03-31 06:30:00,11643,682123069.7226783
2015-03-31 07:00:00,14881,682123069.7226783
2015-03-31 07:30:00,18602,682123069.7226783
2015-03-31 08:00:00,19340,682123069.7226783
2015-03-31 08:30:00,19358,682123069.7226783
2015-03-31 09:00:00,18521,682123069.7226783
2015-03-31 09:30:00,17560,682123069.7226783
2015-03-31 10:00:00,16338,682123069.7226783
2015-03-31 10:30:00,16615,682123069.7226783
2015-03-31 11:00:00,15876,682123069.7226783
2015-03-31 11:30:00,16738,682123069.7226783
2015-03-31 12:00:00,17433,682123069.7226783
2015-03-31 12:30:00,16615,682123069.7226783
2015-03-31 13:00:00,18032,682123069.7226783
2015-03-31 13:30:00,19020,682123069.7226783
2015-03-31 14:00:00,19453,682123069.7226783
2015-03-31 14:30:00,20041,682123069.7226783
2015-03-31 15:00:00,20651,682123069.7226783
2015-03-31 15:30:00,17386,682123069.7226783
2015-03-31 16:00:00,15126,682123069.7226783
2015-03-31 16:30:00,13786,682123069.7226783
2015-03-31 17:00:00,16354,682123069.7226783
2015-03-31 17:30:00,19109,682123069.7226783
2015-03-31 18:00:00,22054,682123069.7226783
2015-03-31 18:30:00,22609,682123069.7226783
2015-03-31 19:00:00,23151,682123069.7226783
2015-03-31 19:30:00,23156,682123069.7226783
2015-03-31 20:00:00,24376,682123069.7226783
2015-03-31 20:30:00,22732,682123069.7226783
2015-03-31 21:00:00,22348,682123069.7226783
2015-03-31 21:30:00,22187,682123069.7226783
2015-03-31 22:00:00,21176,682123069.7226783
2015-03-31 22:30:00,19637,682123069.7226783
2015-03-31 23:00:00,17381,682123069.7226783
2015-03-31 23:30:00,14420,682123069.7226783
2015-04-01 00:00:00,11660,682123069.7226783
2015-04-01 00:30:00,8699,682123069.7226783
2015-04-01 01:00:00,6695,682123069.7226783
2015-04-01 01:30:00,5280,682123069.7226783
2015-04-01 02:00:00,4091,682123069.7226783
2015-04-01 02:30:00,3167,682123069.7226783
2015-04-01 03:00:00,2620,682123069.7226783
2015-04-01 03:30:00,2197,682123069.7226783
2015-04-01 04:00:00,2405,682123069.7226783
2015-04-01 04:30:00,2181,682123069.7226783
2015-04-01 05:00:00,2573,682123069.7226783
2015-04-01 05:30:00,4593,682123069.7226783
2015-04-01 06:00:00,7187,682123069.7226783
2015-04-01 06:30:00,12367,682123069.7226783
2015-04-01 07:00:00,15641,682123069.7226783
2015-04-01 07:30:00,19811,682123069.7226783
2015-04-01 08:00:00,20849,682123069.7226783
2015-04-01 08:30:00,20901,682123069.7226783
2015-04-01 09:00:00,19841,682123069.7226783
2015-04-01 09:30:00,18287,682123069.7226783
2015-04-01 10:00:00,16937,682123069.7226783
2015-04-01 10:30:00,17059,682123069.7226783
2015-04-01 11:00:00,16405,682123069.7226783
2015-04-01 11:30:00,17400,682123069.7226783
2015-04-01 12:00:00,18087,682123069.7226783
2015-04-01 12:30:00,17044,682123069.7226783
2015-04-01 13:00:00,16908,682123069.7226783
2015-04-01 13:30:00,17637,682123069.7226783
2015-04-01 14:00:00,18320,682123069.7226783
2015-04-01 14:30:00,18401,682123069.7226783
2015-04-01 15:00:00,18293,682123069.7226783
2015-04-01 15:30:00,16251,682123069.7226783
2015-04-01 16:00:00,14613,682123069.7226783
2015-04-01 16:30:00,13408,682123069.7226783
2015-04-01 17:00:00,15780,682123069.7226783
2015-04-01 17:30:00,19205,682123069.7226783
2015-04-01 18:00:00,21454,682123069.7226783
2015-04-01 18:30:00,22703,682123069.7226783
2015-04-01 19:00:00,23721,682123069.7226783
2015-04-01 19:30:00,23725,682123069.7226783
2015-04-01 20:00:00,23567,682123069.7226783
2015-04-01 20:30:00,23882,682123069.7226783
2015-04-01 21:00:00,23454,682123069.7226783
2015-04-01 21:30:00,23006,682123069.7226783
2015-04-01 22:00:00,22438,682123069.7226783
2015-04-01 22:30:00,21352,682123069.7226783
2015-04-01 23:00:00,19035,682123069.7226783
2015-04-01 23:30:00,16423,682123069.7226783
2015-04-02 00:00:00,13647,682123069.7226783
2015-04-02 00:30:00,10409,682123069.7226783
2015-04-02 01:00:00,7840,682123069.7226783
2015-04-02 01:30:00,5984,682123069.7226783
2015-04-02 02:00:00,5084,682123069.7226783
2015-04-02 02:30:00,3776,682123069.7226783
2015-04-02 03:00:00,2987,682123069.7226783
2015-04-02 03:30:00,2643,682123069.7226783
2015-04-02 04:00:00,2823,682123069.7226783
2015-04-02 04:30:00,2394,682123069.7226783
2015-04-02 05:00:00,2649,682123069.7226783
2015-04-02 05:30:00,4322,682123069.7226783
2015-04-02 06:00:00,6527,682123069.7226783
2015-04-02 06:30:00,11665,682123069.7226783
2015-04-02 07:00:00,15488,682123069.7226783
2015-04-02 07:30:00,19331,682123069.7226783
2015-04-02 08:00:00,20506,682123069.7226783
2015-04-02 08:30:00,20268,682123069.7226783
2015-04-02 09:00:00,18876,682123069.7226783
2015-04-02 09:30:00,18117,682123069.7226783
2015-04-02 10:00:00,17126,682123069.7226783
2015-04-02 10:30:00,16613,682123069.7226783
2015-04-02 11:00:00,16187,682123069.7226783
2015-04-02 11:30:00,18710,682123069.7226783
2015-04-02 12:00:00,18037,682123069.7226783
2015-04-02 12:30:00,17677,682123069.7226783
2015-04-02 13:00:00,17269,682123069.7226783
2015-04-02 13:30:00,17933,682123069.7226783
2015-04-02 14:00:00,18699,682123069.7226783
2015-04-02 14:30:00,19217,682123069.7226783
2015-04-02 15:00:00,18324,682123069.7226783
2015-04-02 15:30:00,16272,682123069.7226783
2015-04-02 16:00:00,14422,682123069.7226783
2015-04-02 16:30:00,13241,682123069.7226783
2015-04-02 17:00:00,15571,682123069.7226783
2015-04-02 17:30:00,18619,682123069.7226783
2015-04-02 18:00:00,21324,682123069.7226783
2015-04-02 18:30:00,22556,682123069.7226783
2015-04-02 19:00:00,22701,682123069.7226783
2015-04-02 19:30:00,23021,682123069.7226783
2015-04-02 20:00:00,23451,682123069.7226783
2015-04-02 20:30:00,22994,682123069.7226783
2015-04-02 21:00:00,22844,682123069.7226783
2015-04-02 21:30:00,23126,682123069.7226783
2015-04-02 22:00:00,22626,682123069.7226783
2015-04-02 22:30:00,22267,682123069.7226783
2015-04-02 23:00:00,21789,682123069.7226783
2015-04-02 23:30:00,20825,682123069.7226783
2015-04-03 00:00:00,18876,682123069.7226783
2015-04-03 00:30:00,17008,682123069.7226783
2015-04-03 01:00:00,14523,682123069.7226783
2015-04-03 01:30:00,11155,682123069.7226783
2015-04-03 02:00:00,9576,682123069.7226783
2015-04-03 02:30:00,7961,682123069.7226783
2015-04-03 03:00:00,6463,682123069.7226783
2015-04-03 03:30:00,5775,682123069.7226783
2015-04-03 04:00:00,5068,682123069.7226783
2015-04-03 04:30:00,3812,682123069.7226783
2015-04-03 05:00:00,3365,682123069.7226783
2015-04-03 05:30:00,4027,682123069.7226783
2015-04-03 06:00:00,5235,682123069.7226783
2015-04-03 06:30:00,7691,682123069.7226783
2015-04-03 07:00:00,8680,682123069.7226783
2015-04-03 07:30:00,11387,682123069.7226783
2015-04-03 08:00:00,12703,682123069.7226783
2015-04-03 08:30:00,15754,682123069.7226783
2015-04-03 09:00:00,17006,682123069.7226783
2015-04-03 09:30:00,17553,682123069.7226783
2015-04-03 10:00:00,18913,682123069.7226783
2015-04-03 10:30:00,18599,682123069.7226783
2015-04-03 11:00:00,18468,682123069.7226783
2015-04-03 11:30:00,19382,682123069.7226783
2015-04-03 12:00:00,20660,682123069.7226783
2015-04-03 12:30:00,19798,682123069.7226783
2015-04-03 13:00:00,19588,682123069.7226783
2015-04-03 13:30:00,19318,682123069.7226783
2015-04-03 14:00:00,19031,682123069.7226783
2015-04-03 14:30:00,19283,682123069.7226783
2015-04-03 15:00:00,18736,682123069.7226783
2015-04-03 15:30:00,17215,682123069.7226783
2015-04-03 16:00:00,15598,682123069.7226783
2015-04-03 16:30:00,14812,682123069.7226783
2015-04-03 17:00:00,17438,682123069.7226783
2015-04-03 17:30:00,20703,682123069.7226783
2015-04-03 18:00:00,22580,682123069.7226783
2015-04-03 18:30:00,22533,682123069.7226783
2015-04-03 19:00:00,22642,682123069.7226783
2015-04-03 19:30:00,21140,682123069.7226783
2015-04-03 20:00:00,20159,682123069.7226783
2015-04-03 20:30:00,19136,682123069.7226783
2015-04-03 21:00:00,19865,682123069.7226783
2015-04-03 21:30:00,20108,682123069.7226783
2015-04-03 22:00:00,21024,682123069.7226783
2015-04-03 22:30:00,23372,682123069.7226783
2015-04-03 23:00:00,22582,682123069.7226783
2015-04-03 23:30:00,21977,682123069.7226783
2015-04-04 00:00:00,20851,682123069.7226783
2015-04-04 00:30:00,19089,682123069.7226783
2015-04-04 01:00:00,17788,682123069.7226783
2015-04-04 01:30:00,16197,682123069.7226783
2015-04-04 02:00:00,15000,682123069.7226783
2015-04-04 02:30:00,12966,682123069.7226783
2015-04-04 03:00:00,11471,682123069.7226783
2015-04-04 03:30:00,10376,682123069.7226783
2015-04-04 04:00:00,9000,682123069.7226783
2015-04-04 04:30:00,5806,682123069.7226783
2015-04-04 05:00:00,3805,682123069.7226783
2015-04-04 05:30:00,3081,682123069.7226783
2015-04-04 06:00:00,3384,682123069.7226783
2015-04-04 06:30:00,4511,682123069.7226783
2015-04-04 07:00:00,4971,682123069.7226783
2015-04-04 07:30:00,6182,682123069.7226783
2015-04-04 08:00:00,6478,682123069.7226783
2015-04-04 08:30:00,8948,682123069.7226783
2015-04-04 09:00:00,10225,682123069.7226783
2015-04-04 09:30:00,13842,682123069.7226783
2015-04-04 10:00:00,14541,682123069.7226783
2015-04-04 10:30:00,16689,682123069.7226783
2015-04-04 11:00:00,17225,682123069.7226783
2015-04-04 11:30:00,18664,682123069.7226783
2015-04-04 12:00:00,19010,682123069.7226783
2015-04-04 12:30:00,20019,682123069.7226783
2015-04-04 13:00:00,19900,682123069.7226783
2015-04-04 13:30:00,19942,682123069.7226783
2015-04-04 14:00:00,19069,682123069.7226783
2015-04-04 14:30:00,19587,682123069.7226783
2015-04-04 15:00:00,19608,682123069.7226783
2015-04-04 15:30:00,19630,682123069.7226783
2015-04-04 16:00:00,18292,682123069.7226783
2015-04-04 16:30:00,17908,682123069.7226783
2015-04-04 17:00:00,19573,682123069.7226783
2015-04-04 17:30:00,22396,682123069.7226783
2015-04-04 18:00:00,23263,682123069.7226783
2015-04-04 18:30:00,22712,682123069.7226783
2015-04-04 19:00:00,23932,682123069.7226783
2015-04-04 19:30:00,22565,682123069.7226783
2015-04-04 20:00:00,20972,682123069.7226783
2015-04-04 20:30:00,21246,682123069.7226783
2015-04-04 21:00:00,20013,682123069.7226783
2015-04-04 21:30:00,21404,682123069.7226783
2015-04-04 22:00:00,22103,682123069.7226783
2015-04-04 22:30:00,22728,682123069.7226783
2015-04-04 23:00:00,24037,682123069.7226783
2015-04-04 23:30:00,24254,682123069.7226783
2015-04-05 00:00:00,21632,682123069.7226783
2015-04-05 00:30:00,18932,682123069.7226783
2015-04-05 01:00:00,18211,682123069.7226783
2015-04-05 01:30:00,16229,682123069.7226783
2015-04-05 02:00:00,15162,682123069.7226783
2015-04-05 02:30:00,13298,682123069.7226783
2015-04-05 03:00:00,11800,682123069.7226783
2015-04-05 03:30:00,10439,682123069.7226783
2015-04-05 04:00:00,9669,682123069.7226783
2015-04-05 04:30:00,5688,682123069.7226783
2015-04-05 05:00:00,3767,682123069.7226783
2015-04-05 05:30:00,3057,682123069.7226783
2015-04-05 06:00:00,3054,682123069.7226783
2015-04-05 06:30:00,3704,682123069.7226783
2015-04-05 07:00:00,3748,682123069.7226783
2015-04-05 07:30:00,5084,682123069.7226783
2015-04-05 08:00:00,6057,682123069.7226783
2015-04-05 08:30:00,8298,682123069.7226783
2015-04-05 09:00:00,9215,682123069.7226783
2015-04-05 09:30:00,12012,682123069.7226783
2015-04-05 10:00:00,13779,682123069.7226783
2015-04-05 10:30:00,16702,682123069.7226783
2015-04-05 11:00:00,16514,682123069.7226783
2015-04-05 11:30:00,17433,682123069.7226783
2015-04-05 12:00:00,17645,682123069.7226783
2015-04-05 12:30:00,18760,682123069.7226783
2015-04-05 13:00:00,18440,682123069.7226783
2015-04-05 13:30:00,19702,682123069.7226783
2015-04-05 14:00:00,19467,682123069.7226783
2015-04-05 14:30:00,17935,682123069.7226783
2015-04-05 15:00:00,18053,682123069.7226783
2015-04-05 15:30:00,17928,682123069.7226783
2015-04-05 16:00:00,16639,682123069.7226783
2015-04-05 16:30:00,16325,682123069.7226783
2015-04-05 17:00:00,16699,682123069.7226783
2015-04-05 17:30:00,17062,682123069.7226783
2015-04-05 18:00:00,17616,682123069.7226783
2015-04-05 18:30:00,17884,682123069.7226783
2015-04-05 19:00:00,16650,682123069.7226783
2015-04-05 19:30:00,16572,682123069.7226783
2015-04-05 20:00:00,16449,682123069.7226783
2015-04-05 20:30:00,15854,682123069.7226783
2015-04-05 21:00:00,16056,682123069.7226783
2015-04-05 21:30:00,15201,682123069.7226783
2015-04-05 22:00:00,14760,682123069.7226783
2015-04-05 22:30:00,13440,682123069.7226783
2015-04-05 23:00:00,11601,682123069.7226783
2015-04-05 23:30:00,10054,682123069.7226783
2015-04-06 00:00:00,7708,682123069.7226783
2015-04-06 00:30:00,6154,682123069.7226783
2015-04-06 01:00:00,4399,682123069.7226783
2015-04-06 01:30:00,3419,682123069.7226783
2015-04-06 02:00:00,2879,682123069.7226783
2015-04-06 02:30:00,2149,682123069.7226783
2015-04-06 03:00:00,1850,682123069.7226783
2015-04-06 03:30:00,1722,682123069.7226783
2015-04-06 04:00:00,2072,682123069.7226783
2015-04-06 04:30:00,1955,682123069.7226783
2015-04-06 05:00:00,2450,682123069.7226783
2015-04-06 05:30:00,4223,682123069.7226783
2015-04-06 06:00:00,5751,682123069.7226783
2015-04-06 06:30:00,10115,682123069.7226783
2015-04-06 07:00:00,12386,682123069.7226783
2015-04-06 07:30:00,15336,682123069.7226783
2015-04-06 08:00:00,15931,682123069.7226783
2015-04-06 08:30:00,17496,682123069.7226783
2015-04-06 09:00:00,16926,682123069.7226783
2015-04-06 09:30:00,16364,682123069.7226783
2015-04-06 10:00:00,14841,682123069.7226783
2015-04-06 10:30:00,15300,682123069.7226783
2015-04-06 11:00:00,14957,682123069.7226783
2015-04-06 11:30:00,15767,682123069.7226783
2015-04-06 12:00:00,15348,682123069.7226783
2015-04-06 12:30:00,15683,682123069.7226783
2015-04-06 13:00:00,15321,682123069.7226783
2015-04-06 13:30:00,16140,682123069.7226783
2015-04-06 14:00:00,16422,682123069.7226783
2015-04-06 14:30:00,16688,682123069.7226783
2015-04-06 15:00:00,16556,682123069.7226783
2015-04-06 15:30:00,16711,682123069.7226783
2015-04-06 16:00:00,15124,682123069.7226783
2015-04-06 16:30:00,14746,682123069.7226783
2015-04-06 17:00:00,16472,682123069.7226783
2015-04-06 17:30:00,17823,682123069.7226783
2015-04-06 18:00:00,19959,682123069.7226783
2015-04-06 18:30:00,20759,682123069.7226783
2015-04-06 19:00:00,20326,682123069.7226783
2015-04-06 19:30:00,20137,682123069.7226783
2015-04-06 20:00:00,20176,682123069.7226783
2015-04-06 20:30:00,19373,682123069.7226783
2015-04-06 21:00:00,19870,682123069.7226783
2015-04-06 21:30:00,17711,682123069.7226783
2015-04-06 22:00:00,17494,682123069.7226783
2015-04-06 22:30:00,14706,682123069.7226783
2015-04-06 23:00:00,13453,682123069.7226783
2015-04-06 23:30:00,15794,682123069.7226783
2015-04-07 00:00:00,10119,682123069.7226783
2015-04-07 00:30:00,7026,682123069.7226783
2015-04-07 01:00:00,5741,682123069.7226783
2015-04-07 01:30:00,4260,682123069.7226783
2015-04-07 02:00:00,3500,682123069.7226783
2015-04-07 02:30:00,2583,682123069.7226783
2015-04-07 03:00:00,2260,682123069.7226783
2015-04-07 03:30:00,1918,682123069.7226783
2015-04-07 04:00:00,2068,682123069.7226783
2015-04-07 04:30:00,1854,682123069.7226783
2015-04-07 05:00:00,2212,682123069.7226783
2015-04-07 05:30:00,3936,682123069.7226783
2015-04-07 06:00:00,5923,682123069.7226783
2015-04-07 06:30:00,10680,682123069.7226783
2015-04-07 07:00:00,13832,682123069.7226783
2015-04-07 07:30:00,17620,682123069.7226783
2015-04-07 08:00:00,18506,682123069.7226783
2015-04-07 08:30:00,18842,682123069.7226783
2015-04-07 09:00:00,18472,682123069.7226783
2015-04-07 09:30:00,17481,682123069.7226783
2015-04-07 10:00:00,15634,682123069.7226783
2015-04-07 10:30:00,16602,682123069.7226783
2015-04-07 11:00:00,15536,682123069.7226783
2015-04-07 11:30:00,16767,682123069.7226783
2015-04-07 12:00:00,17779,682123069.7226783
2015-04-07 12:30:00,17205,682123069.7226783
2015-04-07 13:00:00,16999,682123069.7226783
2015-04-07 13:30:00,18273,682123069.7226783
2015-04-07 14:00:00,18252,682123069.7226783
2015-04-07 14:30:00,18598,682123069.7226783
2015-04-07 15:00:00,18407,682123069.7226783
2015-04-07 15:30:00,17049,682123069.7226783
2015-04-07 16:00:00,15353,682123069.7226783
2015-04-07 16:30:00,14644,682123069.7226783
2015-04-07 17:00:00,17544,682123069.7226783
2015-04-07 17:30:00,20050,682123069.7226783
2015-04-07 18:00:00,22634,682123069.7226783
2015-04-07 18:30:00,24954,682123069.7226783
2015-04-07 19:00:00,27165,682123069.7226783
2015-04-07 19:30:00,24920,682123069.7226783
2015-04-07 20:00:00,23728,682123069.7226783
2015-04-07 20:30:00,21961,682123069.7226783
2015-04-07 21:00:00,22283,682123069.7226783
2015-04-07 21:30:00,21867,682123069.7226783
2015-04-07 22:00:00,21271,682123069.7226783
2015-04-07 22:30:00,20633,682123069.7226783
2015-04-07 23:00:00,17390,682123069.7226783
2015-04-07 23:30:00,13273,682123069.7226783
2015-04-08 00:00:00,10427,682123069.7226783
2015-04-08 00:30:00,8191,682123069.7226783
2015-04-08 01:00:00,6215,682123069.7226783
2015-04-08 01:30:00,4586,682123069.7226783
2015-04-08 02:00:00,3745,682123069.7226783
2015-04-08 02:30:00,3016,682123069.7226783
2015-04-08 03:00:00,2506,682123069.7226783
2015-04-08 03:30:00,2207,682123069.7226783
2015-04-08 04:00:00,2240,682123069.7226783
2015-04-08 04:30:00,1970,682123069.7226783
2015-04-08 05:00:00,2353,682123069.7226783
2015-04-08 05:30:00,4188,682123069.7226783
2015-04-08 06:00:00,6090,682123069.7226783
2015-04-08 06:30:00,11103,682123069.7226783
2015-04-08 07:00:00,13971,682123069.7226783
2015-04-08 07:30:00,17477,682123069.7226783
2015-04-08 08:00:00,18877,682123069.7226783
2015-04-08 08:30:00,20014,682123069.7226783
2015-04-08 09:00:00,19055,682123069.7226783
2015-04-08 09:30:00,18231,682123069.7226783
2015-04-08 10:00:00,17517,682123069.7226783
2015-04-08 10:30:00,17624,682123069.7226783
2015-04-08 11:00:00,16738,682123069.7226783
2015-04-08 11:30:00,18551,682123069.7226783
2015-04-08 12:00:00,18565,682123069.7226783
2015-04-08 12:30:00,18362,682123069.7226783
2015-04-08 13:00:00,17976,682123069.7226783
2015-04-08 13:30:00,18045,682123069.7226783
2015-04-08 14:00:00,18835,682123069.7226783
2015-04-08 14:30:00,18987,682123069.7226783
2015-04-08 15:00:00,18898,682123069.7226783
2015-04-08 15:30:00,17203,682123069.7226783
2015-04-08 16:00:00,15599,682123069.7226783
2015-04-08 16:30:00,15087,682123069.7226783
2015-04-08 17:00:00,16840,682123069.7226783
2015-04-08 17:30:00,19593,682123069.7226783
2015-04-08 18:00:00,21811,682123069.7226783
2015-04-08 18:30:00,22879,682123069.7226783
2015-04-08 19:00:00,24536,682123069.7226783
2015-04-08 19:30:00,23641,682123069.7226783
2015-04-08 20:00:00,24817,682123069.7226783
2015-04-08 20:30:00,24500,682123069.7226783
2015-04-08 21:00:00,24164,682123069.7226783
2015-04-08 21:30:00,24043,682123069.7226783
2015-04-08 22:00:00,23524,682123069.7226783
2015-04-08 22:30:00,22774,682123069.7226783
2015-04-08 23:00:00,20647,682123069.7226783
2015-04-08 23:30:00,17472,682123069.7226783
2015-04-09 00:00:00,13679,682123069.7226783
2015-04-09 00:30:00,10765,682123069.7226783
2015-04-09 01:00:00,7772,682123069.7226783
2015-04-09 01:30:00,5603,682123069.7226783
2015-04-09 02:00:00,4579,682123069.7226783
2015-04-09 02:30:00,3695,682123069.7226783
2015-04-09 03:00:00,2854,682123069.7226783
2015-04-09 03:30:00,2643,682123069.7226783
2015-04-09 04:00:00,2701,682123069.7226783
2015-04-09 04:30:00,2334,682123069.7226783
2015-04-09 05:00:00,2570,682123069.7226783
2015-04-09 05:30:00,4507,682123069.7226783
2015-04-09 06:00:00,6442,682123069.7226783
2015-04-09 06:30:00,11227,682123069.7226783
2015-04-09 07:00:00,14026,682123069.7226783
2015-04-09 07:30:00,17920,682123069.7226783
2015-04-09 08:00:00,19493,682123069.7226783
2015-04-09 08:30:00,20619,682123069.7226783
2015-04-09 09:00:00,20329,682123069.7226783
2015-04-09 09:30:00,19413,682123069.7226783
2015-04-09 10:00:00,17975,682123069.7226783
2015-04-09 10:30:00,18250,682123069.7226783
2015-04-09 11:00:00,17316,682123069.7226783
2015-04-09 11:30:00,18554,682123069.7226783
2015-04-09 12:00:00,19342,682123069.7226783
2015-04-09 12:30:00,19099,682123069.7226783
2015-04-09 13:00:00,18432,682123069.7226783
2015-04-09 13:30:00,19225,682123069.7226783
2015-04-09 14:00:00,19117,682123069.7226783
2015-04-09 14:30:00,19626,682123069.7226783
2015-04-09 15:00:00,19406,682123069.7226783
2015-04-09 15:30:00,17661,682123069.7226783
2015-04-09 16:00:00,15653,682123069.7226783
2015-04-09 16:30:00,14442,682123069.7226783
2015-04-09 17:00:00,17373,682123069.7226783
2015-04-09 17:30:00,20058,682123069.7226783
2015-04-09 18:00:00,22519,682123069.7226783
2015-04-09 18:30:00,24023,682123069.7226783
2015-04-09 19:00:00,24957,682123069.7226783
2015-04-09 19:30:00,24685,682123069.7226783
2015-04-09 20:00:00,24487,682123069.7226783
2015-04-09 20:30:00,24022,682123069.7226783
2015-04-09 21:00:00,24344,682123069.7226783
2015-04-09 21:30:00,24517,682123069.7226783
2015-04-09 22:00:00,23574,682123069.7226783
2015-04-09 22:30:00,22718,682123069.7226783
2015-04-09 23:00:00,21592,682123069.7226783
2015-04-09 23:30:00,20042,682123069.7226783
2015-04-10 00:00:00,17580,682123069.7226783
2015-04-10 00:30:00,13861,682123069.7226783
2015-04-10 01:00:00,11022,682123069.7226783
2015-04-10 01:30:00,8339,682123069.7226783
2015-04-10 02:00:00,6917,682123069.7226783
2015-04-10 02:30:00,5536,682123069.7226783
2015-04-10 03:00:00,4587,682123069.7226783
2015-04-10 03:30:00,3840,682123069.7226783
2015-04-10 04:00:00,3904,682123069.7226783
2015-04-10 04:30:00,3046,682123069.7226783
2015-04-10 05:00:00,2936,682123069.7226783
2015-04-10 05:30:00,4674,682123069.7226783
2015-04-10 06:00:00,7100,682123069.7226783
2015-04-10 06:30:00,11140,682123069.7226783
2015-04-10 07:00:00,13433,682123069.7226783
2015-04-10 07:30:00,17856,682123069.7226783
2015-04-10 08:00:00,18825,682123069.7226783
2015-04-10 08:30:00,20158,682123069.7226783
2015-04-10 09:00:00,19466,682123069.7226783
2015-04-10 09:30:00,18777,682123069.7226783
2015-04-10 10:00:00,18046,682123069.7226783
2015-04-10 10:30:00,16942,682123069.7226783
2015-04-10 11:00:00,17086,682123069.7226783
2015-04-10 11:30:00,17940,682123069.7226783
2015-04-10 12:00:00,18772,682123069.7226783
2015-04-10 12:30:00,17482,682123069.7226783
2015-04-10 13:00:00,16569,682123069.7226783
2015-04-10 13:30:00,18233,682123069.7226783
2015-04-10 14:00:00,19135,682123069.7226783
2015-04-10 14:30:00,19091,682123069.7226783
2015-04-10 15:00:00,18617,682123069.7226783
2015-04-10 15:30:00,17164,682123069.7226783
2015-04-10 16:00:00,16051,682123069.7226783
2015-04-10 16:30:00,15234,682123069.7226783
2015-04-10 17:00:00,17458,682123069.7226783
2015-04-10 17:30:00,20701,682123069.7226783
2015-04-10 18:00:00,22952,682123069.7226783
2015-04-10 18:30:00,24343,682123069.7226783
2015-04-10 19:00:00,25500,682123069.7226783
2015-04-10 19:30:00,24778,682123069.7226783
2015-04-10 20:00:00,23798,682123069.7226783
2015-04-10 20:30:00,23245,682123069.7226783
2015-04-10 21:00:00,23412,682123069.7226783
2015-04-10 21:30:00,23284,682123069.7226783
2015-04-10 22:00:00,24149,682123069.7226783
2015-04-10 22:30:00,24012,682123069.7226783
2015-04-10 23:00:00,24821,682123069.7226783
2015-04-10 23:30:00,24084,682123069.7226783
2015-04-11 00:00:00,23820,682123069.7226783
2015-04-11 00:30:00,22072,682123069.7226783
2015-04-11 01:00:00,20639,682123069.7226783
2015-04-11 01:30:00,18427,682123069.7226783
2015-04-11 02:00:00,17375,682123069.7226783
2015-04-11 02:30:00,15243,682123069.7226783
2015-04-11 03:00:00,12879,682123069.7226783
2015-04-11 03:30:00,11113,682123069.7226783
2015-04-11 04:00:00,9690,682123069.7226783
2015-04-11 04:30:00,5705,682123069.7226783
2015-04-11 05:00:00,3845,682123069.7226783
2015-04-11 05:30:00,3253,682123069.7226783
2015-04-11 06:00:00,3661,682123069.7226783
2015-04-11 06:30:00,4911,682123069.7226783
2015-04-11 07:00:00,5008,682123069.7226783
2015-04-11 07:30:00,6935,682123069.7226783
2015-04-11 08:00:00,8307,682123069.7226783
2015-04-11 08:30:00,11551,682123069.7226783
2015-04-11 09:00:00,12067,682123069.7226783
2015-04-11 09:30:00,15378,682123069.7226783
2015-04-11 10:00:00,15928,682123069.7226783
2015-04-11 10:30:00,17514,682123069.7226783
2015-04-11 11:00:00,18042,682123069.7226783
2015-04-11 11:30:00,19327,682123069.7226783
2015-04-11 12:00:00,20013,682123069.7226783
2015-04-11 12:30:00,20306,682123069.7226783
2015-04-11 13:00:00,20357,682123069.7226783
2015-04-11 13:30:00,20276,682123069.7226783
2015-04-11 14:00:00,19237,682123069.7226783
2015-04-11 14:30:00,19373,682123069.7226783
2015-04-11 15:00:00,18922,682123069.7226783
2015-04-11 15:30:00,18666,682123069.7226783
2015-04-11 16:00:00,17265,682123069.7226783
2015-04-11 16:30:00,16050,682123069.7226783
2015-04-11 17:00:00,17772,682123069.7226783
2015-04-11 17:30:00,20783,682123069.7226783
2015-04-11 18:00:00,22805,682123069.7226783
2015-04-11 18:30:00,24171,682123069.7226783
2015-04-11 19:00:00,24832,682123069.7226783
2015-04-11 19:30:00,24204,682123069.7226783
2015-04-11 20:00:00,24161,682123069.7226783
2015-04-11 20:30:00,23640,682123069.7226783
2015-04-11 21:00:00,23904,682123069.7226783
2015-04-11 21:30:00,24349,682123069.7226783
2015-04-11 22:00:00,25072,682123069.7226783
2015-04-11 22:30:00,25638,682123069.7226783
2015-04-11 23:00:00,26258,682123069.7226783
2015-04-11 23:30:00,26818,682123069.7226783
2015-04-12 00:00:00,25488,682123069.7226783
2015-04-12 00:30:00,24139,682123069.7226783
2015-04-12 01:00:00,22558,682123069.7226783
2015-04-12 01:30:00,21056,682123069.7226783
2015-04-12 02:00:00,19937,682123069.7226783
2015-04-12 02:30:00,17898,682123069.7226783
2015-04-12 03:00:00,15412,682123069.7226783
2015-04-12 03:30:00,13266,682123069.7226783
2015-04-12 04:00:00,11091,682123069.7226783
2015-04-12 04:30:00,6597,682123069.7226783
2015-04-12 05:00:00,3983,682123069.7226783
2015-04-12 05:30:00,3432,682123069.7226783
2015-04-12 06:00:00,3458,682123069.7226783
2015-04-12 06:30:00,4028,682123069.7226783
2015-04-12 07:00:00,4021,682123069.7226783
2015-04-12 07:30:00,5865,682123069.7226783
2015-04-12 08:00:00,6288,682123069.7226783
2015-04-12 08:30:00,8257,682123069.7226783
2015-04-12 09:00:00,9888,682123069.7226783
2015-04-12 09:30:00,12662,682123069.7226783
2015-04-12 10:00:00,13431,682123069.7226783
2015-04-12 10:30:00,16287,682123069.7226783
2015-04-12 11:00:00,16563,682123069.7226783
2015-04-12 11:30:00,18252,682123069.7226783
2015-04-12 12:00:00,18852,682123069.7226783
2015-04-12 12:30:00,19904,682123069.7226783
2015-04-12 13:00:00,18579,682123069.7226783
2015-04-12 13:30:00,18606,682123069.7226783
2015-04-12 14:00:00,18943,682123069.7226783
2015-04-12 14:30:00,18334,682123069.7226783
2015-04-12 15:00:00,17888,682123069.7226783
2015-04-12 15:30:00,18029,682123069.7226783
2015-04-12 16:00:00,17235,682123069.7226783
2015-04-12 16:30:00,16345,682123069.7226783
2015-04-12 17:00:00,17037,682123069.7226783
2015-04-12 17:30:00,17834,682123069.7226783
2015-04-12 18:00:00,18481,682123069.7226783
2015-04-12 18:30:00,18232,682123069.7226783
2015-04-12 19:00:00,18435,682123069.7226783
2015-04-12 19:30:00,16987,682123069.7226783
2015-04-12 20:00:00,17105,682123069.7226783
2015-04-12 20:30:00,16161,682123069.7226783
2015-04-12 21:00:00,14736,682123069.7226783
2015-04-12 21:30:00,13930,682123069.7226783
2015-04-12 22:00:00,13668,682123069.7226783
2015-04-12 22:30:00,12633,682123069.7226783
2015-04-12 23:00:00,11384,682123069.7226783
2015-04-12 23:30:00,9871,682123069.7226783
2015-04-13 00:00:00,8265,682123069.7226783
2015-04-13 00:30:00,6300,682123069.7226783
2015-04-13 01:00:00,4618,682123069.7226783
2015-04-13 01:30:00,3516,682123069.7226783
2015-04-13 02:00:00,2775,682123069.7226783
2015-04-13 02:30:00,2337,682123069.7226783
2015-04-13 03:00:00,1813,682123069.7226783
2015-04-13 03:30:00,1671,682123069.7226783
2015-04-13 04:00:00,2096,682123069.7226783
2015-04-13 04:30:00,1913,682123069.7226783
2015-04-13 05:00:00,2559,682123069.7226783
2015-04-13 05:30:00,4328,682123069.7226783
2015-04-13 06:00:00,6774,682123069.7226783
2015-04-13 06:30:00,11057,682123069.7226783
2015-04-13 07:00:00,13661,682123069.7226783
2015-04-13 07:30:00,17268,682123069.7226783
2015-04-13 08:00:00,17901,682123069.7226783
2015-04-13 08:30:00,17896,682123069.7226783
2015-04-13 09:00:00,16885,682123069.7226783
2015-04-13 09:30:00,15854,682123069.7226783
2015-04-13 10:00:00,14238,682123069.7226783
2015-04-13 10:30:00,14800,682123069.7226783
2015-04-13 11:00:00,14124,682123069.7226783
2015-04-13 11:30:00,14934,682123069.7226783
2015-04-13 12:00:00,14736,682123069.7226783
2015-04-13 12:30:00,14691,682123069.7226783
2015-04-13 13:00:00,13607,682123069.7226783
2015-04-13 13:30:00,15418,682123069.7226783
2015-04-13 14:00:00,15730,682123069.7226783
2015-04-13 14:30:00,16857,682123069.7226783
2015-04-13 15:00:00,16627,682123069.7226783
2015-04-13 15:30:00,16021,682123069.7226783
2015-04-13 16:00:00,14776,682123069.7226783
2015-04-13 16:30:00,14901,682123069.7226783
2015-04-13 17:00:00,16711,682123069.7226783
2015-04-13 17:30:00,18473,682123069.7226783
2015-04-13 18:00:00,20298,682123069.7226783
2015-04-13 18:30:00,21092,682123069.7226783
2015-04-13 19:00:00,20346,682123069.7226783
2015-04-13 19:30:00,19928,682123069.7226783
2015-04-13 20:00:00,20342,682123069.7226783
2015-04-13 20:30:00,18909,682123069.7226783
2015-04-13 21:00:00,19028,682123069.7226783
2015-04-13 21:30:00,18494,682123069.7226783
2015-04-13 22:00:00,16876,682123069.7226783
2015-04-13 22:30:00,14456,682123069.7226783
2015-04-13 23:00:00,12610,682123069.7226783
2015-04-13 23:30:00,10865,682123069.7226783
2015-04-14 00:00:00,8772,682123069.7226783
2015-04-14 00:30:00,6805,682123069.7226783
2015-04-14 01:00:00,5135,682123069.7226783
2015-04-14 01:30:00,3979,682123069.7226783
2015-04-14 02:00:00,3117,682123069.7226783
2015-04-14 02:30:00,2323,682123069.7226783
2015-04-14 03:00:00,1923,682123069.7226783
2015-04-14 03:30:00,1663,682123069.7226783
2015-04-14 04:00:00,1857,682123069.7226783
2015-04-14 04:30:00,1613,682123069.7226783
2015-04-14 05:00:00,2144,682123069.7226783
2015-04-14 05:30:00,3944,682123069.7226783
2015-04-14 06:00:00,6426,682123069.7226783
2015-04-14 06:30:00,11366,682123069.7226783
2015-04-14 07:00:00,14462,682123069.7226783
2015-04-14 07:30:00,19305,682123069.7226783
2015-04-14 08:00:00,20374,682123069.7226783
2015-04-14 08:30:00,19961,682123069.7226783
2015-04-14 09:00:00,17963,682123069.7226783
2015-04-14 09:30:00,17470,682123069.7226783
2015-04-14 10:00:00,15683,682123069.7226783
2015-04-14 10:30:00,16533,682123069.7226783
2015-04-14 11:00:00,14997,682123069.7226783
2015-04-14 11:30:00,16235,682123069.7226783
2015-04-14 12:00:00,16264,682123069.7226783
2015-04-14 12:30:00,15642,682123069.7226783
2015-04-14 13:00:00,15039,682123069.7226783
2015-04-14 13:30:00,16500,682123069.7226783
2015-04-14 14:00:00,17415,682123069.7226783
2015-04-14 14:30:00,17590,682123069.7226783
2015-04-14 15:00:00,17601,682123069.7226783
2015-04-14 15:30:00,15914,682123069.7226783
2015-04-14 16:00:00,15245,682123069.7226783
2015-04-14 16:30:00,14361,682123069.7226783
2015-04-14 17:00:00,17317,682123069.7226783
2015-04-14 17:30:00,19663,682123069.7226783
2015-04-14 18:00:00,22083,682123069.7226783
2015-04-14 18:30:00,22239,682123069.7226783
2015-04-14 19:00:00,22315,682123069.7226783
2015-04-14 19:30:00,21484,682123069.7226783
2015-04-14 20:00:00,21154,682123069.7226783
2015-04-14 20:30:00,21017,682123069.7226783
2015-04-14 21:00:00,21411,682123069.7226783
2015-04-14 21:30:00,20974,682123069.7226783
2015-04-14 22:00:00,19967,682123069.7226783
2015-04-14 22:30:00,17815,682123069.7226783
2015-04-14 23:00:00,16380,682123069.7226783
2015-04-14 23:30:00,13481,682123069.7226783
2015-04-15 00:00:00,10599,682123069.7226783
2015-04-15 00:30:00,8350,682123069.7226783
2015-04-15 01:00:00,7436,682123069.7226783
2015-04-15 01:30:00,5015,682123069.7226783
2015-04-15 02:00:00,4013,682123069.7226783
2015-04-15 02:30:00,3209,682123069.7226783
2015-04-15 03:00:00,2437,682123069.7226783
2015-04-15 03:30:00,2126,682123069.7226783
2015-04-15 04:00:00,2218,682123069.7226783
2015-04-15 04:30:00,2027,682123069.7226783
2015-04-15 05:00:00,2304,682123069.7226783
2015-04-15 05:30:00,4426,682123069.7226783
2015-04-15 06:00:00,6639,682123069.7226783
2015-04-15 06:30:00,11635,682123069.7226783
2015-04-15 07:00:00,14768,682123069.7226783
2015-04-15 07:30:00,18780,682123069.7226783
2015-04-15 08:00:00,19661,682123069.7226783
2015-04-15 08:30:00,19321,682123069.7226783
2015-04-15 09:00:00,18288,682123069.7226783
2015-04-15 09:30:00,17136,682123069.7226783
2015-04-15 10:00:00,16042,682123069.7226783
2015-04-15 10:30:00,16267,682123069.7226783
2015-04-15 11:00:00,15556,682123069.7226783
2015-04-15 11:30:00,16945,682123069.7226783
2015-04-15 12:00:00,17213,682123069.7226783
2015-04-15 12:30:00,16540,682123069.7226783
2015-04-15 13:00:00,16175,682123069.7226783
2015-04-15 13:30:00,16782,682123069.7226783
2015-04-15 14:00:00,16878,682123069.7226783
2015-04-15 14:30:00,17770,682123069.7226783
2015-04-15 15:00:00,17567,682123069.7226783
2015-04-15 15:30:00,15706,682123069.7226783
2015-04-15 16:00:00,14131,682123069.7226783
2015-04-15 16:30:00,13237,682123069.7226783
2015-04-15 17:00:00,15841,682123069.7226783
2015-04-15 17:30:00,18978,682123069.7226783
2015-04-15 18:00:00,20296,682123069.7226783
2015-04-15 18:30:00,21204,682123069.7226783
2015-04-15 19:00:00,22395,682123069.7226783
2015-04-15 19:30:00,22410,682123069.7226783
2015-04-15 20:00:00,22409,682123069.7226783
2015-04-15 20:30:00,22931,682123069.7226783
2015-04-15 21:00:00,22844,682123069.7226783
2015-04-15 21:30:00,23669,682123069.7226783
2015-04-15 22:00:00,22449,682123069.7226783
2015-04-15 22:30:00,21445,682123069.7226783
2015-04-15 23:00:00,19574,682123069.7226783
2015-04-15 23:30:00,16466,682123069.7226783
2015-04-16 00:00:00,13204,682123069.7226783
2015-04-16 00:30:00,10276,682123069.7226783
2015-04-16 01:00:00,7688,682123069.7226783
2015-04-16 01:30:00,5748,682123069.7226783
2015-04-16 02:00:00,4747,682123069.7226783
2015-04-16 02:30:00,3604,682123069.7226783
2015-04-16 03:00:00,2939,682123069.7226783
2015-04-16 03:30:00,2540,682123069.7226783
2015-04-16 04:00:00,2826,682123069.7226783
2015-04-16 04:30:00,2451,682123069.7226783
2015-04-16 05:00:00,2658,682123069.7226783
2015-04-16 05:30:00,4645,682123069.7226783
2015-04-16 06:00:00,6928,682123069.7226783
2015-04-16 06:30:00,12011,682123069.7226783
2015-04-16 07:00:00,15077,682123069.7226783
2015-04-16 07:30:00,18989,682123069.7226783
2015-04-16 08:00:00,20285,682123069.7226783
2015-04-16 08:30:00,19473,682123069.7226783
2015-04-16 09:00:00,18225,682123069.7226783
2015-04-16 09:30:00,17963,682123069.7226783
2015-04-16 10:00:00,16458,682123069.7226783
2015-04-16 10:30:00,16655,682123069.7226783
2015-04-16 11:00:00,16123,682123069.7226783
2015-04-16 11:30:00,17335,682123069.7226783
2015-04-16 12:00:00,17616,682123069.7226783
2015-04-16 12:30:00,17306,682123069.7226783
2015-04-16 13:00:00,16729,682123069.7226783
2015-04-16 13:30:00,17767,682123069.7226783
2015-04-16 14:00:00,18385,682123069.7226783
2015-04-16 14:30:00,18741,682123069.7226783
2015-04-16 15:00:00,17683,682123069.7226783
2015-04-16 15:30:00,16498,682123069.7226783
2015-04-16 16:00:00,14281,682123069.7226783
2015-04-16 16:30:00,13569,682123069.7226783
2015-04-16 17:00:00,16310,682123069.7226783
2015-04-16 17:30:00,19610,682123069.7226783
2015-04-16 18:00:00,22514,682123069.7226783
2015-04-16 18:30:00,23655,682123069.7226783
2015-04-16 19:00:00,24680,682123069.7226783
2015-04-16 19:30:00,24360,682123069.7226783
2015-04-16 20:00:00,24734,682123069.7226783
2015-04-16 20:30:00,23889,682123069.7226783
2015-04-16 21:00:00,23665,682123069.7226783
2015-04-16 21:30:00,24220,682123069.7226783
2015-04-16 22:00:00,23251,682123069.7226783
2015-04-16 22:30:00,22214,682123069.7226783
2015-04-16 23:00:00,20656,682123069.7226783
2015-04-16 23:30:00,19438,682123069.7226783
2015-04-17 00:00:00,17120,682123069.7226783
2015-04-17 00:30:00,13929,682123069.7226783
2015-04-17 01:00:00,10852,682123069.7226783
2015-04-17 01:30:00,8485,682123069.7226783
2015-04-17 02:00:00,7435,682123069.7226783
2015-04-17 02:30:00,5568,682123069.7226783
2015-04-17 03:00:00,4764,682123069.7226783
2015-04-17 03:30:00,4117,682123069.7226783
2015-04-17 04:00:00,3973,682123069.7226783
2015-04-17 04:30:00,3147,682123069.7226783
2015-04-17 05:00:00,3302,682123069.7226783
2015-04-17 05:30:00,5168,682123069.7226783
2015-04-17 06:00:00,7093,682123069.7226783
2015-04-17 06:30:00,11848,682123069.7226783
2015-04-17 07:00:00,14684,682123069.7226783
2015-04-17 07:30:00,18882,682123069.7226783
2015-04-17 08:00:00,19721,682123069.7226783
2015-04-17 08:30:00,20301,682123069.7226783
2015-04-17 09:00:00,19031,682123069.7226783
2015-04-17 09:30:00,19225,682123069.7226783
2015-04-17 10:00:00,18035,682123069.7226783
2015-04-17 10:30:00,16845,682123069.7226783
2015-04-17 11:00:00,16418,682123069.7226783
2015-04-17 11:30:00,18444,682123069.7226783
2015-04-17 12:00:00,18719,682123069.7226783
2015-04-17 12:30:00,17477,682123069.7226783
2015-04-17 13:00:00,17091,682123069.7226783
2015-04-17 13:30:00,17625,682123069.7226783
2015-04-17 14:00:00,18588,682123069.7226783
2015-04-17 14:30:00,19202,682123069.7226783
2015-04-17 15:00:00,18114,682123069.7226783
2015-04-17 15:30:00,16007,682123069.7226783
2015-04-17 16:00:00,14750,682123069.7226783
2015-04-17 16:30:00,13727,682123069.7226783
2015-04-17 17:00:00,16146,682123069.7226783
2015-04-17 17:30:00,19137,682123069.7226783
2015-04-17 18:00:00,21711,682123069.7226783
2015-04-17 18:30:00,23776,682123069.7226783
2015-04-17 19:00:00,25175,682123069.7226783
2015-04-17 19:30:00,25289,682123069.7226783
2015-04-17 20:00:00,24254,682123069.7226783
2015-04-17 20:30:00,23589,682123069.7226783
2015-04-17 21:00:00,23454,682123069.7226783
2015-04-17 21:30:00,23172,682123069.7226783
2015-04-17 22:00:00,23590,682123069.7226783
2015-04-17 22:30:00,24174,682123069.7226783
2015-04-17 23:00:00,24377,682123069.7226783
2015-04-17 23:30:00,24271,682123069.7226783
2015-04-18 00:00:00,23622,682123069.7226783
2015-04-18 00:30:00,22039,682123069.7226783
2015-04-18 01:00:00,20401,682123069.7226783
2015-04-18 01:30:00,18709,682123069.7226783
2015-04-18 02:00:00,16595,682123069.7226783
2015-04-18 02:30:00,14822,682123069.7226783
2015-04-18 03:00:00,12638,682123069.7226783
2015-04-18 03:30:00,10584,682123069.7226783
2015-04-18 04:00:00,9572,682123069.7226783
2015-04-18 04:30:00,5831,682123069.7226783
2015-04-18 05:00:00,3966,682123069.7226783
2015-04-18 05:30:00,3496,682123069.7226783
2015-04-18 06:00:00,3981,682123069.7226783
2015-04-18 06:30:00,5199,682123069.7226783
2015-04-18 07:00:00,5552,682123069.7226783
2015-04-18 07:30:00,8269,682123069.7226783
2015-04-18 08:00:00,9253,682123069.7226783
2015-04-18 08:30:00,12340,682123069.7226783
2015-04-18 09:00:00,13476,682123069.7226783
2015-04-18 09:30:00,16936,682123069.7226783
2015-04-18 10:00:00,16511,682123069.7226783
2015-04-18 10:30:00,18886,682123069.7226783
2015-04-18 11:00:00,19413,682123069.7226783
2015-04-18 11:30:00,20839,682123069.7226783
2015-04-18 12:00:00,21540,682123069.7226783
2015-04-18 12:30:00,22178,682123069.7226783
2015-04-18 13:00:00,22254,682123069.7226783
2015-04-18 13:30:00,22281,682123069.7226783
2015-04-18 14:00:00,21898,682123069.7226783
2015-04-18 14:30:00,22149,682123069.7226783
2015-04-18 15:00:00,21749,682123069.7226783
2015-04-18 15:30:00,21077,682123069.7226783
2015-04-18 16:00:00,19193,682123069.7226783
2015-04-18 16:30:00,17376,682123069.7226783
2015-04-18 17:00:00,19630,682123069.7226783
2015-04-18 17:30:00,22654,682123069.7226783
2015-04-18 18:00:00,24451,682123069.7226783
2015-04-18 18:30:00,25687,682123069.7226783
2015-04-18 19:00:00,26314,682123069.7226783
2015-04-18 19:30:00,25748,682123069.7226783
2015-04-18 20:00:00,24895,682123069.7226783
2015-04-18 20:30:00,24269,682123069.7226783
2015-04-18 21:00:00,23651,682123069.7226783
2015-04-18 21:30:00,24402,682123069.7226783
2015-04-18 22:00:00,25240,682123069.7226783
2015-04-18 22:30:00,25479,682123069.7226783
2015-04-18 23:00:00,26472,682123069.7226783
2015-04-18 23:30:00,25434,682123069.7226783
2015-04-19 00:00:00,24583,682123069.7226783
2015-04-19 00:30:00,22971,682123069.7226783
2015-04-19 01:00:00,21737,682123069.7226783
2015-04-19 01:30:00,20773,682123069.7226783
2015-04-19 02:00:00,20014,682123069.7226783
2015-04-19 02:30:00,17796,682123069.7226783
2015-04-19 03:00:00,15186,682123069.7226783
2015-04-19 03:30:00,13306,682123069.7226783
2015-04-19 04:00:00,11509,682123069.7226783
2015-04-19 04:30:00,6803,682123069.7226783
2015-04-19 05:00:00,4659,682123069.7226783
2015-04-19 05:30:00,3600,682123069.7226783
2015-04-19 06:00:00,3693,682123069.7226783
2015-04-19 06:30:00,4615,682123069.7226783
2015-04-19 07:00:00,5309,682123069.7226783
2015-04-19 07:30:00,6443,682123069.7226783
2015-04-19 08:00:00,7020,682123069.7226783
2015-04-19 08:30:00,9780,682123069.7226783
2015-04-19 09:00:00,11245,682123069.7226783
2015-04-19 09:30:00,14131,682123069.7226783
2015-04-19 10:00:00,15336,682123069.7226783
2015-04-19 10:30:00,18483,682123069.7226783
2015-04-19 11:00:00,19007,682123069.7226783
2015-04-19 11:30:00,20256,682123069.7226783
2015-04-19 12:00:00,20666,682123069.7226783
2015-04-19 12:30:00,20935,682123069.7226783
2015-04-19 13:00:00,20422,682123069.7226783
2015-04-19 13:30:00,20498,682123069.7226783
2015-04-19 14:00:00,21199,682123069.7226783
2015-04-19 14:30:00,20416,682123069.7226783
2015-04-19 15:00:00,20211,682123069.7226783
2015-04-19 15:30:00,19965,682123069.7226783
2015-04-19 16:00:00,19150,682123069.7226783
2015-04-19 16:30:00,18664,682123069.7226783
2015-04-19 17:00:00,19195,682123069.7226783
2015-04-19 17:30:00,20236,682123069.7226783
2015-04-19 18:00:00,21035,682123069.7226783
2015-04-19 18:30:00,20455,682123069.7226783
2015-04-19 19:00:00,20235,682123069.7226783
2015-04-19 19:30:00,18614,682123069.7226783
2015-04-19 20:00:00,19364,682123069.7226783
2015-04-19 20:30:00,18337,682123069.7226783
2015-04-19 21:00:00,17630,682123069.7226783
2015-04-19 21:30:00,16815,682123069.7226783
2015-04-19 22:00:00,15953,682123069.7226783
2015-04-19 22:30:00,14644,682123069.7226783
2015-04-19 23:00:00,12584,682123069.7226783
2015-04-19 23:30:00,10856,682123069.7226783
2015-04-20 00:00:00,8144,682123069.7226783
2015-04-20 00:30:00,6413,682123069.7226783
2015-04-20 01:00:00,4448,682123069.7226783
2015-04-20 01:30:00,3749,682123069.7226783
2015-04-20 02:00:00,3016,682123069.7226783
2015-04-20 02:30:00,2405,682123069.7226783
2015-04-20 03:00:00,1833,682123069.7226783
2015-04-20 03:30:00,1629,682123069.7226783
2015-04-20 04:00:00,2008,682123069.7226783
2015-04-20 04:30:00,2091,682123069.7226783
2015-04-20 05:00:00,2542,682123069.7226783
2015-04-20 05:30:00,4704,682123069.7226783
2015-04-20 06:00:00,6976,682123069.7226783
2015-04-20 06:30:00,12281,682123069.7226783
2015-04-20 07:00:00,15397,682123069.7226783
2015-04-20 07:30:00,18252,682123069.7226783
2015-04-20 08:00:00,19267,682123069.7226783
2015-04-20 08:30:00,19071,682123069.7226783
2015-04-20 09:00:00,19623,682123069.7226783
2015-04-20 09:30:00,19032,682123069.7226783
2015-04-20 10:00:00,18335,682123069.7226783
2015-04-20 10:30:00,17371,682123069.7226783
2015-04-20 11:00:00,16295,682123069.7226783
2015-04-20 11:30:00,16498,682123069.7226783
2015-04-20 12:00:00,17345,682123069.7226783
2015-04-20 12:30:00,16270,682123069.7226783
2015-04-20 13:00:00,15225,682123069.7226783
2015-04-20 13:30:00,15354,682123069.7226783
2015-04-20 14:00:00,15564,682123069.7226783
2015-04-20 14:30:00,17115,682123069.7226783
2015-04-20 15:00:00,17013,682123069.7226783
2015-04-20 15:30:00,15576,682123069.7226783
2015-04-20 16:00:00,14512,682123069.7226783
2015-04-20 16:30:00,14722,682123069.7226783
2015-04-20 17:00:00,16880,682123069.7226783
2015-04-20 17:30:00,18636,682123069.7226783
2015-04-20 18:00:00,21691,682123069.7226783
2015-04-20 18:30:00,21870,682123069.7226783
2015-04-20 19:00:00,21205,682123069.7226783
2015-04-20 19:30:00,19737,682123069.7226783
2015-04-20 20:00:00,19774,682123069.7226783
2015-04-20 20:30:00,18985,682123069.7226783
2015-04-20 21:00:00,18747,682123069.7226783
2015-04-20 21:30:00,18228,682123069.7226783
2015-04-20 22:00:00,17169,682123069.7226783
2015-04-20 22:30:00,15100,682123069.7226783
2015-04-20 23:00:00,13601,682123069.7226783
2015-04-20 23:30:00,11191,682123069.7226783
2015-04-21 00:00:00,9381,682123069.7226783
2015-04-21 00:30:00,7774,682123069.7226783
2015-04-21 01:00:00,5573,682123069.7226783
2015-04-21 01:30:00,4469,682123069.7226783
2015-04-21 02:00:00,4414,682123069.7226783
2015-04-21 02:30:00,3155,682123069.7226783
2015-04-21 03:00:00,2382,682123069.7226783
2015-04-21 03:30:00,2034,682123069.7226783
2015-04-21 04:00:00,1975,682123069.7226783
2015-04-21 04:30:00,1866,682123069.7226783
2015-04-21 05:00:00,2441,682123069.7226783
2015-04-21 05:30:00,4499,682123069.7226783
2015-04-21 06:00:00,6998,682123069.7226783
2015-04-21 06:30:00,12097,682123069.7226783
2015-04-21 07:00:00,15161,682123069.7226783
2015-04-21 07:30:00,18951,682123069.7226783
2015-04-21 08:00:00,20039,682123069.7226783
2015-04-21 08:30:00,20849,682123069.7226783
2015-04-21 09:00:00,20589,682123069.7226783
2015-04-21 09:30:00,17815,682123069.7226783
2015-04-21 10:00:00,16461,682123069.7226783
2015-04-21 10:30:00,16045,682123069.7226783
2015-04-21 11:00:00,15864,682123069.7226783
2015-04-21 11:30:00,16969,682123069.7226783
2015-04-21 12:00:00,17072,682123069.7226783
2015-04-21 12:30:00,16859,682123069.7226783
2015-04-21 13:00:00,15912,682123069.7226783
2015-04-21 13:30:00,16847,682123069.7226783
2015-04-21 14:00:00,17586,682123069.7226783
2015-04-21 14:30:00,17882,682123069.7226783
2015-04-21 15:00:00,17130,682123069.7226783
2015-04-21 15:30:00,16408,682123069.7226783
2015-04-21 16:00:00,14827,682123069.7226783
2015-04-21 16:30:00,14118,682123069.7226783
2015-04-21 17:00:00,16388,682123069.7226783
2015-04-21 17:30:00,19040,682123069.7226783
2015-04-21 18:00:00,21740,682123069.7226783
2015-04-21 18:30:00,22579,682123069.7226783
2015-04-21 19:00:00,22560,682123069.7226783
2015-04-21 19:30:00,22439,682123069.7226783
2015-04-21 20:00:00,22678,682123069.7226783
2015-04-21 20:30:00,22224,682123069.7226783
2015-04-21 21:00:00,22887,682123069.7226783
2015-04-21 21:30:00,21974,682123069.7226783
2015-04-21 22:00:00,21441,682123069.7226783
2015-04-21 22:30:00,20409,682123069.7226783
2015-04-21 23:00:00,17727,682123069.7226783
2015-04-21 23:30:00,14446,682123069.7226783
2015-04-22 00:00:00,11786,682123069.7226783
2015-04-22 00:30:00,8920,682123069.7226783
2015-04-22 01:00:00,6763,682123069.7226783
2015-04-22 01:30:00,5189,682123069.7226783
2015-04-22 02:00:00,3999,682123069.7226783
2015-04-22 02:30:00,3412,682123069.7226783
2015-04-22 03:00:00,2574,682123069.7226783
2015-04-22 03:30:00,2137,682123069.7226783
2015-04-22 04:00:00,2375,682123069.7226783
2015-04-22 04:30:00,2045,682123069.7226783
2015-04-22 05:00:00,2402,682123069.7226783
2015-04-22 05:30:00,4392,682123069.7226783
2015-04-22 06:00:00,6688,682123069.7226783
2015-04-22 06:30:00,11912,682123069.7226783
2015-04-22 07:00:00,14642,682123069.7226783
2015-04-22 07:30:00,18825,682123069.7226783
2015-04-22 08:00:00,19869,682123069.7226783
2015-04-22 08:30:00,19555,682123069.7226783
2015-04-22 09:00:00,17977,682123069.7226783
2015-04-22 09:30:00,17453,682123069.7226783
2015-04-22 10:00:00,15803,682123069.7226783
2015-04-22 10:30:00,16326,682123069.7226783
2015-04-22 11:00:00,15657,682123069.7226783
2015-04-22 11:30:00,17297,682123069.7226783
2015-04-22 12:00:00,16836,682123069.7226783
2015-04-22 12:30:00,16568,682123069.7226783
2015-04-22 13:00:00,16172,682123069.7226783
2015-04-22 13:30:00,16988,682123069.7226783
2015-04-22 14:00:00,17475,682123069.7226783
2015-04-22 14:30:00,18366,682123069.7226783
2015-04-22 15:00:00,20078,682123069.7226783
2015-04-22 15:30:00,17435,682123069.7226783
2015-04-22 16:00:00,14296,682123069.7226783
2015-04-22 16:30:00,12695,682123069.7226783
2015-04-22 17:00:00,15258,682123069.7226783
2015-04-22 17:30:00,19562,682123069.7226783
2015-04-22 18:00:00,20985,682123069.7226783
2015-04-22 18:30:00,22859,682123069.7226783
2015-04-22 19:00:00,21907,682123069.7226783
2015-04-22 19:30:00,22008,682123069.7226783
2015-04-22 20:00:00,21994,682123069.7226783
2015-04-22 20:30:00,22961,682123069.7226783
2015-04-22 21:00:00,22638,682123069.7226783
2015-04-22 21:30:00,23143,682123069.7226783
2015-04-22 22:00:00,22911,682123069.7226783
2015-04-22 22:30:00,21141,682123069.7226783
2015-04-22 23:00:00,19106,682123069.7226783
2015-04-22 23:30:00,16322,682123069.7226783
2015-04-23 00:00:00,12947,682123069.7226783
2015-04-23 00:30:00,9716,682123069.7226783
2015-04-23 01:00:00,7494,682123069.7226783
2015-04-23 01:30:00,5953,682123069.7226783
2015-04-23 02:00:00,4480,682123069.7226783
2015-04-23 02:30:00,3571,682123069.7226783
2015-04-23 03:00:00,2736,682123069.7226783
2015-04-23 03:30:00,2408,682123069.7226783
2015-04-23 04:00:00,2624,682123069.7226783
2015-04-23 04:30:00,2450,682123069.7226783
2015-04-23 05:00:00,2415,682123069.7226783
2015-04-23 05:30:00,4577,682123069.7226783
2015-04-23 06:00:00,7298,682123069.7226783
2015-04-23 06:30:00,12648,682123069.7226783
2015-04-23 07:00:00,15735,682123069.7226783
2015-04-23 07:30:00,19944,682123069.7226783
2015-04-23 08:00:00,20944,682123069.7226783
2015-04-23 08:30:00,20302,682123069.7226783
2015-04-23 09:00:00,19206,682123069.7226783
2015-04-23 09:30:00,18447,682123069.7226783
2015-04-23 10:00:00,17255,682123069.7226783
2015-04-23 10:30:00,17223,682123069.7226783
2015-04-23 11:00:00,17255,682123069.7226783
2015-04-23 11:30:00,18379,682123069.7226783
2015-04-23 12:00:00,19242,682123069.7226783
2015-04-23 12:30:00,18123,682123069.7226783
2015-04-23 13:00:00,18027,682123069.7226783
2015-04-23 13:30:00,18225,682123069.7226783
2015-04-23 14:00:00,19122,682123069.7226783
2015-04-23 14:30:00,19070,682123069.7226783
2015-04-23 15:00:00,18771,682123069.7226783
2015-04-23 15:30:00,16713,682123069.7226783
2015-04-23 16:00:00,14664,682123069.7226783
2015-04-23 16:30:00,13546,682123069.7226783
2015-04-23 17:00:00,16455,682123069.7226783
2015-04-23 17:30:00,19747,682123069.7226783
2015-04-23 18:00:00,22339,682123069.7226783
2015-04-23 18:30:00,23854,682123069.7226783
2015-04-23 19:00:00,25342,682123069.7226783
2015-04-23 19:30:00,24900,682123069.7226783
2015-04-23 20:00:00,24907,682123069.7226783
2015-04-23 20:30:00,24953,682123069.7226783
2015-04-23 21:00:00,25292,682123069.7226783
2015-04-23 21:30:00,24977,682123069.7226783
2015-04-23 22:00:00,24718,682123069.7226783
2015-04-23 22:30:00,23331,682123069.7226783
2015-04-23 23:00:00,22743,682123069.7226783
2015-04-23 23:30:00,20516,682123069.7226783
2015-04-24 00:00:00,17308,682123069.7226783
2015-04-24 00:30:00,14275,682123069.7226783
2015-04-24 01:00:00,11055,682123069.7226783
2015-04-24 01:30:00,8740,682123069.7226783
2015-04-24 02:00:00,7232,682123069.7226783
2015-04-24 02:30:00,5894,682123069.7226783
2015-04-24 03:00:00,4841,682123069.7226783
2015-04-24 03:30:00,3980,682123069.7226783
2015-04-24 04:00:00,3942,682123069.7226783
2015-04-24 04:30:00,3146,682123069.7226783
2015-04-24 05:00:00,2893,682123069.7226783
2015-04-24 05:30:00,4899,682123069.7226783
2015-04-24 06:00:00,7167,682123069.7226783
2015-04-24 06:30:00,12091,682123069.7226783
2015-04-24 07:00:00,14993,682123069.7226783
2015-04-24 07:30:00,19089,682123069.7226783
2015-04-24 08:00:00,20188,682123069.7226783
2015-04-24 08:30:00,19912,682123069.7226783
2015-04-24 09:00:00,18860,682123069.7226783
2015-04-24 09:30:00,18623,682123069.7226783
2015-04-24 10:00:00,17711,682123069.7226783
2015-04-24 10:30:00,17756,682123069.7226783
2015-04-24 11:00:00,17559,682123069.7226783
2015-04-24 11:30:00,18688,682123069.7226783
2015-04-24 12:00:00,18741,682123069.7226783
2015-04-24 12:30:00,17935,682123069.7226783
2015-04-24 13:00:00,17249,682123069.7226783
2015-04-24 13:30:00,17372,682123069.7226783
2015-04-24 14:00:00,18635,682123069.7226783
2015-04-24 14:30:00,18696,682123069.7226783
2015-04-24 15:00:00,17590,682123069.7226783
2015-04-24 15:30:00,15833,682123069.7226783
2015-04-24 16:00:00,14020,682123069.7226783
2015-04-24 16:30:00,13355,682123069.7226783
2015-04-24 17:00:00,15926,682123069.7226783
2015-04-24 17:30:00,18465,682123069.7226783
2015-04-24 18:00:00,20791,682123069.7226783
2015-04-24 18:30:00,22639,682123069.7226783
2015-04-24 19:00:00,24233,682123069.7226783
2015-04-24 19:30:00,24838,682123069.7226783
2015-04-24 20:00:00,25180,682123069.7226783
2015-04-24 20:30:00,25690,682123069.7226783
2015-04-24 21:00:00,24963,682123069.7226783
2015-04-24 21:30:00,25265,682123069.7226783
2015-04-24 22:00:00,26186,682123069.7226783
2015-04-24 22:30:00,26235,682123069.7226783
2015-04-24 23:00:00,26274,682123069.7226783
2015-04-24 23:30:00,24688,682123069.7226783
2015-04-25 00:00:00,23641,682123069.7226783
2015-04-25 00:30:00,22126,682123069.7226783
2015-04-25 01:00:00,20300,682123069.7226783
2015-04-25 01:30:00,17591,682123069.7226783
2015-04-25 02:00:00,16639,682123069.7226783
2015-04-25 02:30:00,14412,682123069.7226783
2015-04-25 03:00:00,12631,682123069.7226783
2015-04-25 03:30:00,11073,682123069.7226783
2015-04-25 04:00:00,9690,682123069.7226783
2015-04-25 04:30:00,5662,682123069.7226783
2015-04-25 05:00:00,4030,682123069.7226783
2015-04-25 05:30:00,3637,682123069.7226783
2015-04-25 06:00:00,3820,682123069.7226783
2015-04-25 06:30:00,5006,682123069.7226783
2015-04-25 07:00:00,5544,682123069.7226783
2015-04-25 07:30:00,7874,682123069.7226783
2015-04-25 08:00:00,9229,682123069.7226783
2015-04-25 08:30:00,12817,682123069.7226783
2015-04-25 09:00:00,13860,682123069.7226783
2015-04-25 09:30:00,16903,682123069.7226783
2015-04-25 10:00:00,16866,682123069.7226783
2015-04-25 10:30:00,18792,682123069.7226783
2015-04-25 11:00:00,19371,682123069.7226783
2015-04-25 11:30:00,20827,682123069.7226783
2015-04-25 12:00:00,21076,682123069.7226783
2015-04-25 12:30:00,20693,682123069.7226783
2015-04-25 13:00:00,20940,682123069.7226783
2015-04-25 13:30:00,20100,682123069.7226783
2015-04-25 14:00:00,19897,682123069.7226783
2015-04-25 14:30:00,19738,682123069.7226783
2015-04-25 15:00:00,19663,682123069.7226783
2015-04-25 15:30:00,19395,682123069.7226783
2015-04-25 16:00:00,17749,682123069.7226783
2015-04-25 16:30:00,16568,682123069.7226783
2015-04-25 17:00:00,18012,682123069.7226783
2015-04-25 17:30:00,21617,682123069.7226783
2015-04-25 18:00:00,23373,682123069.7226783
2015-04-25 18:30:00,25065,682123069.7226783
2015-04-25 19:00:00,26130,682123069.7226783
2015-04-25 19:30:00,25776,682123069.7226783
2015-04-25 20:00:00,24539,682123069.7226783
2015-04-25 20:30:00,24826,682123069.7226783
2015-04-25 21:00:00,23824,682123069.7226783
2015-04-25 21:30:00,23978,682123069.7226783
2015-04-25 22:00:00,24655,682123069.7226783
2015-04-25 22:30:00,25633,682123069.7226783
2015-04-25 23:00:00,25996,682123069.7226783
2015-04-25 23:30:00,25324,682123069.7226783
2015-04-26 00:00:00,24315,682123069.7226783
2015-04-26 00:30:00,23348,682123069.7226783
2015-04-26 01:00:00,21819,682123069.7226783
2015-04-26 01:30:00,20681,682123069.7226783
2015-04-26 02:00:00,19845,682123069.7226783
2015-04-26 02:30:00,17655,682123069.7226783
2015-04-26 03:00:00,15160,682123069.7226783
2015-04-26 03:30:00,13257,682123069.7226783
2015-04-26 04:00:00,11470,682123069.7226783
2015-04-26 04:30:00,6551,682123069.7226783
2015-04-26 05:00:00,4192,682123069.7226783
2015-04-26 05:30:00,3821,682123069.7226783
2015-04-26 06:00:00,3472,682123069.7226783
2015-04-26 06:30:00,4271,682123069.7226783
2015-04-26 07:00:00,4634,682123069.7226783
2015-04-26 07:30:00,6614,682123069.7226783
2015-04-26 08:00:00,7141,682123069.7226783
2015-04-26 08:30:00,8872,682123069.7226783
2015-04-26 09:00:00,10682,682123069.7226783
2015-04-26 09:30:00,13571,682123069.7226783
2015-04-26 10:00:00,14399,682123069.7226783
2015-04-26 10:30:00,16898,682123069.7226783
2015-04-26 11:00:00,17367,682123069.7226783
2015-04-26 11:30:00,18878,682123069.7226783
2015-04-26 12:00:00,19397,682123069.7226783
2015-04-26 12:30:00,19873,682123069.7226783
2015-04-26 13:00:00,19403,682123069.7226783
2015-04-26 13:30:00,19657,682123069.7226783
2015-04-26 14:00:00,19902,682123069.7226783
2015-04-26 14:30:00,19424,682123069.7226783
2015-04-26 15:00:00,18861,682123069.7226783
2015-04-26 15:30:00,18368,682123069.7226783
2015-04-26 16:00:00,17582,682123069.7226783
2015-04-26 16:30:00,16758,682123069.7226783
2015-04-26 17:00:00,18178,682123069.7226783
2015-04-26 17:30:00,19670,682123069.7226783
2015-04-26 18:00:00,19039,682123069.7226783
2015-04-26 18:30:00,18869,682123069.7226783
2015-04-26 19:00:00,18361,682123069.7226783
2015-04-26 19:30:00,17027,682123069.7226783
2015-04-26 20:00:00,17317,682123069.7226783
2015-04-26 20:30:00,16891,682123069.7226783
2015-04-26 21:00:00,15973,682123069.7226783
2015-04-26 21:30:00,15542,682123069.7226783
2015-04-26 22:00:00,14318,682123069.7226783
2015-04-26 22:30:00,13724,682123069.7226783
2015-04-26 23:00:00,12198,682123069.7226783
2015-04-26 23:30:00,10066,682123069.7226783
2015-04-27 00:00:00,7800,682123069.7226783
2015-04-27 00:30:00,5890,682123069.7226783
2015-04-27 01:00:00,4523,682123069.7226783
2015-04-27 01:30:00,3403,682123069.7226783
2015-04-27 02:00:00,2802,682123069.7226783
2015-04-27 02:30:00,2256,682123069.7226783
2015-04-27 03:00:00,1911,682123069.7226783
2015-04-27 03:30:00,1939,682123069.7226783
2015-04-27 04:00:00,2115,682123069.7226783
2015-04-27 04:30:00,2091,682123069.7226783
2015-04-27 05:00:00,2715,682123069.7226783
2015-04-27 05:30:00,4537,682123069.7226783
2015-04-27 06:00:00,6634,682123069.7226783
2015-04-27 06:30:00,11208,682123069.7226783
2015-04-27 07:00:00,14053,682123069.7226783
2015-04-27 07:30:00,17719,682123069.7226783
2015-04-27 08:00:00,18480,682123069.7226783
2015-04-27 08:30:00,18827,682123069.7226783
2015-04-27 09:00:00,17707,682123069.7226783
2015-04-27 09:30:00,16491,682123069.7226783
2015-04-27 10:00:00,15354,682123069.7226783
2015-04-27 10:30:00,14736,682123069.7226783
2015-04-27 11:00:00,14206,682123069.7226783
2015-04-27 11:30:00,15351,682123069.7226783
2015-04-27 12:00:00,15774,682123069.7226783
2015-04-27 12:30:00,14906,682123069.7226783
2015-04-27 13:00:00,14759,682123069.7226783
2015-04-27 13:30:00,16158,682123069.7226783
2015-04-27 14:00:00,16449,682123069.7226783
2015-04-27 14:30:00,17378,682123069.7226783
2015-04-27 15:00:00,17497,682123069.7226783
2015-04-27 15:30:00,15899,682123069.7226783
2015-04-27 16:00:00,15364,682123069.7226783
2015-04-27 16:30:00,15083,682123069.7226783
2015-04-27 17:00:00,17089,682123069.7226783
2015-04-27 17:30:00,18964,682123069.7226783
2015-04-27 18:00:00,20947,682123069.7226783
2015-04-27 18:30:00,21459,682123069.7226783
2015-04-27 19:00:00,22097,682123069.7226783
2015-04-27 19:30:00,20280,682123069.7226783
2015-04-27 20:00:00,20230,682123069.7226783
2015-04-27 20:30:00,19989,682123069.7226783
2015-04-27 21:00:00,20037,682123069.7226783
2015-04-27 21:30:00,20169,682123069.7226783
2015-04-27 22:00:00,18890,682123069.7226783
2015-04-27 22:30:00,16443,682123069.7226783
2015-04-27 23:00:00,13660,682123069.7226783
2015-04-27 23:30:00,11321,682123069.7226783
2015-04-28 00:00:00,8920,682123069.7226783
2015-04-28 00:30:00,6768,682123069.7226783
2015-04-28 01:00:00,5299,682123069.7226783
2015-04-28 01:30:00,3964,682123069.7226783
2015-04-28 02:00:00,3351,682123069.7226783
2015-04-28 02:30:00,2558,682123069.7226783
2015-04-28 03:00:00,1980,682123069.7226783
2015-04-28 03:30:00,1652,682123069.7226783
2015-04-28 04:00:00,1750,682123069.7226783
2015-04-28 04:30:00,1750,682123069.7226783
2015-04-28 05:00:00,2067,682123069.7226783
2015-04-28 05:30:00,4378,682123069.7226783
2015-04-28 06:00:00,6327,682123069.7226783
2015-04-28 06:30:00,11195,682123069.7226783
2015-04-28 07:00:00,14099,682123069.7226783
2015-04-28 07:30:00,18272,682123069.7226783
2015-04-28 08:00:00,18973,682123069.7226783
2015-04-28 08:30:00,19182,682123069.7226783
2015-04-28 09:00:00,18049,682123069.7226783
2015-04-28 09:30:00,17262,682123069.7226783
2015-04-28 10:00:00,15573,682123069.7226783
2015-04-28 10:30:00,15653,682123069.7226783
2015-04-28 11:00:00,15401,682123069.7226783
2015-04-28 11:30:00,16404,682123069.7226783
2015-04-28 12:00:00,16492,682123069.7226783
2015-04-28 12:30:00,15984,682123069.7226783
2015-04-28 13:00:00,15172,682123069.7226783
2015-04-28 13:30:00,16390,682123069.7226783
2015-04-28 14:00:00,16788,682123069.7226783
2015-04-28 14:30:00,17584,682123069.7226783
2015-04-28 15:00:00,17587,682123069.7226783
2015-04-28 15:30:00,15891,682123069.7226783
2015-04-28 16:00:00,14604,682123069.7226783
2015-04-28 16:30:00,14368,682123069.7226783
2015-04-28 17:00:00,16676,682123069.7226783
2015-04-28 17:30:00,18921,682123069.7226783
2015-04-28 18:00:00,21569,682123069.7226783
2015-04-28 18:30:00,22252,682123069.7226783
2015-04-28 19:00:00,22021,682123069.7226783
2015-04-28 19:30:00,21311,682123069.7226783
2015-04-28 20:00:00,21323,682123069.7226783
2015-04-28 20:30:00,22113,682123069.7226783
2015-04-28 21:00:00,22171,682123069.7226783
2015-04-28 21:30:00,22131,682123069.7226783
2015-04-28 22:00:00,21553,682123069.7226783
2015-04-28 22:30:00,19683,682123069.7226783
2015-04-28 23:00:00,17549,682123069.7226783
2015-04-28 23:30:00,13482,682123069.7226783
2015-04-29 00:00:00,11371,682123069.7226783
2015-04-29 00:30:00,8295,682123069.7226783
2015-04-29 01:00:00,6465,682123069.7226783
2015-04-29 01:30:00,4892,682123069.7226783
2015-04-29 02:00:00,4042,682123069.7226783
2015-04-29 02:30:00,3043,682123069.7226783
2015-04-29 03:00:00,2693,682123069.7226783
2015-04-29 03:30:00,2122,682123069.7226783
2015-04-29 04:00:00,2307,682123069.7226783
2015-04-29 04:30:00,2053,682123069.7226783
2015-04-29 05:00:00,2260,682123069.7226783
2015-04-29 05:30:00,4472,682123069.7226783
2015-04-29 06:00:00,6552,682123069.7226783
2015-04-29 06:30:00,11712,682123069.7226783
2015-04-29 07:00:00,14478,682123069.7226783
2015-04-29 07:30:00,18972,682123069.7226783
2015-04-29 08:00:00,19496,682123069.7226783
2015-04-29 08:30:00,19356,682123069.7226783
2015-04-29 09:00:00,18070,682123069.7226783
2015-04-29 09:30:00,17820,682123069.7226783
2015-04-29 10:00:00,16132,682123069.7226783
2015-04-29 10:30:00,16302,682123069.7226783
2015-04-29 11:00:00,15781,682123069.7226783
2015-04-29 11:30:00,16849,682123069.7226783
2015-04-29 12:00:00,17037,682123069.7226783
2015-04-29 12:30:00,16539,682123069.7226783
2015-04-29 13:00:00,16145,682123069.7226783
2015-04-29 13:30:00,16985,682123069.7226783
2015-04-29 14:00:00,17077,682123069.7226783
2015-04-29 14:30:00,17680,682123069.7226783
2015-04-29 15:00:00,18004,682123069.7226783
2015-04-29 15:30:00,15741,682123069.7226783
2015-04-29 16:00:00,13720,682123069.7226783
2015-04-29 16:30:00,12702,682123069.7226783
2015-04-29 17:00:00,15275,682123069.7226783
2015-04-29 17:30:00,17808,682123069.7226783
2015-04-29 18:00:00,19977,682123069.7226783
2015-04-29 18:30:00,21024,682123069.7226783
2015-04-29 19:00:00,22833,682123069.7226783
2015-04-29 19:30:00,23358,682123069.7226783
2015-04-29 20:00:00,23931,682123069.7226783
2015-04-29 20:30:00,23481,682123069.7226783
2015-04-29 21:00:00,23787,682123069.7226783
2015-04-29 21:30:00,23644,682123069.7226783
2015-04-29 22:00:00,23093,682123069.7226783
2015-04-29 22:30:00,22105,682123069.7226783
2015-04-29 23:00:00,19751,682123069.7226783
2015-04-29 23:30:00,16687,682123069.7226783
2015-04-30 00:00:00,13853,682123069.7226783
2015-04-30 00:30:00,10538,682123069.7226783
2015-04-30 01:00:00,8046,682123069.7226783
2015-04-30 01:30:00,6051,682123069.7226783
2015-04-30 02:00:00,4700,682123069.7226783
2015-04-30 02:30:00,3609,682123069.7226783
2015-04-30 03:00:00,2732,682123069.7226783
2015-04-30 03:30:00,2537,682123069.7226783
2015-04-30 04:00:00,2824,682123069.7226783
2015-04-30 04:30:00,2444,682123069.7226783
2015-04-30 05:00:00,2485,682123069.7226783
2015-04-30 05:30:00,4748,682123069.7226783
2015-04-30 06:00:00,7397,682123069.7226783
2015-04-30 06:30:00,12156,682123069.7226783
2015-04-30 07:00:00,15232,682123069.7226783
2015-04-30 07:30:00,18648,682123069.7226783
2015-04-30 08:00:00,19534,682123069.7226783
2015-04-30 08:30:00,19270,682123069.7226783
2015-04-30 09:00:00,18325,682123069.7226783
2015-04-30 09:30:00,17456,682123069.7226783
2015-04-30 10:00:00,16594,682123069.7226783
2015-04-30 10:30:00,16390,682123069.7226783
2015-04-30 11:00:00,15659,682123069.7226783
2015-04-30 11:30:00,16780,682123069.7226783
2015-04-30 12:00:00,17269,682123069.7226783
2015-04-30 12:30:00,16891,682123069.7226783
2015-04-30 13:00:00,15995,682123069.7226783
2015-04-30 13:30:00,17171,682123069.7226783
2015-04-30 14:00:00,17462,682123069.7226783
2015-04-30 14:30:00,17686,682123069.7226783
2015-04-30 15:00:00,17269,682123069.7226783
2015-04-30 15:30:00,15404,682123069.7226783
2015-04-30 16:00:00,13792,682123069.7226783
2015-04-30 16:30:00,12646,682123069.7226783
2015-04-30 17:00:00,15764,682123069.7226783
2015-04-30 17:30:00,18778,682123069.7226783
2015-04-30 18:00:00,21659,682123069.7226783
2015-04-30 18:30:00,23035,682123069.7226783
2015-04-30 19:00:00,25068,682123069.7226783
2015-04-30 19:30:00,24371,682123069.7226783
2015-04-30 20:00:00,23869,682123069.7226783
2015-04-30 20:30:00,24361,682123069.7226783
2015-04-30 21:00:00,24705,682123069.7226783
2015-04-30 21:30:00,24658,682123069.7226783
2015-04-30 22:00:00,24197,682123069.7226783
2015-04-30 22:30:00,22555,682123069.7226783
2015-04-30 23:00:00,20766,682123069.7226783
2015-04-30 23:30:00,19236,682123069.7226783
2015-05-01 00:00:00,16979,682123069.7226783
2015-05-01 00:30:00,13753,682123069.7226783
2015-05-01 01:00:00,11258,682123069.7226783
2015-05-01 01:30:00,8801,682123069.7226783
2015-05-01 02:00:00,7182,682123069.7226783
2015-05-01 02:30:00,6000,682123069.7226783
2015-05-01 03:00:00,4803,682123069.7226783
2015-05-01 03:30:00,4089,682123069.7226783
2015-05-01 04:00:00,4224,682123069.7226783
2015-05-01 04:30:00,3116,682123069.7226783
2015-05-01 05:00:00,2994,682123069.7226783
2015-05-01 05:30:00,4755,682123069.7226783
2015-05-01 06:00:00,6756,682123069.7226783
2015-05-01 06:30:00,11508,682123069.7226783
2015-05-01 07:00:00,14544,682123069.7226783
2015-05-01 07:30:00,18531,682123069.7226783
2015-05-01 08:00:00,19351,682123069.7226783
2015-05-01 08:30:00,19630,682123069.7226783
2015-05-01 09:00:00,17949,682123069.7226783
2015-05-01 09:30:00,17660,682123069.7226783
2015-05-01 10:00:00,16512,682123069.7226783
2015-05-01 10:30:00,16553,682123069.7226783
2015-05-01 11:00:00,16630,682123069.7226783
2015-05-01 11:30:00,18111,682123069.7226783
2015-05-01 12:00:00,18047,682123069.7226783
2015-05-01 12:30:00,16864,682123069.7226783
2015-05-01 13:00:00,16062,682123069.7226783
2015-05-01 13:30:00,16898,682123069.7226783
2015-05-01 14:00:00,18205,682123069.7226783
2015-05-01 14:30:00,19307,682123069.7226783
2015-05-01 15:00:00,17935,682123069.7226783
2015-05-01 15:30:00,15377,682123069.7226783
2015-05-01 16:00:00,14500,682123069.7226783
2015-05-01 16:30:00,13355,682123069.7226783
2015-05-01 17:00:00,16031,682123069.7226783
2015-05-01 17:30:00,18961,682123069.7226783
2015-05-01 18:00:00,20844,682123069.7226783
2015-05-01 18:30:00,24050,682123069.7226783
2015-05-01 19:00:00,25721,682123069.7226783
2015-05-01 19:30:00,25140,682123069.7226783
2015-05-01 20:00:00,24370,682123069.7226783
2015-05-01 20:30:00,24210,682123069.7226783
2015-05-01 21:00:00,24042,682123069.7226783
2015-05-01 21:30:00,24187,682123069.7226783
2015-05-01 22:00:00,24915,682123069.7226783
2015-05-01 22:30:00,24752,682123069.7226783
2015-05-01 23:00:00,24699,682123069.7226783
2015-05-01 23:30:00,23534,682123069.7226783
2015-05-02 00:00:00,23102,682123069.7226783
2015-05-02 00:30:00,21490,682123069.7226783
2015-05-02 01:00:00,19715,682123069.7226783
2015-05-02 01:30:00,18252,682123069.7226783
2015-05-02 02:00:00,16643,682123069.7226783
2015-05-02 02:30:00,14322,682123069.7226783
2015-05-02 03:00:00,11905,682123069.7226783
2015-05-02 03:30:00,10225,682123069.7226783
2015-05-02 04:00:00,8945,682123069.7226783
2015-05-02 04:30:00,5126,682123069.7226783
2015-05-02 05:00:00,3603,682123069.7226783
2015-05-02 05:30:00,3266,682123069.7226783
2015-05-02 06:00:00,3576,682123069.7226783
2015-05-02 06:30:00,5130,682123069.7226783
2015-05-02 07:00:00,5525,682123069.7226783
2015-05-02 07:30:00,7622,682123069.7226783
2015-05-02 08:00:00,8667,682123069.7226783
2015-05-02 08:30:00,13028,682123069.7226783
2015-05-02 09:00:00,13278,682123069.7226783
2015-05-02 09:30:00,16518,682123069.7226783
2015-05-02 10:00:00,16860,682123069.7226783
2015-05-02 10:30:00,18412,682123069.7226783
2015-05-02 11:00:00,18965,682123069.7226783
2015-05-02 11:30:00,21228,682123069.7226783
2015-05-02 12:00:00,21304,682123069.7226783
2015-05-02 12:30:00,21738,682123069.7226783
2015-05-02 13:00:00,21396,682123069.7226783
2015-05-02 13:30:00,21064,682123069.7226783
2015-05-02 14:00:00,21239,682123069.7226783
2015-05-02 14:30:00,21418,682123069.7226783
2015-05-02 15:00:00,21963,682123069.7226783
2015-05-02 15:30:00,21416,682123069.7226783
2015-05-02 16:00:00,19836,682123069.7226783
2015-05-02 16:30:00,18216,682123069.7226783
2015-05-02 17:00:00,19973,682123069.7226783
2015-05-02 17:30:00,23600,682123069.7226783
2015-05-02 18:00:00,25169,682123069.7226783
2015-05-02 18:30:00,27059,682123069.7226783
2015-05-02 19:00:00,29077,682123069.7226783
2015-05-02 19:30:00,27867,682123069.7226783
2015-05-02 20:00:00,26771,682123069.7226783
2015-05-02 20:30:00,26343,682123069.7226783
2015-05-02 21:00:00,26700,682123069.7226783
2015-05-02 21:30:00,27201,682123069.7226783
2015-05-02 22:00:00,27835,682123069.7226783
2015-05-02 22:30:00,27983,682123069.7226783
2015-05-02 23:00:00,26073,682123069.7226783
2015-05-02 23:30:00,23242,682123069.7226783
2015-05-03 00:00:00,20274,682123069.7226783
2015-05-03 00:30:00,23703,682123069.7226783
2015-05-03 01:00:00,31266,682123069.7226783
2015-05-03 01:30:00,24157,682123069.7226783
2015-05-03 02:00:00,20628,682123069.7226783
2015-05-03 02:30:00,17368,682123069.7226783
2015-05-03 03:00:00,14727,682123069.7226783
2015-05-03 03:30:00,12978,682123069.7226783
2015-05-03 04:00:00,11055,682123069.7226783
2015-05-03 04:30:00,6345,682123069.7226783
2015-05-03 05:00:00,4260,682123069.7226783
2015-05-03 05:30:00,3546,682123069.7226783
2015-05-03 06:00:00,3491,682123069.7226783
2015-05-03 06:30:00,3979,682123069.7226783
2015-05-03 07:00:00,4618,682123069.7226783
2015-05-03 07:30:00,6235,682123069.7226783
2015-05-03 08:00:00,7416,682123069.7226783
2015-05-03 08:30:00,8867,682123069.7226783
2015-05-03 09:00:00,10052,682123069.7226783
2015-05-03 09:30:00,12339,682123069.7226783
2015-05-03 10:00:00,13474,682123069.7226783
2015-05-03 10:30:00,16466,682123069.7226783
2015-05-03 11:00:00,17460,682123069.7226783
2015-05-03 11:30:00,18088,682123069.7226783
2015-05-03 12:00:00,18949,682123069.7226783
2015-05-03 12:30:00,19865,682123069.7226783
2015-05-03 13:00:00,19980,682123069.7226783
2015-05-03 13:30:00,20241,682123069.7226783
2015-05-03 14:00:00,20633,682123069.7226783
2015-05-03 14:30:00,19814,682123069.7226783
2015-05-03 15:00:00,19602,682123069.7226783
2015-05-03 15:30:00,19368,682123069.7226783
2015-05-03 16:00:00,18818,682123069.7226783
2015-05-03 16:30:00,18061,682123069.7226783
2015-05-03 17:00:00,18863,682123069.7226783
2015-05-03 17:30:00,20618,682123069.7226783
2015-05-03 18:00:00,20514,682123069.7226783
2015-05-03 18:30:00,20951,682123069.7226783
2015-05-03 19:00:00,20201,682123069.7226783
2015-05-03 19:30:00,18527,682123069.7226783
2015-05-03 20:00:00,17841,682123069.7226783
2015-05-03 20:30:00,17694,682123069.7226783
2015-05-03 21:00:00,16762,682123069.7226783
2015-05-03 21:30:00,16064,682123069.7226783
2015-05-03 22:00:00,15495,682123069.7226783
2015-05-03 22:30:00,13973,682123069.7226783
2015-05-03 23:00:00,12940,682123069.7226783
2015-05-03 23:30:00,10933,682123069.7226783
2015-05-04 00:00:00,8403,682123069.7226783
2015-05-04 00:30:00,6188,682123069.7226783
2015-05-04 01:00:00,4763,682123069.7226783
2015-05-04 01:30:00,3985,682123069.7226783
2015-05-04 02:00:00,2979,682123069.7226783
2015-05-04 02:30:00,2484,682123069.7226783
2015-05-04 03:00:00,1950,682123069.7226783
2015-05-04 03:30:00,1849,682123069.7226783
2015-05-04 04:00:00,2144,682123069.7226783
2015-05-04 04:30:00,2197,682123069.7226783
2015-05-04 05:00:00,2633,682123069.7226783
2015-05-04 05:30:00,4523,682123069.7226783
2015-05-04 06:00:00,6537,682123069.7226783
2015-05-04 06:30:00,11251,682123069.7226783
2015-05-04 07:00:00,13606,682123069.7226783
2015-05-04 07:30:00,17461,682123069.7226783
2015-05-04 08:00:00,18034,682123069.7226783
2015-05-04 08:30:00,17429,682123069.7226783
2015-05-04 09:00:00,17100,682123069.7226783
2015-05-04 09:30:00,15826,682123069.7226783
2015-05-04 10:00:00,15148,682123069.7226783
2015-05-04 10:30:00,14788,682123069.7226783
2015-05-04 11:00:00,14682,682123069.7226783
2015-05-04 11:30:00,15344,682123069.7226783
2015-05-04 12:00:00,15777,682123069.7226783
2015-05-04 12:30:00,15715,682123069.7226783
2015-05-04 13:00:00,15489,682123069.7226783
2015-05-04 13:30:00,16399,682123069.7226783
2015-05-04 14:00:00,16853,682123069.7226783
2015-05-04 14:30:00,17723,682123069.7226783
2015-05-04 15:00:00,17296,682123069.7226783
2015-05-04 15:30:00,16313,682123069.7226783
2015-05-04 16:00:00,14428,682123069.7226783
2015-05-04 16:30:00,14578,682123069.7226783
2015-05-04 17:00:00,16483,682123069.7226783
2015-05-04 17:30:00,18690,682123069.7226783
2015-05-04 18:00:00,21213,682123069.7226783
2015-05-04 18:30:00,22084,682123069.7226783
2015-05-04 19:00:00,21673,682123069.7226783
2015-05-04 19:30:00,19515,682123069.7226783
2015-05-04 20:00:00,19705,682123069.7226783
2015-05-04 20:30:00,19866,682123069.7226783
2015-05-04 21:00:00,20222,682123069.7226783
2015-05-04 21:30:00,19662,682123069.7226783
2015-05-04 22:00:00,18782,682123069.7226783
2015-05-04 22:30:00,16864,682123069.7226783
2015-05-04 23:00:00,14136,682123069.7226783
2015-05-04 23:30:00,12369,682123069.7226783
2015-05-05 00:00:00,9687,682123069.7226783
2015-05-05 00:30:00,7458,682123069.7226783
2015-05-05 01:00:00,5746,682123069.7226783
2015-05-05 01:30:00,4675,682123069.7226783
2015-05-05 02:00:00,3690,682123069.7226783
2015-05-05 02:30:00,2901,682123069.7226783
2015-05-05 03:00:00,2099,682123069.7226783
2015-05-05 03:30:00,1807,682123069.7226783
2015-05-05 04:00:00,2029,682123069.7226783
2015-05-05 04:30:00,1877,682123069.7226783
2015-05-05 05:00:00,2215,682123069.7226783
2015-05-05 05:30:00,4283,682123069.7226783
2015-05-05 06:00:00,6721,682123069.7226783
2015-05-05 06:30:00,11297,682123069.7226783
2015-05-05 07:00:00,14715,682123069.7226783
2015-05-05 07:30:00,18389,682123069.7226783
2015-05-05 08:00:00,19133,682123069.7226783
2015-05-05 08:30:00,19097,682123069.7226783
2015-05-05 09:00:00,18780,682123069.7226783
2015-05-05 09:30:00,17859,682123069.7226783
2015-05-05 10:00:00,16445,682123069.7226783
2015-05-05 10:30:00,16272,682123069.7226783
2015-05-05 11:00:00,15717,682123069.7226783
2015-05-05 11:30:00,17142,682123069.7226783
2015-05-05 12:00:00,17343,682123069.7226783
2015-05-05 12:30:00,17076,682123069.7226783
2015-05-05 13:00:00,16185,682123069.7226783
2015-05-05 13:30:00,17793,682123069.7226783
2015-05-05 14:00:00,18245,682123069.7226783
2015-05-05 14:30:00,18438,682123069.7226783
2015-05-05 15:00:00,18568,682123069.7226783
2015-05-05 15:30:00,16399,682123069.7226783
2015-05-05 16:00:00,15388,682123069.7226783
2015-05-05 16:30:00,14336,682123069.7226783
2015-05-05 17:00:00,17027,682123069.7226783
2015-05-05 17:30:00,20350,682123069.7226783
2015-05-05 18:00:00,22404,682123069.7226783
2015-05-05 18:30:00,23200,682123069.7226783
2015-05-05 19:00:00,23480,682123069.7226783
2015-05-05 19:30:00,22683,682123069.7226783
2015-05-05 20:00:00,23235,682123069.7226783
2015-05-05 20:30:00,23171,682123069.7226783
2015-05-05 21:00:00,23311,682123069.7226783
2015-05-05 21:30:00,23329,682123069.7226783
2015-05-05 22:00:00,23450,682123069.7226783
2015-05-05 22:30:00,22019,682123069.7226783
2015-05-05 23:00:00,19747,682123069.7226783
2015-05-05 23:30:00,17154,682123069.7226783
2015-05-06 00:00:00,14580,682123069.7226783
2015-05-06 00:30:00,10804,682123069.7226783
2015-05-06 01:00:00,8708,682123069.7226783
2015-05-06 01:30:00,6473,682123069.7226783
2015-05-06 02:00:00,5215,682123069.7226783
2015-05-06 02:30:00,4181,682123069.7226783
2015-05-06 03:00:00,3309,682123069.7226783
2015-05-06 03:30:00,2898,682123069.7226783
2015-05-06 04:00:00,2890,682123069.7226783
2015-05-06 04:30:00,2230,682123069.7226783
2015-05-06 05:00:00,2531,682123069.7226783
2015-05-06 05:30:00,4799,682123069.7226783
2015-05-06 06:00:00,7041,682123069.7226783
2015-05-06 06:30:00,12643,682123069.7226783
2015-05-06 07:00:00,16511,682123069.7226783
2015-05-06 07:30:00,20310,682123069.7226783
2015-05-06 08:00:00,20901,682123069.7226783
2015-05-06 08:30:00,20646,682123069.7226783
2015-05-06 09:00:00,20050,682123069.7226783
2015-05-06 09:30:00,18727,682123069.7226783
2015-05-06 10:00:00,17511,682123069.7226783
2015-05-06 10:30:00,17255,682123069.7226783
2015-05-06 11:00:00,16499,682123069.7226783
2015-05-06 11:30:00,17372,682123069.7226783
2015-05-06 12:00:00,17669,682123069.7226783
2015-05-06 12:30:00,17011,682123069.7226783
2015-05-06 13:00:00,16451,682123069.7226783
2015-05-06 13:30:00,17470,682123069.7226783
2015-05-06 14:00:00,17855,682123069.7226783
2015-05-06 14:30:00,18135,682123069.7226783
2015-05-06 15:00:00,17860,682123069.7226783
2015-05-06 15:30:00,15493,682123069.7226783
2015-05-06 16:00:00,14557,682123069.7226783
2015-05-06 16:30:00,13565,682123069.7226783
2015-05-06 17:00:00,15956,682123069.7226783
2015-05-06 17:30:00,19081,682123069.7226783
2015-05-06 18:00:00,21259,682123069.7226783
2015-05-06 18:30:00,22722,682123069.7226783
2015-05-06 19:00:00,23265,682123069.7226783
2015-05-06 19:30:00,22554,682123069.7226783
2015-05-06 20:00:00,22207,682123069.7226783
2015-05-06 20:30:00,22631,682123069.7226783
2015-05-06 21:00:00,23000,682123069.7226783
2015-05-06 21:30:00,22901,682123069.7226783
2015-05-06 22:00:00,22050,682123069.7226783
2015-05-06 22:30:00,21329,682123069.7226783
2015-05-06 23:00:00,18720,682123069.7226783
2015-05-06 23:30:00,15603,682123069.7226783
2015-05-07 00:00:00,12962,682123069.7226783
2015-05-07 00:30:00,9994,682123069.7226783
2015-05-07 01:00:00,7501,682123069.7226783
2015-05-07 01:30:00,5953,682123069.7226783
2015-05-07 02:00:00,4628,682123069.7226783
2015-05-07 02:30:00,3634,682123069.7226783
2015-05-07 03:00:00,2726,682123069.7226783
2015-05-07 03:30:00,2522,682123069.7226783
2015-05-07 04:00:00,2456,682123069.7226783
2015-05-07 04:30:00,2382,682123069.7226783
2015-05-07 05:00:00,2498,682123069.7226783
2015-05-07 05:30:00,4798,682123069.7226783
2015-05-07 06:00:00,6912,682123069.7226783
2015-05-07 06:30:00,11981,682123069.7226783
2015-05-07 07:00:00,15491,682123069.7226783
2015-05-07 07:30:00,18975,682123069.7226783
2015-05-07 08:00:00,19885,682123069.7226783
2015-05-07 08:30:00,18827,682123069.7226783
2015-05-07 09:00:00,17989,682123069.7226783
2015-05-07 09:30:00,17046,682123069.7226783
2015-05-07 10:00:00,16472,682123069.7226783
2015-05-07 10:30:00,16713,682123069.7226783
2015-05-07 11:00:00,16057,682123069.7226783
2015-05-07 11:30:00,17265,682123069.7226783
2015-05-07 12:00:00,17608,682123069.7226783
2015-05-07 12:30:00,16937,682123069.7226783
2015-05-07 13:00:00,16638,682123069.7226783
2015-05-07 13:30:00,17670,682123069.7226783
2015-05-07 14:00:00,17722,682123069.7226783
2015-05-07 14:30:00,17768,682123069.7226783
2015-05-07 15:00:00,17352,682123069.7226783
2015-05-07 15:30:00,15093,682123069.7226783
2015-05-07 16:00:00,13689,682123069.7226783
2015-05-07 16:30:00,13025,682123069.7226783
2015-05-07 17:00:00,15127,682123069.7226783
2015-05-07 17:30:00,18366,682123069.7226783
2015-05-07 18:00:00,20955,682123069.7226783
2015-05-07 18:30:00,22539,682123069.7226783
2015-05-07 19:00:00,23510,682123069.7226783
2015-05-07 19:30:00,23416,682123069.7226783
2015-05-07 20:00:00,23782,682123069.7226783
2015-05-07 20:30:00,24079,682123069.7226783
2015-05-07 21:00:00,24332,682123069.7226783
2015-05-07 21:30:00,25004,682123069.7226783
2015-05-07 22:00:00,24503,682123069.7226783
2015-05-07 22:30:00,22852,682123069.7226783
2015-05-07 23:00:00,21588,682123069.7226783
2015-05-07 23:30:00,20154,682123069.7226783
2015-05-08 00:00:00,17251,682123069.7226783
2015-05-08 00:30:00,13567,682123069.7226783
2015-05-08 01:00:00,11043,682123069.7226783
2015-05-08 01:30:00,8961,682123069.7226783
2015-05-08 02:00:00,6904,682123069.7226783
2015-05-08 02:30:00,5788,682123069.7226783
2015-05-08 03:00:00,4716,682123069.7226783
2015-05-08 03:30:00,3735,682123069.7226783
2015-05-08 04:00:00,3988,682123069.7226783
2015-05-08 04:30:00,3106,682123069.7226783
2015-05-08 05:00:00,2977,682123069.7226783
2015-05-08 05:30:00,4725,682123069.7226783
2015-05-08 06:00:00,6880,682123069.7226783
2015-05-08 06:30:00,11364,682123069.7226783
2015-05-08 07:00:00,14767,682123069.7226783
2015-05-08 07:30:00,18049,682123069.7226783
2015-05-08 08:00:00,18458,682123069.7226783
2015-05-08 08:30:00,18467,682123069.7226783
2015-05-08 09:00:00,17052,682123069.7226783
2015-05-08 09:30:00,16493,682123069.7226783
2015-05-08 10:00:00,15972,682123069.7226783
2015-05-08 10:30:00,16098,682123069.7226783
2015-05-08 11:00:00,15719,682123069.7226783
2015-05-08 11:30:00,17266,682123069.7226783
2015-05-08 12:00:00,17532,682123069.7226783
2015-05-08 12:30:00,16530,682123069.7226783
2015-05-08 13:00:00,16276,682123069.7226783
2015-05-08 13:30:00,16939,682123069.7226783
2015-05-08 14:00:00,17989,682123069.7226783
2015-05-08 14:30:00,17881,682123069.7226783
2015-05-08 15:00:00,17222,682123069.7226783
2015-05-08 15:30:00,15015,682123069.7226783
2015-05-08 16:00:00,13314,682123069.7226783
2015-05-08 16:30:00,12458,682123069.7226783
2015-05-08 17:00:00,15032,682123069.7226783
2015-05-08 17:30:00,17914,682123069.7226783
2015-05-08 18:00:00,20808,682123069.7226783
2015-05-08 18:30:00,22117,682123069.7226783
2015-05-08 19:00:00,24476,682123069.7226783
2015-05-08 19:30:00,24057,682123069.7226783
2015-05-08 20:00:00,22659,682123069.7226783
2015-05-08 20:30:00,22860,682123069.7226783
2015-05-08 21:00:00,23133,682123069.7226783
2015-05-08 21:30:00,23103,682123069.7226783
2015-05-08 22:00:00,23976,682123069.7226783
2015-05-08 22:30:00,25017,682123069.7226783
2015-05-08 23:00:00,23860,682123069.7226783
2015-05-08 23:30:00,23672,682123069.7226783
2015-05-09 00:00:00,22440,682123069.7226783
2015-05-09 00:30:00,20719,682123069.7226783
2015-05-09 01:00:00,19850,682123069.7226783
2015-05-09 01:30:00,18042,682123069.7226783
2015-05-09 02:00:00,16238,682123069.7226783
2015-05-09 02:30:00,13967,682123069.7226783
2015-05-09 03:00:00,12080,682123069.7226783
2015-05-09 03:30:00,10025,682123069.7226783
2015-05-09 04:00:00,8950,682123069.7226783
2015-05-09 04:30:00,5387,682123069.7226783
2015-05-09 05:00:00,3943,682123069.7226783
2015-05-09 05:30:00,3422,682123069.7226783
2015-05-09 06:00:00,3686,682123069.7226783
2015-05-09 06:30:00,4829,682123069.7226783
2015-05-09 07:00:00,5133,682123069.7226783
2015-05-09 07:30:00,7329,682123069.7226783
2015-05-09 08:00:00,8485,682123069.7226783
2015-05-09 08:30:00,12068,682123069.7226783
2015-05-09 09:00:00,13508,682123069.7226783
2015-05-09 09:30:00,16784,682123069.7226783
2015-05-09 10:00:00,17216,682123069.7226783
2015-05-09 10:30:00,19394,682123069.7226783
2015-05-09 11:00:00,19200,682123069.7226783
2015-05-09 11:30:00,20919,682123069.7226783
2015-05-09 12:00:00,21421,682123069.7226783
2015-05-09 12:30:00,21517,682123069.7226783
2015-05-09 13:00:00,21579,682123069.7226783
2015-05-09 13:30:00,20524,682123069.7226783
2015-05-09 14:00:00,19662,682123069.7226783
2015-05-09 14:30:00,19877,682123069.7226783
2015-05-09 15:00:00,19546,682123069.7226783
2015-05-09 15:30:00,19410,682123069.7226783
2015-05-09 16:00:00,17940,682123069.7226783
2015-05-09 16:30:00,17112,682123069.7226783
2015-05-09 17:00:00,18964,682123069.7226783
2015-05-09 17:30:00,21773,682123069.7226783
2015-05-09 18:00:00,22649,682123069.7226783
2015-05-09 18:30:00,23335,682123069.7226783
2015-05-09 19:00:00,25149,682123069.7226783
2015-05-09 19:30:00,23694,682123069.7226783
2015-05-09 20:00:00,21337,682123069.7226783
2015-05-09 20:30:00,20956,682123069.7226783
2015-05-09 21:00:00,20007,682123069.7226783
2015-05-09 21:30:00,20809,682123069.7226783
2015-05-09 22:00:00,22085,682123069.7226783
2015-05-09 22:30:00,23407,682123069.7226783
2015-05-09 23:00:00,23104,682123069.7226783
2015-05-09 23:30:00,23315,682123069.7226783
2015-05-10 00:00:00,21761,682123069.7226783
2015-05-10 00:30:00,19933,682123069.7226783
2015-05-10 01:00:00,18852,682123069.7226783
2015-05-10 01:30:00,17299,682123069.7226783
2015-05-10 02:00:00,16059,682123069.7226783
2015-05-10 02:30:00,13598,682123069.7226783
2015-05-10 03:00:00,11801,682123069.7226783
2015-05-10 03:30:00,10846,682123069.7226783
2015-05-10 04:00:00,9030,682123069.7226783
2015-05-10 04:30:00,5621,682123069.7226783
2015-05-10 05:00:00,3712,682123069.7226783
2015-05-10 05:30:00,3008,682123069.7226783
2015-05-10 06:00:00,3238,682123069.7226783
2015-05-10 06:30:00,3994,682123069.7226783
2015-05-10 07:00:00,4310,682123069.7226783
2015-05-10 07:30:00,5789,682123069.7226783
2015-05-10 08:00:00,6293,682123069.7226783
2015-05-10 08:30:00,8646,682123069.7226783
2015-05-10 09:00:00,10373,682123069.7226783
2015-05-10 09:30:00,13615,682123069.7226783
2015-05-10 10:00:00,14958,682123069.7226783
2015-05-10 10:30:00,18289,682123069.7226783
2015-05-10 11:00:00,18195,682123069.7226783
2015-05-10 11:30:00,19884,682123069.7226783
2015-05-10 12:00:00,19741,682123069.7226783
2015-05-10 12:30:00,20223,682123069.7226783
2015-05-10 13:00:00,19606,682123069.7226783
2015-05-10 13:30:00,19970,682123069.7226783
2015-05-10 14:00:00,20209,682123069.7226783
2015-05-10 14:30:00,19839,682123069.7226783
2015-05-10 15:00:00,18567,682123069.7226783
2015-05-10 15:30:00,18315,682123069.7226783
2015-05-10 16:00:00,17240,682123069.7226783
2015-05-10 16:30:00,16972,682123069.7226783
2015-05-10 17:00:00,18005,682123069.7226783
2015-05-10 17:30:00,18755,682123069.7226783
2015-05-10 18:00:00,19204,682123069.7226783
2015-05-10 18:30:00,18906,682123069.7226783
2015-05-10 19:00:00,18333,682123069.7226783
2015-05-10 19:30:00,16939,682123069.7226783
2015-05-10 20:00:00,17479,682123069.7226783
2015-05-10 20:30:00,17497,682123069.7226783
2015-05-10 21:00:00,16905,682123069.7226783
2015-05-10 21:30:00,15615,682123069.7226783
2015-05-10 22:00:00,15653,682123069.7226783
2015-05-10 22:30:00,14328,682123069.7226783
2015-05-10 23:00:00,12489,682123069.7226783
2015-05-10 23:30:00,10395,682123069.7226783
2015-05-11 00:00:00,8267,682123069.7226783
2015-05-11 00:30:00,6547,682123069.7226783
2015-05-11 01:00:00,4869,682123069.7226783
2015-05-11 01:30:00,3516,682123069.7226783
2015-05-11 02:00:00,3109,682123069.7226783
2015-05-11 02:30:00,2409,682123069.7226783
2015-05-11 03:00:00,1846,682123069.7226783
2015-05-11 03:30:00,1661,682123069.7226783
2015-05-11 04:00:00,2069,682123069.7226783
2015-05-11 04:30:00,2117,682123069.7226783
2015-05-11 05:00:00,2521,682123069.7226783
2015-05-11 05:30:00,4786,682123069.7226783
2015-05-11 06:00:00,6933,682123069.7226783
2015-05-11 06:30:00,11413,682123069.7226783
2015-05-11 07:00:00,14072,682123069.7226783
2015-05-11 07:30:00,17057,682123069.7226783
2015-05-11 08:00:00,18001,682123069.7226783
2015-05-11 08:30:00,17842,682123069.7226783
2015-05-11 09:00:00,17102,682123069.7226783
2015-05-11 09:30:00,16209,682123069.7226783
2015-05-11 10:00:00,15326,682123069.7226783
2015-05-11 10:30:00,15081,682123069.7226783
2015-05-11 11:00:00,15135,682123069.7226783
2015-05-11 11:30:00,16308,682123069.7226783
2015-05-11 12:00:00,16244,682123069.7226783
2015-05-11 12:30:00,16457,682123069.7226783
2015-05-11 13:00:00,16045,682123069.7226783
2015-05-11 13:30:00,16803,682123069.7226783
2015-05-11 14:00:00,17427,682123069.7226783
2015-05-11 14:30:00,18303,682123069.7226783
2015-05-11 15:00:00,18731,682123069.7226783
2015-05-11 15:30:00,17830,682123069.7226783
2015-05-11 16:00:00,15222,682123069.7226783
2015-05-11 16:30:00,14290,682123069.7226783
2015-05-11 17:00:00,16529,682123069.7226783
2015-05-11 17:30:00,18781,682123069.7226783
2015-05-11 18:00:00,21172,682123069.7226783
2015-05-11 18:30:00,21804,682123069.7226783
2015-05-11 19:00:00,21413,682123069.7226783
2015-05-11 19:30:00,20527,682123069.7226783
2015-05-11 20:00:00,20418,682123069.7226783
2015-05-11 20:30:00,20451,682123069.7226783
2015-05-11 21:00:00,20042,682123069.7226783
2015-05-11 21:30:00,19449,682123069.7226783
2015-05-11 22:00:00,18689,682123069.7226783
2015-05-11 22:30:00,17057,682123069.7226783
2015-05-11 23:00:00,14592,682123069.7226783
2015-05-11 23:30:00,12201,682123069.7226783
2015-05-12 00:00:00,10402,682123069.7226783
2015-05-12 00:30:00,8160,682123069.7226783
2015-05-12 01:00:00,6312,682123069.7226783
2015-05-12 01:30:00,4667,682123069.7226783
2015-05-12 02:00:00,3760,682123069.7226783
2015-05-12 02:30:00,2753,682123069.7226783
2015-05-12 03:00:00,2227,682123069.7226783
2015-05-12 03:30:00,1850,682123069.7226783
2015-05-12 04:00:00,1910,682123069.7226783
2015-05-12 04:30:00,1865,682123069.7226783
2015-05-12 05:00:00,2268,682123069.7226783
2015-05-12 05:30:00,4598,682123069.7226783
2015-05-12 06:00:00,6596,682123069.7226783
2015-05-12 06:30:00,11539,682123069.7226783
2015-05-12 07:00:00,14443,682123069.7226783
2015-05-12 07:30:00,18480,682123069.7226783
2015-05-12 08:00:00,19060,682123069.7226783
2015-05-12 08:30:00,18572,682123069.7226783
2015-05-12 09:00:00,18031,682123069.7226783
2015-05-12 09:30:00,17425,682123069.7226783
2015-05-12 10:00:00,16592,682123069.7226783
2015-05-12 10:30:00,16484,682123069.7226783
2015-05-12 11:00:00,15992,682123069.7226783
2015-05-12 11:30:00,17150,682123069.7226783
2015-05-12 12:00:00,17135,682123069.7226783
2015-05-12 12:30:00,16431,682123069.7226783
2015-05-12 13:00:00,16410,682123069.7226783
2015-05-12 13:30:00,17074,682123069.7226783
2015-05-12 14:00:00,17981,682123069.7226783
2015-05-12 14:30:00,18356,682123069.7226783
2015-05-12 15:00:00,18138,682123069.7226783
2015-05-12 15:30:00,16025,682123069.7226783
2015-05-12 16:00:00,14147,682123069.7226783
2015-05-12 16:30:00,14088,682123069.7226783
2015-05-12 17:00:00,16620,682123069.7226783
2015-05-12 17:30:00,19137,682123069.7226783
2015-05-12 18:00:00,21541,682123069.7226783
2015-05-12 18:30:00,22705,682123069.7226783
2015-05-12 19:00:00,22257,682123069.7226783
2015-05-12 19:30:00,21756,682123069.7226783
2015-05-12 20:00:00,22073,682123069.7226783
2015-05-12 20:30:00,22250,682123069.7226783
2015-05-12 21:00:00,22704,682123069.7226783
2015-05-12 21:30:00,22389,682123069.7226783
2015-05-12 22:00:00,21931,682123069.7226783
2015-05-12 22:30:00,20745,682123069.7226783
2015-05-12 23:00:00,19284,682123069.7226783
2015-05-12 23:30:00,15684,682123069.7226783
2015-05-13 00:00:00,12810,682123069.7226783
2015-05-13 00:30:00,9863,682123069.7226783
2015-05-13 01:00:00,7648,682123069.7226783
2015-05-13 01:30:00,5767,682123069.7226783
2015-05-13 02:00:00,4490,682123069.7226783
2015-05-13 02:30:00,3561,682123069.7226783
2015-05-13 03:00:00,2954,682123069.7226783
2015-05-13 03:30:00,2457,682123069.7226783
2015-05-13 04:00:00,2563,682123069.7226783
2015-05-13 04:30:00,2214,682123069.7226783
2015-05-13 05:00:00,2712,682123069.7226783
2015-05-13 05:30:00,4724,682123069.7226783
2015-05-13 06:00:00,7028,682123069.7226783
2015-05-13 06:30:00,11965,682123069.7226783
2015-05-13 07:00:00,15252,682123069.7226783
2015-05-13 07:30:00,19342,682123069.7226783
2015-05-13 08:00:00,19418,682123069.7226783
2015-05-13 08:30:00,19134,682123069.7226783
2015-05-13 09:00:00,17886,682123069.7226783
2015-05-13 09:30:00,17682,682123069.7226783
2015-05-13 10:00:00,16629,682123069.7226783
2015-05-13 10:30:00,16397,682123069.7226783
2015-05-13 11:00:00,16390,682123069.7226783
2015-05-13 11:30:00,17556,682123069.7226783
2015-05-13 12:00:00,16908,682123069.7226783
2015-05-13 12:30:00,16271,682123069.7226783
2015-05-13 13:00:00,16500,682123069.7226783
2015-05-13 13:30:00,16817,682123069.7226783
2015-05-13 14:00:00,16746,682123069.7226783
2015-05-13 14:30:00,17309,682123069.7226783
2015-05-13 15:00:00,16951,682123069.7226783
2015-05-13 15:30:00,15182,682123069.7226783
2015-05-13 16:00:00,13896,682123069.7226783
2015-05-13 16:30:00,12865,682123069.7226783
2015-05-13 17:00:00,15493,682123069.7226783
2015-05-13 17:30:00,18878,682123069.7226783
2015-05-13 18:00:00,20827,682123069.7226783
2015-05-13 18:30:00,22430,682123069.7226783
2015-05-13 19:00:00,24162,682123069.7226783
2015-05-13 19:30:00,24126,682123069.7226783
2015-05-13 20:00:00,24057,682123069.7226783
2015-05-13 20:30:00,24185,682123069.7226783
2015-05-13 21:00:00,24347,682123069.7226783
2015-05-13 21:30:00,23864,682123069.7226783
2015-05-13 22:00:00,23369,682123069.7226783
2015-05-13 22:30:00,22315,682123069.7226783
2015-05-13 23:00:00,22288,682123069.7226783
2015-05-13 23:30:00,19455,682123069.7226783
2015-05-14 00:00:00,16123,682123069.7226783
2015-05-14 00:30:00,11987,682123069.7226783
2015-05-14 01:00:00,9262,682123069.7226783
2015-05-14 01:30:00,6965,682123069.7226783
2015-05-14 02:00:00,5596,682123069.7226783
2015-05-14 02:30:00,4223,682123069.7226783
2015-05-14 03:00:00,3325,682123069.7226783
2015-05-14 03:30:00,3030,682123069.7226783
2015-05-14 04:00:00,3116,682123069.7226783
2015-05-14 04:30:00,2565,682123069.7226783
2015-05-14 05:00:00,2701,682123069.7226783
2015-05-14 05:30:00,4619,682123069.7226783
2015-05-14 06:00:00,7143,682123069.7226783
2015-05-14 06:30:00,12434,682123069.7226783
2015-05-14 07:00:00,15546,682123069.7226783
2015-05-14 07:30:00,19076,682123069.7226783
2015-05-14 08:00:00,19883,682123069.7226783
2015-05-14 08:30:00,18981,682123069.7226783
2015-05-14 09:00:00,18446,682123069.7226783
2015-05-14 09:30:00,18042,682123069.7226783
2015-05-14 10:00:00,16990,682123069.7226783
2015-05-14 10:30:00,17201,682123069.7226783
2015-05-14 11:00:00,16880,682123069.7226783
2015-05-14 11:30:00,17336,682123069.7226783
2015-05-14 12:00:00,17462,682123069.7226783
2015-05-14 12:30:00,17500,682123069.7226783
2015-05-14 13:00:00,16837,682123069.7226783
2015-05-14 13:30:00,17601,682123069.7226783
2015-05-14 14:00:00,18021,682123069.7226783
2015-05-14 14:30:00,18284,682123069.7226783
2015-05-14 15:00:00,16996,682123069.7226783
2015-05-14 15:30:00,14250,682123069.7226783
2015-05-14 16:00:00,12683,682123069.7226783
2015-05-14 16:30:00,11380,682123069.7226783
2015-05-14 17:00:00,13856,682123069.7226783
2015-05-14 17:30:00,16873,682123069.7226783
2015-05-14 18:00:00,19354,682123069.7226783
2015-05-14 18:30:00,21460,682123069.7226783
2015-05-14 19:00:00,22600,682123069.7226783
2015-05-14 19:30:00,23234,682123069.7226783
2015-05-14 20:00:00,23103,682123069.7226783
2015-05-14 20:30:00,24031,682123069.7226783
2015-05-14 21:00:00,24589,682123069.7226783
2015-05-14 21:30:00,24240,682123069.7226783
2015-05-14 22:00:00,22927,682123069.7226783
2015-05-14 22:30:00,22702,682123069.7226783
2015-05-14 23:00:00,20916,682123069.7226783
2015-05-14 23:30:00,19602,682123069.7226783
2015-05-15 00:00:00,17741,682123069.7226783
2015-05-15 00:30:00,15277,682123069.7226783
2015-05-15 01:00:00,12074,682123069.7226783
2015-05-15 01:30:00,10003,682123069.7226783
2015-05-15 02:00:00,8226,682123069.7226783
2015-05-15 02:30:00,6280,682123069.7226783
2015-05-15 03:00:00,5504,682123069.7226783
2015-05-15 03:30:00,4314,682123069.7226783
2015-05-15 04:00:00,4381,682123069.7226783
2015-05-15 04:30:00,3265,682123069.7226783
2015-05-15 05:00:00,2975,682123069.7226783
2015-05-15 05:30:00,4920,682123069.7226783
2015-05-15 06:00:00,6903,682123069.7226783
2015-05-15 06:30:00,11433,682123069.7226783
2015-05-15 07:00:00,14543,682123069.7226783
2015-05-15 07:30:00,17942,682123069.7226783
2015-05-15 08:00:00,18797,682123069.7226783
2015-05-15 08:30:00,18128,682123069.7226783
2015-05-15 09:00:00,18169,682123069.7226783
2015-05-15 09:30:00,17561,682123069.7226783
2015-05-15 10:00:00,16791,682123069.7226783
2015-05-15 10:30:00,16826,682123069.7226783
2015-05-15 11:00:00,16799,682123069.7226783
2015-05-15 11:30:00,17741,682123069.7226783
2015-05-15 12:00:00,17084,682123069.7226783
2015-05-15 12:30:00,16220,682123069.7226783
2015-05-15 13:00:00,15316,682123069.7226783
2015-05-15 13:30:00,15443,682123069.7226783
2015-05-15 14:00:00,16566,682123069.7226783
2015-05-15 14:30:00,16670,682123069.7226783
2015-05-15 15:00:00,15744,682123069.7226783
2015-05-15 15:30:00,14150,682123069.7226783
2015-05-15 16:00:00,13011,682123069.7226783
2015-05-15 16:30:00,12276,682123069.7226783
2015-05-15 17:00:00,15542,682123069.7226783
2015-05-15 17:30:00,18925,682123069.7226783
2015-05-15 18:00:00,21547,682123069.7226783
2015-05-15 18:30:00,24100,682123069.7226783
2015-05-15 19:00:00,25677,682123069.7226783
2015-05-15 19:30:00,25689,682123069.7226783
2015-05-15 20:00:00,24347,682123069.7226783
2015-05-15 20:30:00,24983,682123069.7226783
2015-05-15 21:00:00,25807,682123069.7226783
2015-05-15 21:30:00,24899,682123069.7226783
2015-05-15 22:00:00,24961,682123069.7226783
2015-05-15 22:30:00,25124,682123069.7226783
2015-05-15 23:00:00,24029,682123069.7226783
2015-05-15 23:30:00,23016,682123069.7226783
2015-05-16 00:00:00,22361,682123069.7226783
2015-05-16 00:30:00,20216,682123069.7226783
2015-05-16 01:00:00,19054,682123069.7226783
2015-05-16 01:30:00,17704,682123069.7226783
2015-05-16 02:00:00,17238,682123069.7226783
2015-05-16 02:30:00,15046,682123069.7226783
2015-05-16 03:00:00,12296,682123069.7226783
2015-05-16 03:30:00,11062,682123069.7226783
2015-05-16 04:00:00,9343,682123069.7226783
2015-05-16 04:30:00,5732,682123069.7226783
2015-05-16 05:00:00,4358,682123069.7226783
2015-05-16 05:30:00,4601,682123069.7226783
2015-05-16 06:00:00,4780,682123069.7226783
2015-05-16 06:30:00,5559,682123069.7226783
2015-05-16 07:00:00,5231,682123069.7226783
2015-05-16 07:30:00,7283,682123069.7226783
2015-05-16 08:00:00,9959,682123069.7226783
2015-05-16 08:30:00,13706,682123069.7226783
2015-05-16 09:00:00,13962,682123069.7226783
2015-05-16 09:30:00,16608,682123069.7226783
2015-05-16 10:00:00,17239,682123069.7226783
2015-05-16 10:30:00,18908,682123069.7226783
2015-05-16 11:00:00,19073,682123069.7226783
2015-05-16 11:30:00,20159,682123069.7226783
2015-05-16 12:00:00,20061,682123069.7226783
2015-05-16 12:30:00,20673,682123069.7226783
2015-05-16 13:00:00,21503,682123069.7226783
2015-05-16 13:30:00,19911,682123069.7226783
2015-05-16 14:00:00,19489,682123069.7226783
2015-05-16 14:30:00,19500,682123069.7226783
2015-05-16 15:00:00,19578,682123069.7226783
2015-05-16 15:30:00,19265,682123069.7226783
2015-05-16 16:00:00,17684,682123069.7226783
2015-05-16 16:30:00,16319,682123069.7226783
2015-05-16 17:00:00,18085,682123069.7226783
2015-05-16 17:30:00,20552,682123069.7226783
2015-05-16 18:00:00,21975,682123069.7226783
2015-05-16 18:30:00,23399,682123069.7226783
2015-05-16 19:00:00,24911,682123069.7226783
2015-05-16 19:30:00,24223,682123069.7226783
2015-05-16 20:00:00,25327,682123069.7226783
2015-05-16 20:30:00,24021,682123069.7226783
2015-05-16 21:00:00,25011,682123069.7226783
2015-05-16 21:30:00,25311,682123069.7226783
2015-05-16 22:00:00,26029,682123069.7226783
2015-05-16 22:30:00,24577,682123069.7226783
2015-05-16 23:00:00,23371,682123069.7226783
2015-05-16 23:30:00,22992,682123069.7226783
2015-05-17 00:00:00,22856,682123069.7226783
2015-05-17 00:30:00,20462,682123069.7226783
2015-05-17 01:00:00,18917,682123069.7226783
2015-05-17 01:30:00,18014,682123069.7226783
2015-05-17 02:00:00,17555,682123069.7226783
2015-05-17 02:30:00,15304,682123069.7226783
2015-05-17 03:00:00,13312,682123069.7226783
2015-05-17 03:30:00,11436,682123069.7226783
2015-05-17 04:00:00,9621,682123069.7226783
2015-05-17 04:30:00,5822,682123069.7226783
2015-05-17 05:00:00,4228,682123069.7226783
2015-05-17 05:30:00,3156,682123069.7226783
2015-05-17 06:00:00,3262,682123069.7226783
2015-05-17 06:30:00,4177,682123069.7226783
2015-05-17 07:00:00,4257,682123069.7226783
2015-05-17 07:30:00,6102,682123069.7226783
2015-05-17 08:00:00,7221,682123069.7226783
2015-05-17 08:30:00,9522,682123069.7226783
2015-05-17 09:00:00,11247,682123069.7226783
2015-05-17 09:30:00,14257,682123069.7226783
2015-05-17 10:00:00,16233,682123069.7226783
2015-05-17 10:30:00,18374,682123069.7226783
2015-05-17 11:00:00,18769,682123069.7226783
2015-05-17 11:30:00,19541,682123069.7226783
2015-05-17 12:00:00,20337,682123069.7226783
2015-05-17 12:30:00,20343,682123069.7226783
2015-05-17 13:00:00,19913,682123069.7226783
2015-05-17 13:30:00,20166,682123069.7226783
2015-05-17 14:00:00,20423,682123069.7226783
2015-05-17 14:30:00,19950,682123069.7226783
2015-05-17 15:00:00,19310,682123069.7226783
2015-05-17 15:30:00,18771,682123069.7226783
2015-05-17 16:00:00,17524,682123069.7226783
2015-05-17 16:30:00,16787,682123069.7226783
2015-05-17 17:00:00,17591,682123069.7226783
2015-05-17 17:30:00,19087,682123069.7226783
2015-05-17 18:00:00,19788,682123069.7226783
2015-05-17 18:30:00,20144,682123069.7226783
2015-05-17 19:00:00,19329,682123069.7226783
2015-05-17 19:30:00,18682,682123069.7226783
2015-05-17 20:00:00,17152,682123069.7226783
2015-05-17 20:30:00,17890,682123069.7226783
2015-05-17 21:00:00,17223,682123069.7226783
2015-05-17 21:30:00,16640,682123069.7226783
2015-05-17 22:00:00,15984,682123069.7226783
2015-05-17 22:30:00,15284,682123069.7226783
2015-05-17 23:00:00,14268,682123069.7226783
2015-05-17 23:30:00,11824,682123069.7226783
2015-05-18 00:00:00,9467,682123069.7226783
2015-05-18 00:30:00,7348,682123069.7226783
2015-05-18 01:00:00,5575,682123069.7226783
2015-05-18 01:30:00,3989,682123069.7226783
2015-05-18 02:00:00,3585,682123069.7226783
2015-05-18 02:30:00,3140,682123069.7226783
2015-05-18 03:00:00,2359,682123069.7226783
2015-05-18 03:30:00,2049,682123069.7226783
2015-05-18 04:00:00,2418,682123069.7226783
2015-05-18 04:30:00,2314,682123069.7226783
2015-05-18 05:00:00,2878,682123069.7226783
2015-05-18 05:30:00,4749,682123069.7226783
2015-05-18 06:00:00,6808,682123069.7226783
2015-05-18 06:30:00,10773,682123069.7226783
2015-05-18 07:00:00,13669,682123069.7226783
2015-05-18 07:30:00,16378,682123069.7226783
2015-05-18 08:00:00,17010,682123069.7226783
2015-05-18 08:30:00,16773,682123069.7226783
2015-05-18 09:00:00,16100,682123069.7226783
2015-05-18 09:30:00,16613,682123069.7226783
2015-05-18 10:00:00,15587,682123069.7226783
2015-05-18 10:30:00,15275,682123069.7226783
2015-05-18 11:00:00,15026,682123069.7226783
2015-05-18 11:30:00,16315,682123069.7226783
2015-05-18 12:00:00,16612,682123069.7226783
2015-05-18 12:30:00,16795,682123069.7226783
2015-05-18 13:00:00,16465,682123069.7226783
2015-05-18 13:30:00,16973,682123069.7226783
2015-05-18 14:00:00,17637,682123069.7226783
2015-05-18 14:30:00,18147,682123069.7226783
2015-05-18 15:00:00,18345,682123069.7226783
2015-05-18 15:30:00,16567,682123069.7226783
2015-05-18 16:00:00,15321,682123069.7226783
2015-05-18 16:30:00,14202,682123069.7226783
2015-05-18 17:00:00,16318,682123069.7226783
2015-05-18 17:30:00,18748,682123069.7226783
2015-05-18 18:00:00,20611,682123069.7226783
2015-05-18 18:30:00,21552,682123069.7226783
2015-05-18 19:00:00,21814,682123069.7226783
2015-05-18 19:30:00,21835,682123069.7226783
2015-05-18 20:00:00,20777,682123069.7226783
2015-05-18 20:30:00,20569,682123069.7226783
2015-05-18 21:00:00,21160,682123069.7226783
2015-05-18 21:30:00,20717,682123069.7226783
2015-05-18 22:00:00,20148,682123069.7226783
2015-05-18 22:30:00,19034,682123069.7226783
2015-05-18 23:00:00,16765,682123069.7226783
2015-05-18 23:30:00,12828,682123069.7226783
2015-05-19 00:00:00,10996,682123069.7226783
2015-05-19 00:30:00,8846,682123069.7226783
2015-05-19 01:00:00,7028,682123069.7226783
2015-05-19 01:30:00,5283,682123069.7226783
2015-05-19 02:00:00,4490,682123069.7226783
2015-05-19 02:30:00,3169,682123069.7226783
2015-05-19 03:00:00,2312,682123069.7226783
2015-05-19 03:30:00,2111,682123069.7226783
2015-05-19 04:00:00,2246,682123069.7226783
2015-05-19 04:30:00,2000,682123069.7226783
2015-05-19 05:00:00,2348,682123069.7226783
2015-05-19 05:30:00,4461,682123069.7226783
2015-05-19 06:00:00,6836,682123069.7226783
2015-05-19 06:30:00,11865,682123069.7226783
2015-05-19 07:00:00,14665,682123069.7226783
2015-05-19 07:30:00,19181,682123069.7226783
2015-05-19 08:00:00,20508,682123069.7226783
2015-05-19 08:30:00,20219,682123069.7226783
2015-05-19 09:00:00,19798,682123069.7226783
2015-05-19 09:30:00,18672,682123069.7226783
2015-05-19 10:00:00,16789,682123069.7226783
2015-05-19 10:30:00,16586,682123069.7226783
2015-05-19 11:00:00,16313,682123069.7226783
2015-05-19 11:30:00,18065,682123069.7226783
2015-05-19 12:00:00,17897,682123069.7226783
2015-05-19 12:30:00,17435,682123069.7226783
2015-05-19 13:00:00,16645,682123069.7226783
2015-05-19 13:30:00,17630,682123069.7226783
2015-05-19 14:00:00,18302,682123069.7226783
2015-05-19 14:30:00,18166,682123069.7226783
2015-05-19 15:00:00,18510,682123069.7226783
2015-05-19 15:30:00,15743,682123069.7226783
2015-05-19 16:00:00,14259,682123069.7226783
2015-05-19 16:30:00,13210,682123069.7226783
2015-05-19 17:00:00,16136,682123069.7226783
2015-05-19 17:30:00,19004,682123069.7226783
2015-05-19 18:00:00,21252,682123069.7226783
2015-05-19 18:30:00,22808,682123069.7226783
2015-05-19 19:00:00,23309,682123069.7226783
2015-05-19 19:30:00,22966,682123069.7226783
2015-05-19 20:00:00,22210,682123069.7226783
2015-05-19 20:30:00,21998,682123069.7226783
2015-05-19 21:00:00,22882,682123069.7226783
2015-05-19 21:30:00,21746,682123069.7226783
2015-05-19 22:00:00,21733,682123069.7226783
2015-05-19 22:30:00,20045,682123069.7226783
2015-05-19 23:00:00,18736,682123069.7226783
2015-05-19 23:30:00,16878,682123069.7226783
2015-05-20 00:00:00,13818,682123069.7226783
2015-05-20 00:30:00,10456,682123069.7226783
2015-05-20 01:00:00,8086,682123069.7226783
2015-05-20 01:30:00,5762,682123069.7226783
2015-05-20 02:00:00,4917,682123069.7226783
2015-05-20 02:30:00,3874,682123069.7226783
2015-05-20 03:00:00,3113,682123069.7226783
2015-05-20 03:30:00,2659,682123069.7226783
2015-05-20 04:00:00,2765,682123069.7226783
2015-05-20 04:30:00,2523,682123069.7226783
2015-05-20 05:00:00,2781,682123069.7226783
2015-05-20 05:30:00,4686,682123069.7226783
2015-05-20 06:00:00,7029,682123069.7226783
2015-05-20 06:30:00,12084,682123069.7226783
2015-05-20 07:00:00,15276,682123069.7226783
2015-05-20 07:30:00,19112,682123069.7226783
2015-05-20 08:00:00,20097,682123069.7226783
2015-05-20 08:30:00,19649,682123069.7226783
2015-05-20 09:00:00,18939,682123069.7226783
2015-05-20 09:30:00,18092,682123069.7226783
2015-05-20 10:00:00,16845,682123069.7226783
2015-05-20 10:30:00,16803,682123069.7226783
2015-05-20 11:00:00,16448,682123069.7226783
2015-05-20 11:30:00,17872,682123069.7226783
2015-05-20 12:00:00,17984,682123069.7226783
2015-05-20 12:30:00,17162,682123069.7226783
2015-05-20 13:00:00,17356,682123069.7226783
2015-05-20 13:30:00,17377,682123069.7226783
2015-05-20 14:00:00,17407,682123069.7226783
2015-05-20 14:30:00,18165,682123069.7226783
2015-05-20 15:00:00,17768,682123069.7226783
2015-05-20 15:30:00,15780,682123069.7226783
2015-05-20 16:00:00,13859,682123069.7226783
2015-05-20 16:30:00,12843,682123069.7226783
2015-05-20 17:00:00,15440,682123069.7226783
2015-05-20 17:30:00,17766,682123069.7226783
2015-05-20 18:00:00,20454,682123069.7226783
2015-05-20 18:30:00,21608,682123069.7226783
2015-05-20 19:00:00,23506,682123069.7226783
2015-05-20 19:30:00,24208,682123069.7226783
2015-05-20 20:00:00,23727,682123069.7226783
2015-05-20 20:30:00,23627,682123069.7226783
2015-05-20 21:00:00,24353,682123069.7226783
2015-05-20 21:30:00,23829,682123069.7226783
2015-05-20 22:00:00,22896,682123069.7226783
2015-05-20 22:30:00,22379,682123069.7226783
2015-05-20 23:00:00,21322,682123069.7226783
2015-05-20 23:30:00,17828,682123069.7226783
2015-05-21 00:00:00,14647,682123069.7226783
2015-05-21 00:30:00,11343,682123069.7226783
2015-05-21 01:00:00,9110,682123069.7226783
2015-05-21 01:30:00,6847,682123069.7226783
2015-05-21 02:00:00,5600,682123069.7226783
2015-05-21 02:30:00,4332,682123069.7226783
2015-05-21 03:00:00,3353,682123069.7226783
2015-05-21 03:30:00,2938,682123069.7226783
2015-05-21 04:00:00,3016,682123069.7226783
2015-05-21 04:30:00,2557,682123069.7226783
2015-05-21 05:00:00,2805,682123069.7226783
2015-05-21 05:30:00,4589,682123069.7226783
2015-05-21 06:00:00,7103,682123069.7226783
2015-05-21 06:30:00,11830,682123069.7226783
2015-05-21 07:00:00,15258,682123069.7226783
2015-05-21 07:30:00,19136,682123069.7226783
2015-05-21 08:00:00,19376,682123069.7226783
2015-05-21 08:30:00,19470,682123069.7226783
2015-05-21 09:00:00,19164,682123069.7226783
2015-05-21 09:30:00,18410,682123069.7226783
2015-05-21 10:00:00,17415,682123069.7226783
2015-05-21 10:30:00,17469,682123069.7226783
2015-05-21 11:00:00,16402,682123069.7226783
2015-05-21 11:30:00,18226,682123069.7226783
2015-05-21 12:00:00,18069,682123069.7226783
2015-05-21 12:30:00,17688,682123069.7226783
2015-05-21 13:00:00,17816,682123069.7226783
2015-05-21 13:30:00,18444,682123069.7226783
2015-05-21 14:00:00,18803,682123069.7226783
2015-05-21 14:30:00,18763,682123069.7226783
2015-05-21 15:00:00,18273,682123069.7226783
2015-05-21 15:30:00,15476,682123069.7226783
2015-05-21 16:00:00,13588,682123069.7226783
2015-05-21 16:30:00,12388,682123069.7226783
2015-05-21 17:00:00,15550,682123069.7226783
2015-05-21 17:30:00,18394,682123069.7226783
2015-05-21 18:00:00,20775,682123069.7226783
2015-05-21 18:30:00,22525,682123069.7226783
2015-05-21 19:00:00,23389,682123069.7226783
2015-05-21 19:30:00,23417,682123069.7226783
2015-05-21 20:00:00,23027,682123069.7226783
2015-05-21 20:30:00,23284,682123069.7226783
2015-05-21 21:00:00,23789,682123069.7226783
2015-05-21 21:30:00,23776,682123069.7226783
2015-05-21 22:00:00,23432,682123069.7226783
2015-05-21 22:30:00,21437,682123069.7226783
2015-05-21 23:00:00,21492,682123069.7226783
2015-05-21 23:30:00,19984,682123069.7226783
2015-05-22 00:00:00,17649,682123069.7226783
2015-05-22 00:30:00,14612,682123069.7226783
2015-05-22 01:00:00,11889,682123069.7226783
2015-05-22 01:30:00,9360,682123069.7226783
2015-05-22 02:00:00,8036,682123069.7226783
2015-05-22 02:30:00,6769,682123069.7226783
2015-05-22 03:00:00,5431,682123069.7226783
2015-05-22 03:30:00,4528,682123069.7226783
2015-05-22 04:00:00,4331,682123069.7226783
2015-05-22 04:30:00,3389,682123069.7226783
2015-05-22 05:00:00,3484,682123069.7226783
2015-05-22 05:30:00,5054,682123069.7226783
2015-05-22 06:00:00,7180,682123069.7226783
2015-05-22 06:30:00,10657,682123069.7226783
2015-05-22 07:00:00,13007,682123069.7226783
2015-05-22 07:30:00,16575,682123069.7226783
2015-05-22 08:00:00,17159,682123069.7226783
2015-05-22 08:30:00,17595,682123069.7226783
2015-05-22 09:00:00,16854,682123069.7226783
2015-05-22 09:30:00,16737,682123069.7226783
2015-05-22 10:00:00,15763,682123069.7226783
2015-05-22 10:30:00,15337,682123069.7226783
2015-05-22 11:00:00,15235,682123069.7226783
2015-05-22 11:30:00,16333,682123069.7226783
2015-05-22 12:00:00,17050,682123069.7226783
2015-05-22 12:30:00,16283,682123069.7226783
2015-05-22 13:00:00,16546,682123069.7226783
2015-05-22 13:30:00,15964,682123069.7226783
2015-05-22 14:00:00,17243,682123069.7226783
2015-05-22 14:30:00,17693,682123069.7226783
2015-05-22 15:00:00,17253,682123069.7226783
2015-05-22 15:30:00,14965,682123069.7226783
2015-05-22 16:00:00,13536,682123069.7226783
2015-05-22 16:30:00,12856,682123069.7226783
2015-05-22 17:00:00,15604,682123069.7226783
2015-05-22 17:30:00,18090,682123069.7226783
2015-05-22 18:00:00,19553,682123069.7226783
2015-05-22 18:30:00,20221,682123069.7226783
2015-05-22 19:00:00,21497,682123069.7226783
2015-05-22 19:30:00,20663,682123069.7226783
2015-05-22 20:00:00,19264,682123069.7226783
2015-05-22 20:30:00,18390,682123069.7226783
2015-05-22 21:00:00,18791,682123069.7226783
2015-05-22 21:30:00,19464,682123069.7226783
2015-05-22 22:00:00,20403,682123069.7226783
2015-05-22 22:30:00,21859,682123069.7226783
2015-05-22 23:00:00,21603,682123069.7226783
2015-05-22 23:30:00,20969,682123069.7226783
2015-05-23 00:00:00,20378,682123069.7226783
2015-05-23 00:30:00,18878,682123069.7226783
2015-05-23 01:00:00,16879,682123069.7226783
2015-05-23 01:30:00,15008,682123069.7226783
2015-05-23 02:00:00,13681,682123069.7226783
2015-05-23 02:30:00,12046,682123069.7226783
2015-05-23 03:00:00,10458,682123069.7226783
2015-05-23 03:30:00,8876,682123069.7226783
2015-05-23 04:00:00,7995,682123069.7226783
2015-05-23 04:30:00,5240,682123069.7226783
2015-05-23 05:00:00,4026,682123069.7226783
2015-05-23 05:30:00,3456,682123069.7226783
2015-05-23 06:00:00,3845,682123069.7226783
2015-05-23 06:30:00,4222,682123069.7226783
2015-05-23 07:00:00,4816,682123069.7226783
2015-05-23 07:30:00,6479,682123069.7226783
2015-05-23 08:00:00,6530,682123069.7226783
2015-05-23 08:30:00,8796,682123069.7226783
2015-05-23 09:00:00,10060,682123069.7226783
2015-05-23 09:30:00,12145,682123069.7226783
2015-05-23 10:00:00,12802,682123069.7226783
2015-05-23 10:30:00,14234,682123069.7226783
2015-05-23 11:00:00,14714,682123069.7226783
2015-05-23 11:30:00,15318,682123069.7226783
2015-05-23 12:00:00,15922,682123069.7226783
2015-05-23 12:30:00,16308,682123069.7226783
2015-05-23 13:00:00,16874,682123069.7226783
2015-05-23 13:30:00,16899,682123069.7226783
2015-05-23 14:00:00,16107,682123069.7226783
2015-05-23 14:30:00,16072,682123069.7226783
2015-05-23 15:00:00,16464,682123069.7226783
2015-05-23 15:30:00,16481,682123069.7226783
2015-05-23 16:00:00,16146,682123069.7226783
2015-05-23 16:30:00,15837,682123069.7226783
2015-05-23 17:00:00,16894,682123069.7226783
2015-05-23 17:30:00,18869,682123069.7226783
2015-05-23 18:00:00,19196,682123069.7226783
2015-05-23 18:30:00,19337,682123069.7226783
2015-05-23 19:00:00,20783,682123069.7226783
2015-05-23 19:30:00,19665,682123069.7226783
2015-05-23 20:00:00,17178,682123069.7226783
2015-05-23 20:30:00,17627,682123069.7226783
2015-05-23 21:00:00,17742,682123069.7226783
2015-05-23 21:30:00,18045,682123069.7226783
2015-05-23 22:00:00,19426,682123069.7226783
2015-05-23 22:30:00,19593,682123069.7226783
2015-05-23 23:00:00,19379,682123069.7226783
2015-05-23 23:30:00,19446,682123069.7226783
2015-05-24 00:00:00,18996,682123069.7226783
2015-05-24 00:30:00,17571,682123069.7226783
2015-05-24 01:00:00,16078,682123069.7226783
2015-05-24 01:30:00,14191,682123069.7226783
2015-05-24 02:00:00,12933,682123069.7226783
2015-05-24 02:30:00,11160,682123069.7226783
2015-05-24 03:00:00,9928,682123069.7226783
2015-05-24 03:30:00,8895,682123069.7226783
2015-05-24 04:00:00,8141,682123069.7226783
2015-05-24 04:30:00,5068,682123069.7226783
2015-05-24 05:00:00,3344,682123069.7226783
2015-05-24 05:30:00,2499,682123069.7226783
2015-05-24 06:00:00,2631,682123069.7226783
2015-05-24 06:30:00,2957,682123069.7226783
2015-05-24 07:00:00,3614,682123069.7226783
2015-05-24 07:30:00,4385,682123069.7226783
2015-05-24 08:00:00,4710,682123069.7226783
2015-05-24 08:30:00,6185,682123069.7226783
2015-05-24 09:00:00,7382,682123069.7226783
2015-05-24 09:30:00,9357,682123069.7226783
2015-05-24 10:00:00,10832,682123069.7226783
2015-05-24 10:30:00,13037,682123069.7226783
2015-05-24 11:00:00,12878,682123069.7226783
2015-05-24 11:30:00,14110,682123069.7226783
2015-05-24 12:00:00,14125,682123069.7226783
2015-05-24 12:30:00,15249,682123069.7226783
2015-05-24 13:00:00,15642,682123069.7226783
2015-05-24 13:30:00,16266,682123069.7226783
2015-05-24 14:00:00,16898,682123069.7226783
2015-05-24 14:30:00,16403,682123069.7226783
2015-05-24 15:00:00,15270,682123069.7226783
2015-05-24 15:30:00,15494,682123069.7226783
2015-05-24 16:00:00,14817,682123069.7226783
2015-05-24 16:30:00,15220,682123069.7226783
2015-05-24 17:00:00,16056,682123069.7226783
2015-05-24 17:30:00,17066,682123069.7226783
2015-05-24 18:00:00,16879,682123069.7226783
2015-05-24 18:30:00,17535,682123069.7226783
2015-05-24 19:00:00,16614,682123069.7226783
2015-05-24 19:30:00,16196,682123069.7226783
2015-05-24 20:00:00,15014,682123069.7226783
2015-05-24 20:30:00,15147,682123069.7226783
2015-05-24 21:00:00,14997,682123069.7226783
2015-05-24 21:30:00,15064,682123069.7226783
2015-05-24 22:00:00,14822,682123069.7226783
2015-05-24 22:30:00,15502,682123069.7226783
2015-05-24 23:00:00,15516,682123069.7226783
2015-05-24 23:30:00,15043,682123069.7226783
2015-05-25 00:00:00,13804,682123069.7226783
2015-05-25 00:30:00,11772,682123069.7226783
2015-05-25 01:00:00,9902,682123069.7226783
2015-05-25 01:30:00,8377,682123069.7226783
2015-05-25 02:00:00,7335,682123069.7226783
2015-05-25 02:30:00,6118,682123069.7226783
2015-05-25 03:00:00,5006,682123069.7226783
2015-05-25 03:30:00,4665,682123069.7226783
2015-05-25 04:00:00,4083,682123069.7226783
2015-05-25 04:30:00,3106,682123069.7226783
2015-05-25 05:00:00,2466,682123069.7226783
2015-05-25 05:30:00,2436,682123069.7226783
2015-05-25 06:00:00,2673,682123069.7226783
2015-05-25 06:30:00,3034,682123069.7226783
2015-05-25 07:00:00,3226,682123069.7226783
2015-05-25 07:30:00,4018,682123069.7226783
2015-05-25 08:00:00,4398,682123069.7226783
2015-05-25 08:30:00,5340,682123069.7226783
2015-05-25 09:00:00,6566,682123069.7226783
2015-05-25 09:30:00,8158,682123069.7226783
2015-05-25 10:00:00,9072,682123069.7226783
2015-05-25 10:30:00,10311,682123069.7226783
2015-05-25 11:00:00,10938,682123069.7226783
2015-05-25 11:30:00,12741,682123069.7226783
2015-05-25 12:00:00,13381,682123069.7226783
2015-05-25 12:30:00,13930,682123069.7226783
2015-05-25 13:00:00,14235,682123069.7226783
2015-05-25 13:30:00,15079,682123069.7226783
2015-05-25 14:00:00,15061,682123069.7226783
2015-05-25 14:30:00,15917,682123069.7226783
2015-05-25 15:00:00,16226,682123069.7226783
2015-05-25 15:30:00,15877,682123069.7226783
2015-05-25 16:00:00,16014,682123069.7226783
2015-05-25 16:30:00,15257,682123069.7226783
2015-05-25 17:00:00,16474,682123069.7226783
2015-05-25 17:30:00,16955,682123069.7226783
2015-05-25 18:00:00,17307,682123069.7226783
2015-05-25 18:30:00,17316,682123069.7226783
2015-05-25 19:00:00,17415,682123069.7226783
2015-05-25 19:30:00,16543,682123069.7226783
2015-05-25 20:00:00,14979,682123069.7226783
2015-05-25 20:30:00,16181,682123069.7226783
2015-05-25 21:00:00,16052,682123069.7226783
2015-05-25 21:30:00,15786,682123069.7226783
2015-05-25 22:00:00,14905,682123069.7226783
2015-05-25 22:30:00,13514,682123069.7226783
2015-05-25 23:00:00,11213,682123069.7226783
2015-05-25 23:30:00,10038,682123069.7226783
2015-05-26 00:00:00,7895,682123069.7226783
2015-05-26 00:30:00,5916,682123069.7226783
2015-05-26 01:00:00,4341,682123069.7226783
2015-05-26 01:30:00,3137,682123069.7226783
2015-05-26 02:00:00,2767,682123069.7226783
2015-05-26 02:30:00,2056,682123069.7226783
2015-05-26 03:00:00,1589,682123069.7226783
2015-05-26 03:30:00,1504,682123069.7226783
2015-05-26 04:00:00,1779,682123069.7226783
2015-05-26 04:30:00,1973,682123069.7226783
2015-05-26 05:00:00,2290,682123069.7226783
2015-05-26 05:30:00,4517,682123069.7226783
2015-05-26 06:00:00,6848,682123069.7226783
2015-05-26 06:30:00,10935,682123069.7226783
2015-05-26 07:00:00,13478,682123069.7226783
2015-05-26 07:30:00,16871,682123069.7226783
2015-05-26 08:00:00,17140,682123069.7226783
2015-05-26 08:30:00,17455,682123069.7226783
2015-05-26 09:00:00,16577,682123069.7226783
2015-05-26 09:30:00,15996,682123069.7226783
2015-05-26 10:00:00,14840,682123069.7226783
2015-05-26 10:30:00,15201,682123069.7226783
2015-05-26 11:00:00,14677,682123069.7226783
2015-05-26 11:30:00,15773,682123069.7226783
2015-05-26 12:00:00,15794,682123069.7226783
2015-05-26 12:30:00,16127,682123069.7226783
2015-05-26 13:00:00,15933,682123069.7226783
2015-05-26 13:30:00,17003,682123069.7226783
2015-05-26 14:00:00,17655,682123069.7226783
2015-05-26 14:30:00,18363,682123069.7226783
2015-05-26 15:00:00,18096,682123069.7226783
2015-05-26 15:30:00,16401,682123069.7226783
2015-05-26 16:00:00,15107,682123069.7226783
2015-05-26 16:30:00,14585,682123069.7226783
2015-05-26 17:00:00,16469,682123069.7226783
2015-05-26 17:30:00,18790,682123069.7226783
2015-05-26 18:00:00,21113,682123069.7226783
2015-05-26 18:30:00,21980,682123069.7226783
2015-05-26 19:00:00,21255,682123069.7226783
2015-05-26 19:30:00,19612,682123069.7226783
2015-05-26 20:00:00,19340,682123069.7226783
2015-05-26 20:30:00,19462,682123069.7226783
2015-05-26 21:00:00,19808,682123069.7226783
2015-05-26 21:30:00,19696,682123069.7226783
2015-05-26 22:00:00,18800,682123069.7226783
2015-05-26 22:30:00,16503,682123069.7226783
2015-05-26 23:00:00,15789,682123069.7226783
2015-05-26 23:30:00,11699,682123069.7226783
2015-05-27 00:00:00,9685,682123069.7226783
2015-05-27 00:30:00,7061,682123069.7226783
2015-05-27 01:00:00,5550,682123069.7226783
2015-05-27 01:30:00,4380,682123069.7226783
2015-05-27 02:00:00,3456,682123069.7226783
2015-05-27 02:30:00,2912,682123069.7226783
2015-05-27 03:00:00,2412,682123069.7226783
2015-05-27 03:30:00,2274,682123069.7226783
2015-05-27 04:00:00,2036,682123069.7226783
2015-05-27 04:30:00,1968,682123069.7226783
2015-05-27 05:00:00,2338,682123069.7226783
2015-05-27 05:30:00,4285,682123069.7226783
2015-05-27 06:00:00,6585,682123069.7226783
2015-05-27 06:30:00,11992,682123069.7226783
2015-05-27 07:00:00,14935,682123069.7226783
2015-05-27 07:30:00,18599,682123069.7226783
2015-05-27 08:00:00,19211,682123069.7226783
2015-05-27 08:30:00,19430,682123069.7226783
2015-05-27 09:00:00,18191,682123069.7226783
2015-05-27 09:30:00,17292,682123069.7226783
2015-05-27 10:00:00,16531,682123069.7226783
2015-05-27 10:30:00,16420,682123069.7226783
2015-05-27 11:00:00,15994,682123069.7226783
2015-05-27 11:30:00,17207,682123069.7226783
2015-05-27 12:00:00,17273,682123069.7226783
2015-05-27 12:30:00,16300,682123069.7226783
2015-05-27 13:00:00,16619,682123069.7226783
2015-05-27 13:30:00,16969,682123069.7226783
2015-05-27 14:00:00,17466,682123069.7226783
2015-05-27 14:30:00,17483,682123069.7226783
2015-05-27 15:00:00,17194,682123069.7226783
2015-05-27 15:30:00,15227,682123069.7226783
2015-05-27 16:00:00,13596,682123069.7226783
2015-05-27 16:30:00,12959,682123069.7226783
2015-05-27 17:00:00,14856,682123069.7226783
2015-05-27 17:30:00,17651,682123069.7226783
2015-05-27 18:00:00,19798,682123069.7226783
2015-05-27 18:30:00,22522,682123069.7226783
2015-05-27 19:00:00,22600,682123069.7226783
2015-05-27 19:30:00,23755,682123069.7226783
2015-05-27 20:00:00,23213,682123069.7226783
2015-05-27 20:30:00,22589,682123069.7226783
2015-05-27 21:00:00,21560,682123069.7226783
2015-05-27 21:30:00,22426,682123069.7226783
2015-05-27 22:00:00,21610,682123069.7226783
2015-05-27 22:30:00,19885,682123069.7226783
2015-05-27 23:00:00,17909,682123069.7226783
2015-05-27 23:30:00,14531,682123069.7226783
2015-05-28 00:00:00,12906,682123069.7226783
2015-05-28 00:30:00,9640,682123069.7226783
2015-05-28 01:00:00,7711,682123069.7226783
2015-05-28 01:30:00,5759,682123069.7226783
2015-05-28 02:00:00,4544,682123069.7226783
2015-05-28 02:30:00,3571,682123069.7226783
2015-05-28 03:00:00,2819,682123069.7226783
2015-05-28 03:30:00,2259,682123069.7226783
2015-05-28 04:00:00,2342,682123069.7226783
2015-05-28 04:30:00,2230,682123069.7226783
2015-05-28 05:00:00,2476,682123069.7226783
2015-05-28 05:30:00,4486,682123069.7226783
2015-05-28 06:00:00,6585,682123069.7226783
2015-05-28 06:30:00,11784,682123069.7226783
2015-05-28 07:00:00,15053,682123069.7226783
2015-05-28 07:30:00,19170,682123069.7226783
2015-05-28 08:00:00,19692,682123069.7226783
2015-05-28 08:30:00,19396,682123069.7226783
2015-05-28 09:00:00,18733,682123069.7226783
2015-05-28 09:30:00,18055,682123069.7226783
2015-05-28 10:00:00,17096,682123069.7226783
2015-05-28 10:30:00,16942,682123069.7226783
2015-05-28 11:00:00,16276,682123069.7226783
2015-05-28 11:30:00,17440,682123069.7226783
2015-05-28 12:00:00,17485,682123069.7226783
2015-05-28 12:30:00,16975,682123069.7226783
2015-05-28 13:00:00,16799,682123069.7226783
2015-05-28 13:30:00,17492,682123069.7226783
2015-05-28 14:00:00,17972,682123069.7226783
2015-05-28 14:30:00,18135,682123069.7226783
2015-05-28 15:00:00,17827,682123069.7226783
2015-05-28 15:30:00,15524,682123069.7226783
2015-05-28 16:00:00,13882,682123069.7226783
2015-05-28 16:30:00,12909,682123069.7226783
2015-05-28 17:00:00,15975,682123069.7226783
2015-05-28 17:30:00,18012,682123069.7226783
2015-05-28 18:00:00,20583,682123069.7226783
2015-05-28 18:30:00,22106,682123069.7226783
2015-05-28 19:00:00,23121,682123069.7226783
2015-05-28 19:30:00,23052,682123069.7226783
2015-05-28 20:00:00,22204,682123069.7226783
2015-05-28 20:30:00,21765,682123069.7226783
2015-05-28 21:00:00,22791,682123069.7226783
2015-05-28 21:30:00,22922,682123069.7226783
2015-05-28 22:00:00,21467,682123069.7226783
2015-05-28 22:30:00,20677,682123069.7226783
2015-05-28 23:00:00,19451,682123069.7226783
2015-05-28 23:30:00,18179,682123069.7226783
2015-05-29 00:00:00,16561,682123069.7226783
2015-05-29 00:30:00,13308,682123069.7226783
2015-05-29 01:00:00,10893,682123069.7226783
2015-05-29 01:30:00,8605,682123069.7226783
2015-05-29 02:00:00,7212,682123069.7226783
2015-05-29 02:30:00,5631,682123069.7226783
2015-05-29 03:00:00,4930,682123069.7226783
2015-05-29 03:30:00,4179,682123069.7226783
2015-05-29 04:00:00,4098,682123069.7226783
2015-05-29 04:30:00,3007,682123069.7226783
2015-05-29 05:00:00,3182,682123069.7226783
2015-05-29 05:30:00,4848,682123069.7226783
2015-05-29 06:00:00,6881,682123069.7226783
2015-05-29 06:30:00,10967,682123069.7226783
2015-05-29 07:00:00,14056,682123069.7226783
2015-05-29 07:30:00,18055,682123069.7226783
2015-05-29 08:00:00,18789,682123069.7226783
2015-05-29 08:30:00,18609,682123069.7226783
2015-05-29 09:00:00,17841,682123069.7226783
2015-05-29 09:30:00,17315,682123069.7226783
2015-05-29 10:00:00,16020,682123069.7226783
2015-05-29 10:30:00,16135,682123069.7226783
2015-05-29 11:00:00,15976,682123069.7226783
2015-05-29 11:30:00,16874,682123069.7226783
2015-05-29 12:00:00,16731,682123069.7226783
2015-05-29 12:30:00,16156,682123069.7226783
2015-05-29 13:00:00,16111,682123069.7226783
2015-05-29 13:30:00,16143,682123069.7226783
2015-05-29 14:00:00,17015,682123069.7226783
2015-05-29 14:30:00,17053,682123069.7226783
2015-05-29 15:00:00,16265,682123069.7226783
2015-05-29 15:30:00,14820,682123069.7226783
2015-05-29 16:00:00,13737,682123069.7226783
2015-05-29 16:30:00,12913,682123069.7226783
2015-05-29 17:00:00,15399,682123069.7226783
2015-05-29 17:30:00,18307,682123069.7226783
2015-05-29 18:00:00,20691,682123069.7226783
2015-05-29 18:30:00,22628,682123069.7226783
2015-05-29 19:00:00,24805,682123069.7226783
2015-05-29 19:30:00,23933,682123069.7226783
2015-05-29 20:00:00,22099,682123069.7226783
2015-05-29 20:30:00,22123,682123069.7226783
2015-05-29 21:00:00,22097,682123069.7226783
2015-05-29 21:30:00,22085,682123069.7226783
2015-05-29 22:00:00,22525,682123069.7226783
2015-05-29 22:30:00,24167,682123069.7226783
2015-05-29 23:00:00,24120,682123069.7226783
2015-05-29 23:30:00,22614,682123069.7226783
2015-05-30 00:00:00,21960,682123069.7226783
2015-05-30 00:30:00,20954,682123069.7226783
2015-05-30 01:00:00,20197,682123069.7226783
2015-05-30 01:30:00,18293,682123069.7226783
2015-05-30 02:00:00,16561,682123069.7226783
2015-05-30 02:30:00,14536,682123069.7226783
2015-05-30 03:00:00,12219,682123069.7226783
2015-05-30 03:30:00,10836,682123069.7226783
2015-05-30 04:00:00,9190,682123069.7226783
2015-05-30 04:30:00,5603,682123069.7226783
2015-05-30 05:00:00,3813,682123069.7226783
2015-05-30 05:30:00,3287,682123069.7226783
2015-05-30 06:00:00,3396,682123069.7226783
2015-05-30 06:30:00,4573,682123069.7226783
2015-05-30 07:00:00,4880,682123069.7226783
2015-05-30 07:30:00,7361,682123069.7226783
2015-05-30 08:00:00,8876,682123069.7226783
2015-05-30 08:30:00,11843,682123069.7226783
2015-05-30 09:00:00,12943,682123069.7226783
2015-05-30 09:30:00,15385,682123069.7226783
2015-05-30 10:00:00,16747,682123069.7226783
2015-05-30 10:30:00,18736,682123069.7226783
2015-05-30 11:00:00,18252,682123069.7226783
2015-05-30 11:30:00,18723,682123069.7226783
2015-05-30 12:00:00,19112,682123069.7226783
2015-05-30 12:30:00,19718,682123069.7226783
2015-05-30 13:00:00,20143,682123069.7226783
2015-05-30 13:30:00,19782,682123069.7226783
2015-05-30 14:00:00,18893,682123069.7226783
2015-05-30 14:30:00,19258,682123069.7226783
2015-05-30 15:00:00,18828,682123069.7226783
2015-05-30 15:30:00,18334,682123069.7226783
2015-05-30 16:00:00,16559,682123069.7226783
2015-05-30 16:30:00,15770,682123069.7226783
2015-05-30 17:00:00,17330,682123069.7226783
2015-05-30 17:30:00,20080,682123069.7226783
2015-05-30 18:00:00,21331,682123069.7226783
2015-05-30 18:30:00,21799,682123069.7226783
2015-05-30 19:00:00,22929,682123069.7226783
2015-05-30 19:30:00,21975,682123069.7226783
2015-05-30 20:00:00,19983,682123069.7226783
2015-05-30 20:30:00,19320,682123069.7226783
2015-05-30 21:00:00,20306,682123069.7226783
2015-05-30 21:30:00,20852,682123069.7226783
2015-05-30 22:00:00,21953,682123069.7226783
2015-05-30 22:30:00,23214,682123069.7226783
2015-05-30 23:00:00,23845,682123069.7226783
2015-05-30 23:30:00,23211,682123069.7226783
2015-05-31 00:00:00,22618,682123069.7226783
2015-05-31 00:30:00,21473,682123069.7226783
2015-05-31 01:00:00,20561,682123069.7226783
2015-05-31 01:30:00,19049,682123069.7226783
2015-05-31 02:00:00,17974,682123069.7226783
2015-05-31 02:30:00,16132,682123069.7226783
2015-05-31 03:00:00,13458,682123069.7226783
2015-05-31 03:30:00,11754,682123069.7226783
2015-05-31 04:00:00,9725,682123069.7226783
2015-05-31 04:30:00,6086,682123069.7226783
2015-05-31 05:00:00,4053,682123069.7226783
2015-05-31 05:30:00,3138,682123069.7226783
2015-05-31 06:00:00,2926,682123069.7226783
2015-05-31 06:30:00,3688,682123069.7226783
2015-05-31 07:00:00,3849,682123069.7226783
2015-05-31 07:30:00,4931,682123069.7226783
2015-05-31 08:00:00,5942,682123069.7226783
2015-05-31 08:30:00,8305,682123069.7226783
2015-05-31 09:00:00,9556,682123069.7226783
2015-05-31 09:30:00,12563,682123069.7226783
2015-05-31 10:00:00,13788,682123069.7226783
2015-05-31 10:30:00,15672,682123069.7226783
2015-05-31 11:00:00,15630,682123069.7226783
2015-05-31 11:30:00,16863,682123069.7226783
2015-05-31 12:00:00,17315,682123069.7226783
2015-05-31 12:30:00,17517,682123069.7226783
2015-05-31 13:00:00,17691,682123069.7226783
2015-05-31 13:30:00,17616,682123069.7226783
2015-05-31 14:00:00,18166,682123069.7226783
2015-05-31 14:30:00,16628,682123069.7226783
2015-05-31 15:00:00,15509,682123069.7226783
2015-05-31 15:30:00,14831,682123069.7226783
2015-05-31 16:00:00,14530,682123069.7226783
2015-05-31 16:30:00,12726,682123069.7226783
2015-05-31 17:00:00,13353,682123069.7226783
2015-05-31 17:30:00,14695,682123069.7226783
2015-05-31 18:00:00,14605,682123069.7226783
2015-05-31 18:30:00,14957,682123069.7226783
2015-05-31 19:00:00,15052,682123069.7226783
2015-05-31 19:30:00,14938,682123069.7226783
2015-05-31 20:00:00,14810,682123069.7226783
2015-05-31 20:30:00,14658,682123069.7226783
2015-05-31 21:00:00,14120,682123069.7226783
2015-05-31 21:30:00,13127,682123069.7226783
2015-05-31 22:00:00,12406,682123069.7226783
2015-05-31 22:30:00,13180,682123069.7226783
2015-05-31 23:00:00,12114,682123069.7226783
2015-05-31 23:30:00,9147,682123069.7226783
2015-06-01 00:00:00,8418,682123069.7226783
2015-06-01 00:30:00,6821,682123069.7226783
2015-06-01 01:00:00,5727,682123069.7226783
2015-06-01 01:30:00,5104,682123069.7226783
2015-06-01 02:00:00,4323,682123069.7226783
2015-06-01 02:30:00,2789,682123069.7226783
2015-06-01 03:00:00,2333,682123069.7226783
2015-06-01 03:30:00,1910,682123069.7226783
2015-06-01 04:00:00,2184,682123069.7226783
2015-06-01 04:30:00,2252,682123069.7226783
2015-06-01 05:00:00,2665,682123069.7226783
2015-06-01 05:30:00,4693,682123069.7226783
2015-06-01 06:00:00,6891,682123069.7226783
2015-06-01 06:30:00,11898,682123069.7226783
2015-06-01 07:00:00,13774,682123069.7226783
2015-06-01 07:30:00,16681,682123069.7226783
2015-06-01 08:00:00,17897,682123069.7226783
2015-06-01 08:30:00,17443,682123069.7226783
2015-06-01 09:00:00,16614,682123069.7226783
2015-06-01 09:30:00,15966,682123069.7226783
2015-06-01 10:00:00,16202,682123069.7226783
2015-06-01 10:30:00,17484,682123069.7226783
2015-06-01 11:00:00,17421,682123069.7226783
2015-06-01 11:30:00,17032,682123069.7226783
2015-06-01 12:00:00,16496,682123069.7226783
2015-06-01 12:30:00,15925,682123069.7226783
2015-06-01 13:00:00,14743,682123069.7226783
2015-06-01 13:30:00,15525,682123069.7226783
2015-06-01 14:00:00,16484,682123069.7226783
2015-06-01 14:30:00,17048,682123069.7226783
2015-06-01 15:00:00,17067,682123069.7226783
2015-06-01 15:30:00,15958,682123069.7226783
2015-06-01 16:00:00,14306,682123069.7226783
2015-06-01 16:30:00,14905,682123069.7226783
2015-06-01 17:00:00,17068,682123069.7226783
2015-06-01 17:30:00,19210,682123069.7226783
2015-06-01 18:00:00,21005,682123069.7226783
2015-06-01 18:30:00,21464,682123069.7226783
2015-06-01 19:00:00,22921,682123069.7226783
2015-06-01 19:30:00,21489,682123069.7226783
2015-06-01 20:00:00,20266,682123069.7226783
2015-06-01 20:30:00,19794,682123069.7226783
2015-06-01 21:00:00,21070,682123069.7226783
2015-06-01 21:30:00,20160,682123069.7226783
2015-06-01 22:00:00,19613,682123069.7226783
2015-06-01 22:30:00,17787,682123069.7226783
2015-06-01 23:00:00,14312,682123069.7226783
2015-06-01 23:30:00,11484,682123069.7226783
2015-06-02 00:00:00,9654,682123069.7226783
2015-06-02 00:30:00,7390,682123069.7226783
2015-06-02 01:00:00,6050,682123069.7226783
2015-06-02 01:30:00,5127,682123069.7226783
2015-06-02 02:00:00,4020,682123069.7226783
2015-06-02 02:30:00,2736,682123069.7226783
2015-06-02 03:00:00,2018,682123069.7226783
2015-06-02 03:30:00,1868,682123069.7226783
2015-06-02 04:00:00,1807,682123069.7226783
2015-06-02 04:30:00,1850,682123069.7226783
2015-06-02 05:00:00,2319,682123069.7226783
2015-06-02 05:30:00,4711,682123069.7226783
2015-06-02 06:00:00,6818,682123069.7226783
2015-06-02 06:30:00,12004,682123069.7226783
2015-06-02 07:00:00,15041,682123069.7226783
2015-06-02 07:30:00,17814,682123069.7226783
2015-06-02 08:00:00,19165,682123069.7226783
2015-06-02 08:30:00,19010,682123069.7226783
2015-06-02 09:00:00,18086,682123069.7226783
2015-06-02 09:30:00,17589,682123069.7226783
2015-06-02 10:00:00,16357,682123069.7226783
2015-06-02 10:30:00,15693,682123069.7226783
2015-06-02 11:00:00,15752,682123069.7226783
2015-06-02 11:30:00,16568,682123069.7226783
2015-06-02 12:00:00,17114,682123069.7226783
2015-06-02 12:30:00,16705,682123069.7226783
2015-06-02 13:00:00,17188,682123069.7226783
2015-06-02 13:30:00,17870,682123069.7226783
2015-06-02 14:00:00,17754,682123069.7226783
2015-06-02 14:30:00,19581,682123069.7226783
2015-06-02 15:00:00,19176,682123069.7226783
2015-06-02 15:30:00,15889,682123069.7226783
2015-06-02 16:00:00,13873,682123069.7226783
2015-06-02 16:30:00,13582,682123069.7226783
2015-06-02 17:00:00,16054,682123069.7226783
2015-06-02 17:30:00,18762,682123069.7226783
2015-06-02 18:00:00,21045,682123069.7226783
2015-06-02 18:30:00,22062,682123069.7226783
2015-06-02 19:00:00,22328,682123069.7226783
2015-06-02 19:30:00,22616,682123069.7226783
2015-06-02 20:00:00,22275,682123069.7226783
2015-06-02 20:30:00,22060,682123069.7226783
2015-06-02 21:00:00,22511,682123069.7226783
2015-06-02 21:30:00,21969,682123069.7226783
2015-06-02 22:00:00,20796,682123069.7226783
2015-06-02 22:30:00,19025,682123069.7226783
2015-06-02 23:00:00,16895,682123069.7226783
2015-06-02 23:30:00,14297,682123069.7226783
2015-06-03 00:00:00,12219,682123069.7226783
2015-06-03 00:30:00,8946,682123069.7226783
2015-06-03 01:00:00,6874,682123069.7226783
2015-06-03 01:30:00,5100,682123069.7226783
2015-06-03 02:00:00,4145,682123069.7226783
2015-06-03 02:30:00,3190,682123069.7226783
2015-06-03 03:00:00,2518,682123069.7226783
2015-06-03 03:30:00,2129,682123069.7226783
2015-06-03 04:00:00,2378,682123069.7226783
2015-06-03 04:30:00,1995,682123069.7226783
2015-06-03 05:00:00,2340,682123069.7226783
2015-06-03 05:30:00,4401,682123069.7226783
2015-06-03 06:00:00,6405,682123069.7226783
2015-06-03 06:30:00,11517,682123069.7226783
2015-06-03 07:00:00,15059,682123069.7226783
2015-06-03 07:30:00,18613,682123069.7226783
2015-06-03 08:00:00,20019,682123069.7226783
2015-06-03 08:30:00,19589,682123069.7226783
2015-06-03 09:00:00,17861,682123069.7226783
2015-06-03 09:30:00,17683,682123069.7226783
2015-06-03 10:00:00,15977,682123069.7226783
2015-06-03 10:30:00,16008,682123069.7226783
2015-06-03 11:00:00,15831,682123069.7226783
2015-06-03 11:30:00,17348,682123069.7226783
2015-06-03 12:00:00,17405,682123069.7226783
2015-06-03 12:30:00,16524,682123069.7226783
2015-06-03 13:00:00,16170,682123069.7226783
2015-06-03 13:30:00,17109,682123069.7226783
2015-06-03 14:00:00,17078,682123069.7226783
2015-06-03 14:30:00,17467,682123069.7226783
2015-06-03 15:00:00,17384,682123069.7226783
2015-06-03 15:30:00,15234,682123069.7226783
2015-06-03 16:00:00,13833,682123069.7226783
2015-06-03 16:30:00,12339,682123069.7226783
2015-06-03 17:00:00,14923,682123069.7226783
2015-06-03 17:30:00,18021,682123069.7226783
2015-06-03 18:00:00,20297,682123069.7226783
2015-06-03 18:30:00,21324,682123069.7226783
2015-06-03 19:00:00,22817,682123069.7226783
2015-06-03 19:30:00,22769,682123069.7226783
2015-06-03 20:00:00,22666,682123069.7226783
2015-06-03 20:30:00,22814,682123069.7226783
2015-06-03 21:00:00,23373,682123069.7226783
2015-06-03 21:30:00,23440,682123069.7226783
2015-06-03 22:00:00,22208,682123069.7226783
2015-06-03 22:30:00,21078,682123069.7226783
2015-06-03 23:00:00,20216,682123069.7226783
2015-06-03 23:30:00,17410,682123069.7226783
2015-06-04 00:00:00,14540,682123069.7226783
2015-06-04 00:30:00,11750,682123069.7226783
2015-06-04 01:00:00,8462,682123069.7226783
2015-06-04 01:30:00,6619,682123069.7226783
2015-06-04 02:00:00,5162,682123069.7226783
2015-06-04 02:30:00,4149,682123069.7226783
2015-06-04 03:00:00,3307,682123069.7226783
2015-06-04 03:30:00,2786,682123069.7226783
2015-06-04 04:00:00,2756,682123069.7226783
2015-06-04 04:30:00,2498,682123069.7226783
2015-06-04 05:00:00,2526,682123069.7226783
2015-06-04 05:30:00,4630,682123069.7226783
2015-06-04 06:00:00,6650,682123069.7226783
2015-06-04 06:30:00,11978,682123069.7226783
2015-06-04 07:00:00,14707,682123069.7226783
2015-06-04 07:30:00,18381,682123069.7226783
2015-06-04 08:00:00,19544,682123069.7226783
2015-06-04 08:30:00,19491,682123069.7226783
2015-06-04 09:00:00,18808,682123069.7226783
2015-06-04 09:30:00,17815,682123069.7226783
2015-06-04 10:00:00,16694,682123069.7226783
2015-06-04 10:30:00,16760,682123069.7226783
2015-06-04 11:00:00,16297,682123069.7226783
2015-06-04 11:30:00,17458,682123069.7226783
2015-06-04 12:00:00,17779,682123069.7226783
2015-06-04 12:30:00,17221,682123069.7226783
2015-06-04 13:00:00,17062,682123069.7226783
2015-06-04 13:30:00,17229,682123069.7226783
2015-06-04 14:00:00,17630,682123069.7226783
2015-06-04 14:30:00,18150,682123069.7226783
2015-06-04 15:00:00,17266,682123069.7226783
2015-06-04 15:30:00,15620,682123069.7226783
2015-06-04 16:00:00,13822,682123069.7226783
2015-06-04 16:30:00,12993,682123069.7226783
2015-06-04 17:00:00,15435,682123069.7226783
2015-06-04 17:30:00,18594,682123069.7226783
2015-06-04 18:00:00,20896,682123069.7226783
2015-06-04 18:30:00,22136,682123069.7226783
2015-06-04 19:00:00,23243,682123069.7226783
2015-06-04 19:30:00,23421,682123069.7226783
2015-06-04 20:00:00,23236,682123069.7226783
2015-06-04 20:30:00,23575,682123069.7226783
2015-06-04 21:00:00,24498,682123069.7226783
2015-06-04 21:30:00,24083,682123069.7226783
2015-06-04 22:00:00,24044,682123069.7226783
2015-06-04 22:30:00,22979,682123069.7226783
2015-06-04 23:00:00,21693,682123069.7226783
2015-06-04 23:30:00,20970,682123069.7226783
2015-06-05 00:00:00,20226,682123069.7226783
2015-06-05 00:30:00,14952,682123069.7226783
2015-06-05 01:00:00,12203,682123069.7226783
2015-06-05 01:30:00,9362,682123069.7226783
2015-06-05 02:00:00,8042,682123069.7226783
2015-06-05 02:30:00,6445,682123069.7226783
2015-06-05 03:00:00,5224,682123069.7226783
2015-06-05 03:30:00,4506,682123069.7226783
2015-06-05 04:00:00,4140,682123069.7226783
2015-06-05 04:30:00,3199,682123069.7226783
2015-06-05 05:00:00,3146,682123069.7226783
2015-06-05 05:30:00,4455,682123069.7226783
2015-06-05 06:00:00,6596,682123069.7226783
2015-06-05 06:30:00,11067,682123069.7226783
2015-06-05 07:00:00,13964,682123069.7226783
2015-06-05 07:30:00,17530,682123069.7226783
2015-06-05 08:00:00,18720,682123069.7226783
2015-06-05 08:30:00,18998,682123069.7226783
2015-06-05 09:00:00,17891,682123069.7226783
2015-06-05 09:30:00,17372,682123069.7226783
2015-06-05 10:00:00,18688,682123069.7226783
2015-06-05 10:30:00,18967,682123069.7226783
2015-06-05 11:00:00,18787,682123069.7226783
2015-06-05 11:30:00,18594,682123069.7226783
2015-06-05 12:00:00,17759,682123069.7226783
2015-06-05 12:30:00,16562,682123069.7226783
2015-06-05 13:00:00,16572,682123069.7226783
2015-06-05 13:30:00,16132,682123069.7226783
2015-06-05 14:00:00,16940,682123069.7226783
2015-06-05 14:30:00,16708,682123069.7226783
2015-06-05 15:00:00,16154,682123069.7226783
2015-06-05 15:30:00,14635,682123069.7226783
2015-06-05 16:00:00,13683,682123069.7226783
2015-06-05 16:30:00,13319,682123069.7226783
2015-06-05 17:00:00,16031,682123069.7226783
2015-06-05 17:30:00,18749,682123069.7226783
2015-06-05 18:00:00,21281,682123069.7226783
2015-06-05 18:30:00,22994,682123069.7226783
2015-06-05 19:00:00,24038,682123069.7226783
2015-06-05 19:30:00,22798,682123069.7226783
2015-06-05 20:00:00,21442,682123069.7226783
2015-06-05 20:30:00,21021,682123069.7226783
2015-06-05 21:00:00,21562,682123069.7226783
2015-06-05 21:30:00,22066,682123069.7226783
2015-06-05 22:00:00,22730,682123069.7226783
2015-06-05 22:30:00,23872,682123069.7226783
2015-06-05 23:00:00,24166,682123069.7226783
2015-06-05 23:30:00,23907,682123069.7226783
2015-06-06 00:00:00,23829,682123069.7226783
2015-06-06 00:30:00,22486,682123069.7226783
2015-06-06 01:00:00,19568,682123069.7226783
2015-06-06 01:30:00,17272,682123069.7226783
2015-06-06 02:00:00,16490,682123069.7226783
2015-06-06 02:30:00,14564,682123069.7226783
2015-06-06 03:00:00,12419,682123069.7226783
2015-06-06 03:30:00,10776,682123069.7226783
2015-06-06 04:00:00,8964,682123069.7226783
2015-06-06 04:30:00,5740,682123069.7226783
2015-06-06 05:00:00,3822,682123069.7226783
2015-06-06 05:30:00,3426,682123069.7226783
2015-06-06 06:00:00,3720,682123069.7226783
2015-06-06 06:30:00,4777,682123069.7226783
2015-06-06 07:00:00,5994,682123069.7226783
2015-06-06 07:30:00,8369,682123069.7226783
2015-06-06 08:00:00,7912,682123069.7226783
2015-06-06 08:30:00,10754,682123069.7226783
2015-06-06 09:00:00,11701,682123069.7226783
2015-06-06 09:30:00,16076,682123069.7226783
2015-06-06 10:00:00,15886,682123069.7226783
2015-06-06 10:30:00,17074,682123069.7226783
2015-06-06 11:00:00,16929,682123069.7226783
2015-06-06 11:30:00,18903,682123069.7226783
2015-06-06 12:00:00,18681,682123069.7226783
2015-06-06 12:30:00,20273,682123069.7226783
2015-06-06 13:00:00,19739,682123069.7226783
2015-06-06 13:30:00,19819,682123069.7226783
2015-06-06 14:00:00,19271,682123069.7226783
2015-06-06 14:30:00,19662,682123069.7226783
2015-06-06 15:00:00,18209,682123069.7226783
2015-06-06 15:30:00,17720,682123069.7226783
2015-06-06 16:00:00,16970,682123069.7226783
2015-06-06 16:30:00,15905,682123069.7226783
2015-06-06 17:00:00,17598,682123069.7226783
2015-06-06 17:30:00,19960,682123069.7226783
2015-06-06 18:00:00,20859,682123069.7226783
2015-06-06 18:30:00,20807,682123069.7226783
2015-06-06 19:00:00,23813,682123069.7226783
2015-06-06 19:30:00,21351,682123069.7226783
2015-06-06 20:00:00,19579,682123069.7226783
2015-06-06 20:30:00,19360,682123069.7226783
2015-06-06 21:00:00,20059,682123069.7226783
2015-06-06 21:30:00,21144,682123069.7226783
2015-06-06 22:00:00,23204,682123069.7226783
2015-06-06 22:30:00,24036,682123069.7226783
2015-06-06 23:00:00,25070,682123069.7226783
2015-06-06 23:30:00,24372,682123069.7226783
2015-06-07 00:00:00,23656,682123069.7226783
2015-06-07 00:30:00,21755,682123069.7226783
2015-06-07 01:00:00,20681,682123069.7226783
2015-06-07 01:30:00,19630,682123069.7226783
2015-06-07 02:00:00,18434,682123069.7226783
2015-06-07 02:30:00,16666,682123069.7226783
2015-06-07 03:00:00,14713,682123069.7226783
2015-06-07 03:30:00,12786,682123069.7226783
2015-06-07 04:00:00,10552,682123069.7226783
2015-06-07 04:30:00,6525,682123069.7226783
2015-06-07 05:00:00,4019,682123069.7226783
2015-06-07 05:30:00,3104,682123069.7226783
2015-06-07 06:00:00,3241,682123069.7226783
2015-06-07 06:30:00,3752,682123069.7226783
2015-06-07 07:00:00,4317,682123069.7226783
2015-06-07 07:30:00,5624,682123069.7226783
2015-06-07 08:00:00,6342,682123069.7226783
2015-06-07 08:30:00,8267,682123069.7226783
2015-06-07 09:00:00,9193,682123069.7226783
2015-06-07 09:30:00,11191,682123069.7226783
2015-06-07 10:00:00,13435,682123069.7226783
2015-06-07 10:30:00,15892,682123069.7226783
2015-06-07 11:00:00,16378,682123069.7226783
2015-06-07 11:30:00,18075,682123069.7226783
2015-06-07 12:00:00,17942,682123069.7226783
2015-06-07 12:30:00,18832,682123069.7226783
2015-06-07 13:00:00,18846,682123069.7226783
2015-06-07 13:30:00,18756,682123069.7226783
2015-06-07 14:00:00,19027,682123069.7226783
2015-06-07 14:30:00,18707,682123069.7226783
2015-06-07 15:00:00,17821,682123069.7226783
2015-06-07 15:30:00,17351,682123069.7226783
2015-06-07 16:00:00,16824,682123069.7226783
2015-06-07 16:30:00,15482,682123069.7226783
2015-06-07 17:00:00,16402,682123069.7226783
2015-06-07 17:30:00,17527,682123069.7226783
2015-06-07 18:00:00,18279,682123069.7226783
2015-06-07 18:30:00,17890,682123069.7226783
2015-06-07 19:00:00,18072,682123069.7226783
2015-06-07 19:30:00,17623,682123069.7226783
2015-06-07 20:00:00,16973,682123069.7226783
2015-06-07 20:30:00,16211,682123069.7226783
2015-06-07 21:00:00,16319,682123069.7226783
2015-06-07 21:30:00,16158,682123069.7226783
2015-06-07 22:00:00,15165,682123069.7226783
2015-06-07 22:30:00,14118,682123069.7226783
2015-06-07 23:00:00,14915,682123069.7226783
2015-06-07 23:30:00,13701,682123069.7226783
2015-06-08 00:00:00,10218,682123069.7226783
2015-06-08 00:30:00,7833,682123069.7226783
2015-06-08 01:00:00,5623,682123069.7226783
2015-06-08 01:30:00,4426,682123069.7226783
2015-06-08 02:00:00,3929,682123069.7226783
2015-06-08 02:30:00,2868,682123069.7226783
2015-06-08 03:00:00,2365,682123069.7226783
2015-06-08 03:30:00,2198,682123069.7226783
2015-06-08 04:00:00,2455,682123069.7226783
2015-06-08 04:30:00,2418,682123069.7226783
2015-06-08 05:00:00,3078,682123069.7226783
2015-06-08 05:30:00,4886,682123069.7226783
2015-06-08 06:00:00,7161,682123069.7226783
2015-06-08 06:30:00,11522,682123069.7226783
2015-06-08 07:00:00,13797,682123069.7226783
2015-06-08 07:30:00,16515,682123069.7226783
2015-06-08 08:00:00,17219,682123069.7226783
2015-06-08 08:30:00,16761,682123069.7226783
2015-06-08 09:00:00,16299,682123069.7226783
2015-06-08 09:30:00,15636,682123069.7226783
2015-06-08 10:00:00,15350,682123069.7226783
2015-06-08 10:30:00,14090,682123069.7226783
2015-06-08 11:00:00,14444,682123069.7226783
2015-06-08 11:30:00,15077,682123069.7226783
2015-06-08 12:00:00,15440,682123069.7226783
2015-06-08 12:30:00,15216,682123069.7226783
2015-06-08 13:00:00,14962,682123069.7226783
2015-06-08 13:30:00,15649,682123069.7226783
2015-06-08 14:00:00,16231,682123069.7226783
2015-06-08 14:30:00,17372,682123069.7226783
2015-06-08 15:00:00,17047,682123069.7226783
2015-06-08 15:30:00,15845,682123069.7226783
2015-06-08 16:00:00,14809,682123069.7226783
2015-06-08 16:30:00,14705,682123069.7226783
2015-06-08 17:00:00,16662,682123069.7226783
2015-06-08 17:30:00,18388,682123069.7226783
2015-06-08 18:00:00,20725,682123069.7226783
2015-06-08 18:30:00,21721,682123069.7226783
2015-06-08 19:00:00,21628,682123069.7226783
2015-06-08 19:30:00,19934,682123069.7226783
2015-06-08 20:00:00,18944,682123069.7226783
2015-06-08 20:30:00,19568,682123069.7226783
2015-06-08 21:00:00,21120,682123069.7226783
2015-06-08 21:30:00,23236,682123069.7226783
2015-06-08 22:00:00,19235,682123069.7226783
2015-06-08 22:30:00,16765,682123069.7226783
2015-06-08 23:00:00,16367,682123069.7226783
2015-06-08 23:30:00,12680,682123069.7226783
2015-06-09 00:00:00,9377,682123069.7226783
2015-06-09 00:30:00,7922,682123069.7226783
2015-06-09 01:00:00,5769,682123069.7226783
2015-06-09 01:30:00,4270,682123069.7226783
2015-06-09 02:00:00,3299,682123069.7226783
2015-06-09 02:30:00,2554,682123069.7226783
2015-06-09 03:00:00,1948,682123069.7226783
2015-06-09 03:30:00,1803,682123069.7226783
2015-06-09 04:00:00,1869,682123069.7226783
2015-06-09 04:30:00,1920,682123069.7226783
2015-06-09 05:00:00,2285,682123069.7226783
2015-06-09 05:30:00,4069,682123069.7226783
2015-06-09 06:00:00,6280,682123069.7226783
2015-06-09 06:30:00,11383,682123069.7226783
2015-06-09 07:00:00,15029,682123069.7226783
2015-06-09 07:30:00,18023,682123069.7226783
2015-06-09 08:00:00,18936,682123069.7226783
2015-06-09 08:30:00,19025,682123069.7226783
2015-06-09 09:00:00,18138,682123069.7226783
2015-06-09 09:30:00,17685,682123069.7226783
2015-06-09 10:00:00,16408,682123069.7226783
2015-06-09 10:30:00,16174,682123069.7226783
2015-06-09 11:00:00,16008,682123069.7226783
2015-06-09 11:30:00,17138,682123069.7226783
2015-06-09 12:00:00,17057,682123069.7226783
2015-06-09 12:30:00,16569,682123069.7226783
2015-06-09 13:00:00,16122,682123069.7226783
2015-06-09 13:30:00,17298,682123069.7226783
2015-06-09 14:00:00,17536,682123069.7226783
2015-06-09 14:30:00,17885,682123069.7226783
2015-06-09 15:00:00,17269,682123069.7226783
2015-06-09 15:30:00,15561,682123069.7226783
2015-06-09 16:00:00,13781,682123069.7226783
2015-06-09 16:30:00,13370,682123069.7226783
2015-06-09 17:00:00,15358,682123069.7226783
2015-06-09 17:30:00,17903,682123069.7226783
2015-06-09 18:00:00,20072,682123069.7226783
2015-06-09 18:30:00,21069,682123069.7226783
2015-06-09 19:00:00,21721,682123069.7226783
2015-06-09 19:30:00,20993,682123069.7226783
2015-06-09 20:00:00,21071,682123069.7226783
2015-06-09 20:30:00,21053,682123069.7226783
2015-06-09 21:00:00,22125,682123069.7226783
2015-06-09 21:30:00,21879,682123069.7226783
2015-06-09 22:00:00,21608,682123069.7226783
2015-06-09 22:30:00,19785,682123069.7226783
2015-06-09 23:00:00,16485,682123069.7226783
2015-06-09 23:30:00,15381,682123069.7226783
2015-06-10 00:00:00,13703,682123069.7226783
2015-06-10 00:30:00,9318,682123069.7226783
2015-06-10 01:00:00,7238,682123069.7226783
2015-06-10 01:30:00,5366,682123069.7226783
2015-06-10 02:00:00,4422,682123069.7226783
2015-06-10 02:30:00,3515,682123069.7226783
2015-06-10 03:00:00,2663,682123069.7226783
2015-06-10 03:30:00,2365,682123069.7226783
2015-06-10 04:00:00,2559,682123069.7226783
2015-06-10 04:30:00,2260,682123069.7226783
2015-06-10 05:00:00,2532,682123069.7226783
2015-06-10 05:30:00,4393,682123069.7226783
2015-06-10 06:00:00,6737,682123069.7226783
2015-06-10 06:30:00,11625,682123069.7226783
2015-06-10 07:00:00,14207,682123069.7226783
2015-06-10 07:30:00,17431,682123069.7226783
2015-06-10 08:00:00,18657,682123069.7226783
2015-06-10 08:30:00,18139,682123069.7226783
2015-06-10 09:00:00,17578,682123069.7226783
2015-06-10 09:30:00,16846,682123069.7226783
2015-06-10 10:00:00,15953,682123069.7226783
2015-06-10 10:30:00,16511,682123069.7226783
2015-06-10 11:00:00,16413,682123069.7226783
2015-06-10 11:30:00,17189,682123069.7226783
2015-06-10 12:00:00,17314,682123069.7226783
2015-06-10 12:30:00,16946,682123069.7226783
2015-06-10 13:00:00,16855,682123069.7226783
2015-06-10 13:30:00,16966,682123069.7226783
2015-06-10 14:00:00,16990,682123069.7226783
2015-06-10 14:30:00,17809,682123069.7226783
2015-06-10 15:00:00,16737,682123069.7226783
2015-06-10 15:30:00,15299,682123069.7226783
2015-06-10 16:00:00,13886,682123069.7226783
2015-06-10 16:30:00,13109,682123069.7226783
2015-06-10 17:00:00,15247,682123069.7226783
2015-06-10 17:30:00,18326,682123069.7226783
2015-06-10 18:00:00,20272,682123069.7226783
2015-06-10 18:30:00,22029,682123069.7226783
2015-06-10 19:00:00,23094,682123069.7226783
2015-06-10 19:30:00,22943,682123069.7226783
2015-06-10 20:00:00,21936,682123069.7226783
2015-06-10 20:30:00,21537,682123069.7226783
2015-06-10 21:00:00,23625,682123069.7226783
2015-06-10 21:30:00,23225,682123069.7226783
2015-06-10 22:00:00,22451,682123069.7226783
2015-06-10 22:30:00,21896,682123069.7226783
2015-06-10 23:00:00,20107,682123069.7226783
2015-06-10 23:30:00,16582,682123069.7226783
2015-06-11 00:00:00,13803,682123069.7226783
2015-06-11 00:30:00,10626,682123069.7226783
2015-06-11 01:00:00,8297,682123069.7226783
2015-06-11 01:30:00,6339,682123069.7226783
2015-06-11 02:00:00,4825,682123069.7226783
2015-06-11 02:30:00,4002,682123069.7226783
2015-06-11 03:00:00,3202,682123069.7226783
2015-06-11 03:30:00,2693,682123069.7226783
2015-06-11 04:00:00,2674,682123069.7226783
2015-06-11 04:30:00,2488,682123069.7226783
2015-06-11 05:00:00,2734,682123069.7226783
2015-06-11 05:30:00,4615,682123069.7226783
2015-06-11 06:00:00,6784,682123069.7226783
2015-06-11 06:30:00,11092,682123069.7226783
2015-06-11 07:00:00,14135,682123069.7226783
2015-06-11 07:30:00,17664,682123069.7226783
2015-06-11 08:00:00,18664,682123069.7226783
2015-06-11 08:30:00,18729,682123069.7226783
2015-06-11 09:00:00,18409,682123069.7226783
2015-06-11 09:30:00,18048,682123069.7226783
2015-06-11 10:00:00,16974,682123069.7226783
2015-06-11 10:30:00,16943,682123069.7226783
2015-06-11 11:00:00,16430,682123069.7226783
2015-06-11 11:30:00,18076,682123069.7226783
2015-06-11 12:00:00,18065,682123069.7226783
2015-06-11 12:30:00,17332,682123069.7226783
2015-06-11 13:00:00,17723,682123069.7226783
2015-06-11 13:30:00,18483,682123069.7226783
2015-06-11 14:00:00,18853,682123069.7226783
2015-06-11 14:30:00,18539,682123069.7226783
2015-06-11 15:00:00,17462,682123069.7226783
2015-06-11 15:30:00,15458,682123069.7226783
2015-06-11 16:00:00,13898,682123069.7226783
2015-06-11 16:30:00,12886,682123069.7226783
2015-06-11 17:00:00,14774,682123069.7226783
2015-06-11 17:30:00,18059,682123069.7226783
2015-06-11 18:00:00,20738,682123069.7226783
2015-06-11 18:30:00,22177,682123069.7226783
2015-06-11 19:00:00,23240,682123069.7226783
2015-06-11 19:30:00,24112,682123069.7226783
2015-06-11 20:00:00,23949,682123069.7226783
2015-06-11 20:30:00,23136,682123069.7226783
2015-06-11 21:00:00,23883,682123069.7226783
2015-06-11 21:30:00,22928,682123069.7226783
2015-06-11 22:00:00,23229,682123069.7226783
2015-06-11 22:30:00,22887,682123069.7226783
2015-06-11 23:00:00,20754,682123069.7226783
2015-06-11 23:30:00,20243,682123069.7226783
2015-06-12 00:00:00,18368,682123069.7226783
2015-06-12 00:30:00,15172,682123069.7226783
2015-06-12 01:00:00,11961,682123069.7226783
2015-06-12 01:30:00,9272,682123069.7226783
2015-06-12 02:00:00,7667,682123069.7226783
2015-06-12 02:30:00,6112,682123069.7226783
2015-06-12 03:00:00,4913,682123069.7226783
2015-06-12 03:30:00,4142,682123069.7226783
2015-06-12 04:00:00,3873,682123069.7226783
2015-06-12 04:30:00,3345,682123069.7226783
2015-06-12 05:00:00,3274,682123069.7226783
2015-06-12 05:30:00,4658,682123069.7226783
2015-06-12 06:00:00,6729,682123069.7226783
2015-06-12 06:30:00,11007,682123069.7226783
2015-06-12 07:00:00,13318,682123069.7226783
2015-06-12 07:30:00,16571,682123069.7226783
2015-06-12 08:00:00,18342,682123069.7226783
2015-06-12 08:30:00,18493,682123069.7226783
2015-06-12 09:00:00,17696,682123069.7226783
2015-06-12 09:30:00,17125,682123069.7226783
2015-06-12 10:00:00,16188,682123069.7226783
2015-06-12 10:30:00,16471,682123069.7226783
2015-06-12 11:00:00,16009,682123069.7226783
2015-06-12 11:30:00,17061,682123069.7226783
2015-06-12 12:00:00,17133,682123069.7226783
2015-06-12 12:30:00,16595,682123069.7226783
2015-06-12 13:00:00,16409,682123069.7226783
2015-06-12 13:30:00,16861,682123069.7226783
2015-06-12 14:00:00,17695,682123069.7226783
2015-06-12 14:30:00,17629,682123069.7226783
2015-06-12 15:00:00,16757,682123069.7226783
2015-06-12 15:30:00,14836,682123069.7226783
2015-06-12 16:00:00,13889,682123069.7226783
2015-06-12 16:30:00,12802,682123069.7226783
2015-06-12 17:00:00,15744,682123069.7226783
2015-06-12 17:30:00,18759,682123069.7226783
2015-06-12 18:00:00,21439,682123069.7226783
2015-06-12 18:30:00,23180,682123069.7226783
2015-06-12 19:00:00,23870,682123069.7226783
2015-06-12 19:30:00,23763,682123069.7226783
2015-06-12 20:00:00,22258,682123069.7226783
2015-06-12 20:30:00,21396,682123069.7226783
2015-06-12 21:00:00,21870,682123069.7226783
2015-06-12 21:30:00,22021,682123069.7226783
2015-06-12 22:00:00,23088,682123069.7226783
2015-06-12 22:30:00,23711,682123069.7226783
2015-06-12 23:00:00,23088,682123069.7226783
2015-06-12 23:30:00,22678,682123069.7226783
2015-06-13 00:00:00,22536,682123069.7226783
2015-06-13 00:30:00,21379,682123069.7226783
2015-06-13 01:00:00,19597,682123069.7226783
2015-06-13 01:30:00,17520,682123069.7226783
2015-06-13 02:00:00,16177,682123069.7226783
2015-06-13 02:30:00,14520,682123069.7226783
2015-06-13 03:00:00,12273,682123069.7226783
2015-06-13 03:30:00,10211,682123069.7226783
2015-06-13 04:00:00,8332,682123069.7226783
2015-06-13 04:30:00,5568,682123069.7226783
2015-06-13 05:00:00,3769,682123069.7226783
2015-06-13 05:30:00,3088,682123069.7226783
2015-06-13 06:00:00,3486,682123069.7226783
2015-06-13 06:30:00,4640,682123069.7226783
2015-06-13 07:00:00,5741,682123069.7226783
2015-06-13 07:30:00,6820,682123069.7226783
2015-06-13 08:00:00,7575,682123069.7226783
2015-06-13 08:30:00,10617,682123069.7226783
2015-06-13 09:00:00,11038,682123069.7226783
2015-06-13 09:30:00,13482,682123069.7226783
2015-06-13 10:00:00,14563,682123069.7226783
2015-06-13 10:30:00,15614,682123069.7226783
2015-06-13 11:00:00,16114,682123069.7226783
2015-06-13 11:30:00,17037,682123069.7226783
2015-06-13 12:00:00,16951,682123069.7226783
2015-06-13 12:30:00,18773,682123069.7226783
2015-06-13 13:00:00,18435,682123069.7226783
2015-06-13 13:30:00,18488,682123069.7226783
2015-06-13 14:00:00,17924,682123069.7226783
2015-06-13 14:30:00,18935,682123069.7226783
2015-06-13 15:00:00,17968,682123069.7226783
2015-06-13 15:30:00,17562,682123069.7226783
2015-06-13 16:00:00,16771,682123069.7226783
2015-06-13 16:30:00,16288,682123069.7226783
2015-06-13 17:00:00,17822,682123069.7226783
2015-06-13 17:30:00,20290,682123069.7226783
2015-06-13 18:00:00,20637,682123069.7226783
2015-06-13 18:30:00,21398,682123069.7226783
2015-06-13 19:00:00,22610,682123069.7226783
2015-06-13 19:30:00,21042,682123069.7226783
2015-06-13 20:00:00,18971,682123069.7226783
2015-06-13 20:30:00,17953,682123069.7226783
2015-06-13 21:00:00,18833,682123069.7226783
2015-06-13 21:30:00,20235,682123069.7226783
2015-06-13 22:00:00,21096,682123069.7226783
2015-06-13 22:30:00,22065,682123069.7226783
2015-06-13 23:00:00,23251,682123069.7226783
2015-06-13 23:30:00,22133,682123069.7226783
2015-06-14 00:00:00,22641,682123069.7226783
2015-06-14 00:30:00,21567,682123069.7226783
2015-06-14 01:00:00,20283,682123069.7226783
2015-06-14 01:30:00,18567,682123069.7226783
2015-06-14 02:00:00,17881,682123069.7226783
2015-06-14 02:30:00,15791,682123069.7226783
2015-06-14 03:00:00,13579,682123069.7226783
2015-06-14 03:30:00,11858,682123069.7226783
2015-06-14 04:00:00,9961,682123069.7226783
2015-06-14 04:30:00,6392,682123069.7226783
2015-06-14 05:00:00,3894,682123069.7226783
2015-06-14 05:30:00,3298,682123069.7226783
2015-06-14 06:00:00,3041,682123069.7226783
2015-06-14 06:30:00,3694,682123069.7226783
2015-06-14 07:00:00,4038,682123069.7226783
2015-06-14 07:30:00,4986,682123069.7226783
2015-06-14 08:00:00,5869,682123069.7226783
2015-06-14 08:30:00,7196,682123069.7226783
2015-06-14 09:00:00,8557,682123069.7226783
2015-06-14 09:30:00,10788,682123069.7226783
2015-06-14 10:00:00,12066,682123069.7226783
2015-06-14 10:30:00,14540,682123069.7226783
2015-06-14 11:00:00,14509,682123069.7226783
2015-06-14 11:30:00,15666,682123069.7226783
2015-06-14 12:00:00,16238,682123069.7226783
2015-06-14 12:30:00,16113,682123069.7226783
2015-06-14 13:00:00,16324,682123069.7226783
2015-06-14 13:30:00,16730,682123069.7226783
2015-06-14 14:00:00,17348,682123069.7226783
2015-06-14 14:30:00,16814,682123069.7226783
2015-06-14 15:00:00,16451,682123069.7226783
2015-06-14 15:30:00,15811,682123069.7226783
2015-06-14 16:00:00,15329,682123069.7226783
2015-06-14 16:30:00,15002,682123069.7226783
2015-06-14 17:00:00,16068,682123069.7226783
2015-06-14 17:30:00,17009,682123069.7226783
2015-06-14 18:00:00,17366,682123069.7226783
2015-06-14 18:30:00,17216,682123069.7226783
2015-06-14 19:00:00,16879,682123069.7226783
2015-06-14 19:30:00,16314,682123069.7226783
2015-06-14 20:00:00,15552,682123069.7226783
2015-06-14 20:30:00,15784,682123069.7226783
2015-06-14 21:00:00,17995,682123069.7226783
2015-06-14 21:30:00,17494,682123069.7226783
2015-06-14 22:00:00,18154,682123069.7226783
2015-06-14 22:30:00,17961,682123069.7226783
2015-06-14 23:00:00,16526,682123069.7226783
2015-06-14 23:30:00,12104,682123069.7226783
2015-06-15 00:00:00,8547,682123069.7226783
2015-06-15 00:30:00,7429,682123069.7226783
2015-06-15 01:00:00,5531,682123069.7226783
2015-06-15 01:30:00,4273,682123069.7226783
2015-06-15 02:00:00,3308,682123069.7226783
2015-06-15 02:30:00,2468,682123069.7226783
2015-06-15 03:00:00,1894,682123069.7226783
2015-06-15 03:30:00,1775,682123069.7226783
2015-06-15 04:00:00,2108,682123069.7226783
2015-06-15 04:30:00,2234,682123069.7226783
2015-06-15 05:00:00,2623,682123069.7226783
2015-06-15 05:30:00,4591,682123069.7226783
2015-06-15 06:00:00,6523,682123069.7226783
2015-06-15 06:30:00,10882,682123069.7226783
2015-06-15 07:00:00,13055,682123069.7226783
2015-06-15 07:30:00,14785,682123069.7226783
2015-06-15 08:00:00,16234,682123069.7226783
2015-06-15 08:30:00,17335,682123069.7226783
2015-06-15 09:00:00,16329,682123069.7226783
2015-06-15 09:30:00,15657,682123069.7226783
2015-06-15 10:00:00,14645,682123069.7226783
2015-06-15 10:30:00,14692,682123069.7226783
2015-06-15 11:00:00,14190,682123069.7226783
2015-06-15 11:30:00,15219,682123069.7226783
2015-06-15 12:00:00,15232,682123069.7226783
2015-06-15 12:30:00,15708,682123069.7226783
2015-06-15 13:00:00,15324,682123069.7226783
2015-06-15 13:30:00,16541,682123069.7226783
2015-06-15 14:00:00,18969,682123069.7226783
2015-06-15 14:30:00,19151,682123069.7226783
2015-06-15 15:00:00,17060,682123069.7226783
2015-06-15 15:30:00,15059,682123069.7226783
2015-06-15 16:00:00,14539,682123069.7226783
2015-06-15 16:30:00,13633,682123069.7226783
2015-06-15 17:00:00,14698,682123069.7226783
2015-06-15 17:30:00,17944,682123069.7226783
2015-06-15 18:00:00,19315,682123069.7226783
2015-06-15 18:30:00,19782,682123069.7226783
2015-06-15 19:00:00,19853,682123069.7226783
2015-06-15 19:30:00,19637,682123069.7226783
2015-06-15 20:00:00,18892,682123069.7226783
2015-06-15 20:30:00,18331,682123069.7226783
2015-06-15 21:00:00,18904,682123069.7226783
2015-06-15 21:30:00,18364,682123069.7226783
2015-06-15 22:00:00,16983,682123069.7226783
2015-06-15 22:30:00,15345,682123069.7226783
2015-06-15 23:00:00,13752,682123069.7226783
2015-06-15 23:30:00,10677,682123069.7226783
2015-06-16 00:00:00,9179,682123069.7226783
2015-06-16 00:30:00,7334,682123069.7226783
2015-06-16 01:00:00,5893,682123069.7226783
2015-06-16 01:30:00,4367,682123069.7226783
2015-06-16 02:00:00,3514,682123069.7226783
2015-06-16 02:30:00,2702,682123069.7226783
2015-06-16 03:00:00,1867,682123069.7226783
2015-06-16 03:30:00,1697,682123069.7226783
2015-06-16 04:00:00,1899,682123069.7226783
2015-06-16 04:30:00,1857,682123069.7226783
2015-06-16 05:00:00,2229,682123069.7226783
2015-06-16 05:30:00,4195,682123069.7226783
2015-06-16 06:00:00,6363,682123069.7226783
2015-06-16 06:30:00,11309,682123069.7226783
2015-06-16 07:00:00,13136,682123069.7226783
2015-06-16 07:30:00,16136,682123069.7226783
2015-06-16 08:00:00,18031,682123069.7226783
2015-06-16 08:30:00,19106,682123069.7226783
2015-06-16 09:00:00,17526,682123069.7226783
2015-06-16 09:30:00,17076,682123069.7226783
2015-06-16 10:00:00,15514,682123069.7226783
2015-06-16 10:30:00,15353,682123069.7226783
2015-06-16 11:00:00,15220,682123069.7226783
2015-06-16 11:30:00,16322,682123069.7226783
2015-06-16 12:00:00,16423,682123069.7226783
2015-06-16 12:30:00,16465,682123069.7226783
2015-06-16 13:00:00,15695,682123069.7226783
2015-06-16 13:30:00,19013,682123069.7226783
2015-06-16 14:00:00,17045,682123069.7226783
2015-06-16 14:30:00,17803,682123069.7226783
2015-06-16 15:00:00,16081,682123069.7226783
2015-06-16 15:30:00,15179,682123069.7226783
2015-06-16 16:00:00,13869,682123069.7226783
2015-06-16 16:30:00,13260,682123069.7226783
2015-06-16 17:00:00,17301,682123069.7226783
2015-06-16 17:30:00,18929,682123069.7226783
2015-06-16 18:00:00,18920,682123069.7226783
2015-06-16 18:30:00,19902,682123069.7226783
2015-06-16 19:00:00,20564,682123069.7226783
2015-06-16 19:30:00,20511,682123069.7226783
2015-06-16 20:00:00,20241,682123069.7226783
2015-06-16 20:30:00,20791,682123069.7226783
2015-06-16 21:00:00,21682,682123069.7226783
2015-06-16 21:30:00,21543,682123069.7226783
2015-06-16 22:00:00,20966,682123069.7226783
2015-06-16 22:30:00,19185,682123069.7226783
2015-06-16 23:00:00,17175,682123069.7226783
2015-06-16 23:30:00,13886,682123069.7226783
2015-06-17 00:00:00,16410,682123069.7226783
2015-06-17 00:30:00,10683,682123069.7226783
2015-06-17 01:00:00,7947,682123069.7226783
2015-06-17 01:30:00,5746,682123069.7226783
2015-06-17 02:00:00,4482,682123069.7226783
2015-06-17 02:30:00,3522,682123069.7226783
2015-06-17 03:00:00,2778,682123069.7226783
2015-06-17 03:30:00,2351,682123069.7226783
2015-06-17 04:00:00,2520,682123069.7226783
2015-06-17 04:30:00,2207,682123069.7226783
2015-06-17 05:00:00,2538,682123069.7226783
2015-06-17 05:30:00,4208,682123069.7226783
2015-06-17 06:00:00,6384,682123069.7226783
2015-06-17 06:30:00,11070,682123069.7226783
2015-06-17 07:00:00,13622,682123069.7226783
2015-06-17 07:30:00,17070,682123069.7226783
2015-06-17 08:00:00,18995,682123069.7226783
2015-06-17 08:30:00,18845,682123069.7226783
2015-06-17 09:00:00,17858,682123069.7226783
2015-06-17 09:30:00,16872,682123069.7226783
2015-06-17 10:00:00,15790,682123069.7226783
2015-06-17 10:30:00,16026,682123069.7226783
2015-06-17 11:00:00,16192,682123069.7226783
2015-06-17 11:30:00,17476,682123069.7226783
2015-06-17 12:00:00,17626,682123069.7226783
2015-06-17 12:30:00,17193,682123069.7226783
2015-06-17 13:00:00,16929,682123069.7226783
2015-06-17 13:30:00,17126,682123069.7226783
2015-06-17 14:00:00,17255,682123069.7226783
2015-06-17 14:30:00,17087,682123069.7226783
2015-06-17 15:00:00,16206,682123069.7226783
2015-06-17 15:30:00,14881,682123069.7226783
2015-06-17 16:00:00,13545,682123069.7226783
2015-06-17 16:30:00,12612,682123069.7226783
2015-06-17 17:00:00,15202,682123069.7226783
2015-06-17 17:30:00,17717,682123069.7226783
2015-06-17 18:00:00,20330,682123069.7226783
2015-06-17 18:30:00,21513,682123069.7226783
2015-06-17 19:00:00,23361,682123069.7226783
2015-06-17 19:30:00,23994,682123069.7226783
2015-06-17 20:00:00,22290,682123069.7226783
2015-06-17 20:30:00,21820,682123069.7226783
2015-06-17 21:00:00,22898,682123069.7226783
2015-06-17 21:30:00,23445,682123069.7226783
2015-06-17 22:00:00,23069,682123069.7226783
2015-06-17 22:30:00,20909,682123069.7226783
2015-06-17 23:00:00,19323,682123069.7226783
2015-06-17 23:30:00,16749,682123069.7226783
2015-06-18 00:00:00,13896,682123069.7226783
2015-06-18 00:30:00,10746,682123069.7226783
2015-06-18 01:00:00,8200,682123069.7226783
2015-06-18 01:30:00,6487,682123069.7226783
2015-06-18 02:00:00,4854,682123069.7226783
2015-06-18 02:30:00,3804,682123069.7226783
2015-06-18 03:00:00,3084,682123069.7226783
2015-06-18 03:30:00,2729,682123069.7226783
2015-06-18 04:00:00,2678,682123069.7226783
2015-06-18 04:30:00,2498,682123069.7226783
2015-06-18 05:00:00,2620,682123069.7226783
2015-06-18 05:30:00,4603,682123069.7226783
2015-06-18 06:00:00,6612,682123069.7226783
2015-06-18 06:30:00,11144,682123069.7226783
2015-06-18 07:00:00,13857,682123069.7226783
2015-06-18 07:30:00,16901,682123069.7226783
2015-06-18 08:00:00,18733,682123069.7226783
2015-06-18 08:30:00,19323,682123069.7226783
2015-06-18 09:00:00,18764,682123069.7226783
2015-06-18 09:30:00,18287,682123069.7226783
2015-06-18 10:00:00,16823,682123069.7226783
2015-06-18 10:30:00,16964,682123069.7226783
2015-06-18 11:00:00,15845,682123069.7226783
2015-06-18 11:30:00,17160,682123069.7226783
2015-06-18 12:00:00,17010,682123069.7226783
2015-06-18 12:30:00,17092,682123069.7226783
2015-06-18 13:00:00,16320,682123069.7226783
2015-06-18 13:30:00,17098,682123069.7226783
2015-06-18 14:00:00,17318,682123069.7226783
2015-06-18 14:30:00,18060,682123069.7226783
2015-06-18 15:00:00,17304,682123069.7226783
2015-06-18 15:30:00,15360,682123069.7226783
2015-06-18 16:00:00,13797,682123069.7226783
2015-06-18 16:30:00,13041,682123069.7226783
2015-06-18 17:00:00,14994,682123069.7226783
2015-06-18 17:30:00,18336,682123069.7226783
2015-06-18 18:00:00,20768,682123069.7226783
2015-06-18 18:30:00,21864,682123069.7226783
2015-06-18 19:00:00,23161,682123069.7226783
2015-06-18 19:30:00,22127,682123069.7226783
2015-06-18 20:00:00,20270,682123069.7226783
2015-06-18 20:30:00,19384,682123069.7226783
2015-06-18 21:00:00,22403,682123069.7226783
2015-06-18 21:30:00,22798,682123069.7226783
2015-06-18 22:00:00,22637,682123069.7226783
2015-06-18 22:30:00,21604,682123069.7226783
2015-06-18 23:00:00,20893,682123069.7226783
2015-06-18 23:30:00,19441,682123069.7226783
2015-06-19 00:00:00,17525,682123069.7226783
2015-06-19 00:30:00,14612,682123069.7226783
2015-06-19 01:00:00,12351,682123069.7226783
2015-06-19 01:30:00,9323,682123069.7226783
2015-06-19 02:00:00,7314,682123069.7226783
2015-06-19 02:30:00,5636,682123069.7226783
2015-06-19 03:00:00,4523,682123069.7226783
2015-06-19 03:30:00,3923,682123069.7226783
2015-06-19 04:00:00,3850,682123069.7226783
2015-06-19 04:30:00,3336,682123069.7226783
2015-06-19 05:00:00,3183,682123069.7226783
2015-06-19 05:30:00,4581,682123069.7226783
2015-06-19 06:00:00,6388,682123069.7226783
2015-06-19 06:30:00,10637,682123069.7226783
2015-06-19 07:00:00,12670,682123069.7226783
2015-06-19 07:30:00,15347,682123069.7226783
2015-06-19 08:00:00,17548,682123069.7226783
2015-06-19 08:30:00,18401,682123069.7226783
2015-06-19 09:00:00,17678,682123069.7226783
2015-06-19 09:30:00,17223,682123069.7226783
2015-06-19 10:00:00,16252,682123069.7226783
2015-06-19 10:30:00,16169,682123069.7226783
2015-06-19 11:00:00,15765,682123069.7226783
2015-06-19 11:30:00,17091,682123069.7226783
2015-06-19 12:00:00,17490,682123069.7226783
2015-06-19 12:30:00,16597,682123069.7226783
2015-06-19 13:00:00,16337,682123069.7226783
2015-06-19 13:30:00,16469,682123069.7226783
2015-06-19 14:00:00,17789,682123069.7226783
2015-06-19 14:30:00,17764,682123069.7226783
2015-06-19 15:00:00,17029,682123069.7226783
2015-06-19 15:30:00,15666,682123069.7226783
2015-06-19 16:00:00,13761,682123069.7226783
2015-06-19 16:30:00,13311,682123069.7226783
2015-06-19 17:00:00,15805,682123069.7226783
2015-06-19 17:30:00,18517,682123069.7226783
2015-06-19 18:00:00,20851,682123069.7226783
2015-06-19 18:30:00,22209,682123069.7226783
2015-06-19 19:00:00,23253,682123069.7226783
2015-06-19 19:30:00,22503,682123069.7226783
2015-06-19 20:00:00,21117,682123069.7226783
2015-06-19 20:30:00,19558,682123069.7226783
2015-06-19 21:00:00,21606,682123069.7226783
2015-06-19 21:30:00,22253,682123069.7226783
2015-06-19 22:00:00,23439,682123069.7226783
2015-06-19 22:30:00,23173,682123069.7226783
2015-06-19 23:00:00,23544,682123069.7226783
2015-06-19 23:30:00,22774,682123069.7226783
2015-06-20 00:00:00,22622,682123069.7226783
2015-06-20 00:30:00,20991,682123069.7226783
2015-06-20 01:00:00,20100,682123069.7226783
2015-06-20 01:30:00,18179,682123069.7226783
2015-06-20 02:00:00,16191,682123069.7226783
2015-06-20 02:30:00,13382,682123069.7226783
2015-06-20 03:00:00,11304,682123069.7226783
2015-06-20 03:30:00,10492,682123069.7226783
2015-06-20 04:00:00,8915,682123069.7226783
2015-06-20 04:30:00,5887,682123069.7226783
2015-06-20 05:00:00,4161,682123069.7226783
2015-06-20 05:30:00,3279,682123069.7226783
2015-06-20 06:00:00,3413,682123069.7226783
2015-06-20 06:30:00,4652,682123069.7226783
2015-06-20 07:00:00,4768,682123069.7226783
2015-06-20 07:30:00,6329,682123069.7226783
2015-06-20 08:00:00,7250,682123069.7226783
2015-06-20 08:30:00,9261,682123069.7226783
2015-06-20 09:00:00,10330,682123069.7226783
2015-06-20 09:30:00,13655,682123069.7226783
2015-06-20 10:00:00,13613,682123069.7226783
2015-06-20 10:30:00,15927,682123069.7226783
2015-06-20 11:00:00,15713,682123069.7226783
2015-06-20 11:30:00,18058,682123069.7226783
2015-06-20 12:00:00,18093,682123069.7226783
2015-06-20 12:30:00,19601,682123069.7226783
2015-06-20 13:00:00,18403,682123069.7226783
2015-06-20 13:30:00,17341,682123069.7226783
2015-06-20 14:00:00,16563,682123069.7226783
2015-06-20 14:30:00,17767,682123069.7226783
2015-06-20 15:00:00,17461,682123069.7226783
2015-06-20 15:30:00,17004,682123069.7226783
2015-06-20 16:00:00,15798,682123069.7226783
2015-06-20 16:30:00,15859,682123069.7226783
2015-06-20 17:00:00,17154,682123069.7226783
2015-06-20 17:30:00,18512,682123069.7226783
2015-06-20 18:00:00,19552,682123069.7226783
2015-06-20 18:30:00,20375,682123069.7226783
2015-06-20 19:00:00,21432,682123069.7226783
2015-06-20 19:30:00,20180,682123069.7226783
2015-06-20 20:00:00,16384,682123069.7226783
2015-06-20 20:30:00,16118,682123069.7226783
2015-06-20 21:00:00,17314,682123069.7226783
2015-06-20 21:30:00,18266,682123069.7226783
2015-06-20 22:00:00,19159,682123069.7226783
2015-06-20 22:30:00,20555,682123069.7226783
2015-06-20 23:00:00,21780,682123069.7226783
2015-06-20 23:30:00,21437,682123069.7226783
2015-06-21 00:00:00,20303,682123069.7226783
2015-06-21 00:30:00,20182,682123069.7226783
2015-06-21 01:00:00,19758,682123069.7226783
2015-06-21 01:30:00,18047,682123069.7226783
2015-06-21 02:00:00,16269,682123069.7226783
2015-06-21 02:30:00,12457,682123069.7226783
2015-06-21 03:00:00,10379,682123069.7226783
2015-06-21 03:30:00,9875,682123069.7226783
2015-06-21 04:00:00,8646,682123069.7226783
2015-06-21 04:30:00,5461,682123069.7226783
2015-06-21 05:00:00,3606,682123069.7226783
2015-06-21 05:30:00,2840,682123069.7226783
2015-06-21 06:00:00,2827,682123069.7226783
2015-06-21 06:30:00,3236,682123069.7226783
2015-06-21 07:00:00,3458,682123069.7226783
2015-06-21 07:30:00,4501,682123069.7226783
2015-06-21 08:00:00,5083,682123069.7226783
2015-06-21 08:30:00,7280,682123069.7226783
2015-06-21 09:00:00,8401,682123069.7226783
2015-06-21 09:30:00,10632,682123069.7226783
2015-06-21 10:00:00,11834,682123069.7226783
2015-06-21 10:30:00,14181,682123069.7226783
2015-06-21 11:00:00,14561,682123069.7226783
2015-06-21 11:30:00,16171,682123069.7226783
2015-06-21 12:00:00,16293,682123069.7226783
2015-06-21 12:30:00,16847,682123069.7226783
2015-06-21 13:00:00,16805,682123069.7226783
2015-06-21 13:30:00,17402,682123069.7226783
2015-06-21 14:00:00,17670,682123069.7226783
2015-06-21 14:30:00,17405,682123069.7226783
2015-06-21 15:00:00,16748,682123069.7226783
2015-06-21 15:30:00,16122,682123069.7226783
2015-06-21 16:00:00,16185,682123069.7226783
2015-06-21 16:30:00,16156,682123069.7226783
2015-06-21 17:00:00,16847,682123069.7226783
2015-06-21 17:30:00,18336,682123069.7226783
2015-06-21 18:00:00,20924,682123069.7226783
2015-06-21 18:30:00,18141,682123069.7226783
2015-06-21 19:00:00,16472,682123069.7226783
2015-06-21 19:30:00,15591,682123069.7226783
2015-06-21 20:00:00,14386,682123069.7226783
2015-06-21 20:30:00,13882,682123069.7226783
2015-06-21 21:00:00,15615,682123069.7226783
2015-06-21 21:30:00,15619,682123069.7226783
2015-06-21 22:00:00,16524,682123069.7226783
2015-06-21 22:30:00,14223,682123069.7226783
2015-06-21 23:00:00,13096,682123069.7226783
2015-06-21 23:30:00,10805,682123069.7226783
2015-06-22 00:00:00,8288,682123069.7226783
2015-06-22 00:30:00,6225,682123069.7226783
2015-06-22 01:00:00,5302,682123069.7226783
2015-06-22 01:30:00,4465,682123069.7226783
2015-06-22 02:00:00,3233,682123069.7226783
2015-06-22 02:30:00,2312,682123069.7226783
2015-06-22 03:00:00,1871,682123069.7226783
2015-06-22 03:30:00,1954,682123069.7226783
2015-06-22 04:00:00,2150,682123069.7226783
2015-06-22 04:30:00,2177,682123069.7226783
2015-06-22 05:00:00,2668,682123069.7226783
2015-06-22 05:30:00,4335,682123069.7226783
2015-06-22 06:00:00,6330,682123069.7226783
2015-06-22 06:30:00,10808,682123069.7226783
2015-06-22 07:00:00,12324,682123069.7226783
2015-06-22 07:30:00,14150,682123069.7226783
2015-06-22 08:00:00,15923,682123069.7226783
2015-06-22 08:30:00,17449,682123069.7226783
2015-06-22 09:00:00,16214,682123069.7226783
2015-06-22 09:30:00,15486,682123069.7226783
2015-06-22 10:00:00,14357,682123069.7226783
2015-06-22 10:30:00,14234,682123069.7226783
2015-06-22 11:00:00,14417,682123069.7226783
2015-06-22 11:30:00,15368,682123069.7226783
2015-06-22 12:00:00,15424,682123069.7226783
2015-06-22 12:30:00,15516,682123069.7226783
2015-06-22 13:00:00,15436,682123069.7226783
2015-06-22 13:30:00,16358,682123069.7226783
2015-06-22 14:00:00,16767,682123069.7226783
2015-06-22 14:30:00,16768,682123069.7226783
2015-06-22 15:00:00,16554,682123069.7226783
2015-06-22 15:30:00,15679,682123069.7226783
2015-06-22 16:00:00,14781,682123069.7226783
2015-06-22 16:30:00,14857,682123069.7226783
2015-06-22 17:00:00,15922,682123069.7226783
2015-06-22 17:30:00,18145,682123069.7226783
2015-06-22 18:00:00,20120,682123069.7226783
2015-06-22 18:30:00,20938,682123069.7226783
2015-06-22 19:00:00,20772,682123069.7226783
2015-06-22 19:30:00,19962,682123069.7226783
2015-06-22 20:00:00,18372,682123069.7226783
2015-06-22 20:30:00,16793,682123069.7226783
2015-06-22 21:00:00,19072,682123069.7226783
2015-06-22 21:30:00,19371,682123069.7226783
2015-06-22 22:00:00,19627,682123069.7226783
2015-06-22 22:30:00,17184,682123069.7226783
2015-06-22 23:00:00,15330,682123069.7226783
2015-06-22 23:30:00,12027,682123069.7226783
2015-06-23 00:00:00,9638,682123069.7226783
2015-06-23 00:30:00,7298,682123069.7226783
2015-06-23 01:00:00,6081,682123069.7226783
2015-06-23 01:30:00,4436,682123069.7226783
2015-06-23 02:00:00,3378,682123069.7226783
2015-06-23 02:30:00,2642,682123069.7226783
2015-06-23 03:00:00,2222,682123069.7226783
2015-06-23 03:30:00,1804,682123069.7226783
2015-06-23 04:00:00,1905,682123069.7226783
2015-06-23 04:30:00,1963,682123069.7226783
2015-06-23 05:00:00,2330,682123069.7226783
2015-06-23 05:30:00,4199,682123069.7226783
2015-06-23 06:00:00,6234,682123069.7226783
2015-06-23 06:30:00,10892,682123069.7226783
2015-06-23 07:00:00,12909,682123069.7226783
2015-06-23 07:30:00,15139,682123069.7226783
2015-06-23 08:00:00,17480,682123069.7226783
2015-06-23 08:30:00,18895,682123069.7226783
2015-06-23 09:00:00,17760,682123069.7226783
2015-06-23 09:30:00,17775,682123069.7226783
2015-06-23 10:00:00,17054,682123069.7226783
2015-06-23 10:30:00,16804,682123069.7226783
2015-06-23 11:00:00,16506,682123069.7226783
2015-06-23 11:30:00,17615,682123069.7226783
2015-06-23 12:00:00,18034,682123069.7226783
2015-06-23 12:30:00,17340,682123069.7226783
2015-06-23 13:00:00,17017,682123069.7226783
2015-06-23 13:30:00,18064,682123069.7226783
2015-06-23 14:00:00,18300,682123069.7226783
2015-06-23 14:30:00,18120,682123069.7226783
2015-06-23 15:00:00,17302,682123069.7226783
2015-06-23 15:30:00,15503,682123069.7226783
2015-06-23 16:00:00,14423,682123069.7226783
2015-06-23 16:30:00,13311,682123069.7226783
2015-06-23 17:00:00,15656,682123069.7226783
2015-06-23 17:30:00,18967,682123069.7226783
2015-06-23 18:00:00,22339,682123069.7226783
2015-06-23 18:30:00,21843,682123069.7226783
2015-06-23 19:00:00,22744,682123069.7226783
2015-06-23 19:30:00,20590,682123069.7226783
2015-06-23 20:00:00,18813,682123069.7226783
2015-06-23 20:30:00,17216,682123069.7226783
2015-06-23 21:00:00,20276,682123069.7226783
2015-06-23 21:30:00,21561,682123069.7226783
2015-06-23 22:00:00,20652,682123069.7226783
2015-06-23 22:30:00,18628,682123069.7226783
2015-06-23 23:00:00,16780,682123069.7226783
2015-06-23 23:30:00,14114,682123069.7226783
2015-06-24 00:00:00,11637,682123069.7226783
2015-06-24 00:30:00,8931,682123069.7226783
2015-06-24 01:00:00,7502,682123069.7226783
2015-06-24 01:30:00,5388,682123069.7226783
2015-06-24 02:00:00,4035,682123069.7226783
2015-06-24 02:30:00,3172,682123069.7226783
2015-06-24 03:00:00,2741,682123069.7226783
2015-06-24 03:30:00,2488,682123069.7226783
2015-06-24 04:00:00,2415,682123069.7226783
2015-06-24 04:30:00,2403,682123069.7226783
2015-06-24 05:00:00,2574,682123069.7226783
2015-06-24 05:30:00,4180,682123069.7226783
2015-06-24 06:00:00,6506,682123069.7226783
2015-06-24 06:30:00,10935,682123069.7226783
2015-06-24 07:00:00,13284,682123069.7226783
2015-06-24 07:30:00,15688,682123069.7226783
2015-06-24 08:00:00,17931,682123069.7226783
2015-06-24 08:30:00,19220,682123069.7226783
2015-06-24 09:00:00,17875,682123069.7226783
2015-06-24 09:30:00,16901,682123069.7226783
2015-06-24 10:00:00,15122,682123069.7226783
2015-06-24 10:30:00,16164,682123069.7226783
2015-06-24 11:00:00,15867,682123069.7226783
2015-06-24 11:30:00,17075,682123069.7226783
2015-06-24 12:00:00,17324,682123069.7226783
2015-06-24 12:30:00,16917,682123069.7226783
2015-06-24 13:00:00,16917,682123069.7226783
2015-06-24 13:30:00,17001,682123069.7226783
2015-06-24 14:00:00,17304,682123069.7226783
2015-06-24 14:30:00,17123,682123069.7226783
2015-06-24 15:00:00,16398,682123069.7226783
2015-06-24 15:30:00,15279,682123069.7226783
2015-06-24 16:00:00,14203,682123069.7226783
2015-06-24 16:30:00,13168,682123069.7226783
2015-06-24 17:00:00,15085,682123069.7226783
2015-06-24 17:30:00,17631,682123069.7226783
2015-06-24 18:00:00,19499,682123069.7226783
2015-06-24 18:30:00,21033,682123069.7226783
2015-06-24 19:00:00,22035,682123069.7226783
2015-06-24 19:30:00,21167,682123069.7226783
2015-06-24 20:00:00,19892,682123069.7226783
2015-06-24 20:30:00,19063,682123069.7226783
2015-06-24 21:00:00,22458,682123069.7226783
2015-06-24 21:30:00,22902,682123069.7226783
2015-06-24 22:00:00,22680,682123069.7226783
2015-06-24 22:30:00,21228,682123069.7226783
2015-06-24 23:00:00,19614,682123069.7226783
2015-06-24 23:30:00,16961,682123069.7226783
2015-06-25 00:00:00,14539,682123069.7226783
2015-06-25 00:30:00,11364,682123069.7226783
2015-06-25 01:00:00,8795,682123069.7226783
2015-06-25 01:30:00,6944,682123069.7226783
2015-06-25 02:00:00,5610,682123069.7226783
2015-06-25 02:30:00,4347,682123069.7226783
2015-06-25 03:00:00,3467,682123069.7226783
2015-06-25 03:30:00,2939,682123069.7226783
2015-06-25 04:00:00,3080,682123069.7226783
2015-06-25 04:30:00,2675,682123069.7226783
2015-06-25 05:00:00,2569,682123069.7226783
2015-06-25 05:30:00,4625,682123069.7226783
2015-06-25 06:00:00,6509,682123069.7226783
2015-06-25 06:30:00,10845,682123069.7226783
2015-06-25 07:00:00,12932,682123069.7226783
2015-06-25 07:30:00,15937,682123069.7226783
2015-06-25 08:00:00,17652,682123069.7226783
2015-06-25 08:30:00,18515,682123069.7226783
2015-06-25 09:00:00,17319,682123069.7226783
2015-06-25 09:30:00,16720,682123069.7226783
2015-06-25 10:00:00,15712,682123069.7226783
2015-06-25 10:30:00,15792,682123069.7226783
2015-06-25 11:00:00,16157,682123069.7226783
2015-06-25 11:30:00,16745,682123069.7226783
2015-06-25 12:00:00,16712,682123069.7226783
2015-06-25 12:30:00,17130,682123069.7226783
2015-06-25 13:00:00,16641,682123069.7226783
2015-06-25 13:30:00,17142,682123069.7226783
2015-06-25 14:00:00,17246,682123069.7226783
2015-06-25 14:30:00,17559,682123069.7226783
2015-06-25 15:00:00,16824,682123069.7226783
2015-06-25 15:30:00,14882,682123069.7226783
2015-06-25 16:00:00,13411,682123069.7226783
2015-06-25 16:30:00,12433,682123069.7226783
2015-06-25 17:00:00,14728,682123069.7226783
2015-06-25 17:30:00,17318,682123069.7226783
2015-06-25 18:00:00,19283,682123069.7226783
2015-06-25 18:30:00,20826,682123069.7226783
2015-06-25 19:00:00,22023,682123069.7226783
2015-06-25 19:30:00,21270,682123069.7226783
2015-06-25 20:00:00,20620,682123069.7226783
2015-06-25 20:30:00,19536,682123069.7226783
2015-06-25 21:00:00,22860,682123069.7226783
2015-06-25 21:30:00,23184,682123069.7226783
2015-06-25 22:00:00,22114,682123069.7226783
2015-06-25 22:30:00,21663,682123069.7226783
2015-06-25 23:00:00,20883,682123069.7226783
2015-06-25 23:30:00,19426,682123069.7226783
2015-06-26 00:00:00,17684,682123069.7226783
2015-06-26 00:30:00,15085,682123069.7226783
2015-06-26 01:00:00,12419,682123069.7226783
2015-06-26 01:30:00,9943,682123069.7226783
2015-06-26 02:00:00,8051,682123069.7226783
2015-06-26 02:30:00,6311,682123069.7226783
2015-06-26 03:00:00,5177,682123069.7226783
2015-06-26 03:30:00,4333,682123069.7226783
2015-06-26 04:00:00,4212,682123069.7226783
2015-06-26 04:30:00,3524,682123069.7226783
2015-06-26 05:00:00,3302,682123069.7226783
2015-06-26 05:30:00,4412,682123069.7226783
2015-06-26 06:00:00,6558,682123069.7226783
2015-06-26 06:30:00,10071,682123069.7226783
2015-06-26 07:00:00,11677,682123069.7226783
2015-06-26 07:30:00,15008,682123069.7226783
2015-06-26 08:00:00,16887,682123069.7226783
2015-06-26 08:30:00,17959,682123069.7226783
2015-06-26 09:00:00,16929,682123069.7226783
2015-06-26 09:30:00,16260,682123069.7226783
2015-06-26 10:00:00,15138,682123069.7226783
2015-06-26 10:30:00,15659,682123069.7226783
2015-06-26 11:00:00,15449,682123069.7226783
2015-06-26 11:30:00,17261,682123069.7226783
2015-06-26 12:00:00,17236,682123069.7226783
2015-06-26 12:30:00,16430,682123069.7226783
2015-06-26 13:00:00,15750,682123069.7226783
2015-06-26 13:30:00,16068,682123069.7226783
2015-06-26 14:00:00,16618,682123069.7226783
2015-06-26 14:30:00,16881,682123069.7226783
2015-06-26 15:00:00,15797,682123069.7226783
2015-06-26 15:30:00,14304,682123069.7226783
2015-06-26 16:00:00,12781,682123069.7226783
2015-06-26 16:30:00,12137,682123069.7226783
2015-06-26 17:00:00,14404,682123069.7226783
2015-06-26 17:30:00,16821,682123069.7226783
2015-06-26 18:00:00,19280,682123069.7226783
2015-06-26 18:30:00,21427,682123069.7226783
2015-06-26 19:00:00,23070,682123069.7226783
2015-06-26 19:30:00,22008,682123069.7226783
2015-06-26 20:00:00,20571,682123069.7226783
2015-06-26 20:30:00,19007,682123069.7226783
2015-06-26 21:00:00,21824,682123069.7226783
2015-06-26 21:30:00,22412,682123069.7226783
2015-06-26 22:00:00,23213,682123069.7226783
2015-06-26 22:30:00,23531,682123069.7226783
2015-06-26 23:00:00,23414,682123069.7226783
2015-06-26 23:30:00,22441,682123069.7226783
2015-06-27 00:00:00,22328,682123069.7226783
2015-06-27 00:30:00,21699,682123069.7226783
2015-06-27 01:00:00,20367,682123069.7226783
2015-06-27 01:30:00,18934,682123069.7226783
2015-06-27 02:00:00,16853,682123069.7226783
2015-06-27 02:30:00,14162,682123069.7226783
2015-06-27 03:00:00,12752,682123069.7226783
2015-06-27 03:30:00,11619,682123069.7226783
2015-06-27 04:00:00,9930,682123069.7226783
2015-06-27 04:30:00,6982,682123069.7226783
2015-06-27 05:00:00,4871,682123069.7226783
2015-06-27 05:30:00,3730,682123069.7226783
2015-06-27 06:00:00,3814,682123069.7226783
2015-06-27 06:30:00,4588,682123069.7226783
2015-06-27 07:00:00,4866,682123069.7226783
2015-06-27 07:30:00,6729,682123069.7226783
2015-06-27 08:00:00,7401,682123069.7226783
2015-06-27 08:30:00,9187,682123069.7226783
2015-06-27 09:00:00,10738,682123069.7226783
2015-06-27 09:30:00,13119,682123069.7226783
2015-06-27 10:00:00,13054,682123069.7226783
2015-06-27 10:30:00,14991,682123069.7226783
2015-06-27 11:00:00,15518,682123069.7226783
2015-06-27 11:30:00,17522,682123069.7226783
2015-06-27 12:00:00,17331,682123069.7226783
2015-06-27 12:30:00,18629,682123069.7226783
2015-06-27 13:00:00,18553,682123069.7226783
2015-06-27 13:30:00,17491,682123069.7226783
2015-06-27 14:00:00,17544,682123069.7226783
2015-06-27 14:30:00,19022,682123069.7226783
2015-06-27 15:00:00,21195,682123069.7226783
2015-06-27 15:30:00,19360,682123069.7226783
2015-06-27 16:00:00,17893,682123069.7226783
2015-06-27 16:30:00,17245,682123069.7226783
2015-06-27 17:00:00,18410,682123069.7226783
2015-06-27 17:30:00,19986,682123069.7226783
2015-06-27 18:00:00,22445,682123069.7226783
2015-06-27 18:30:00,23453,682123069.7226783
2015-06-27 19:00:00,24929,682123069.7226783
2015-06-27 19:30:00,24676,682123069.7226783
2015-06-27 20:00:00,21160,682123069.7226783
2015-06-27 20:30:00,20226,682123069.7226783
2015-06-27 21:00:00,22530,682123069.7226783
2015-06-27 21:30:00,23379,682123069.7226783
2015-06-27 22:00:00,23186,682123069.7226783
2015-06-27 22:30:00,22660,682123069.7226783
2015-06-27 23:00:00,23499,682123069.7226783
2015-06-27 23:30:00,22554,682123069.7226783
2015-06-28 00:00:00,21797,682123069.7226783
2015-06-28 00:30:00,20082,682123069.7226783
2015-06-28 01:00:00,18837,682123069.7226783
2015-06-28 01:30:00,17138,682123069.7226783
2015-06-28 02:00:00,15361,682123069.7226783
2015-06-28 02:30:00,12750,682123069.7226783
2015-06-28 03:00:00,11313,682123069.7226783
2015-06-28 03:30:00,10311,682123069.7226783
2015-06-28 04:00:00,8407,682123069.7226783
2015-06-28 04:30:00,5343,682123069.7226783
2015-06-28 05:00:00,3973,682123069.7226783
2015-06-28 05:30:00,3106,682123069.7226783
2015-06-28 06:00:00,3260,682123069.7226783
2015-06-28 06:30:00,3641,682123069.7226783
2015-06-28 07:00:00,3762,682123069.7226783
2015-06-28 07:30:00,4982,682123069.7226783
2015-06-28 08:00:00,6397,682123069.7226783
2015-06-28 08:30:00,7733,682123069.7226783
2015-06-28 09:00:00,9054,682123069.7226783
2015-06-28 09:30:00,11677,682123069.7226783
2015-06-28 10:00:00,13917,682123069.7226783
2015-06-28 10:30:00,15350,682123069.7226783
2015-06-28 11:00:00,14612,682123069.7226783
2015-06-28 11:30:00,16274,682123069.7226783
2015-06-28 12:00:00,16911,682123069.7226783
2015-06-28 12:30:00,16572,682123069.7226783
2015-06-28 13:00:00,15002,682123069.7226783
2015-06-28 13:30:00,15535,682123069.7226783
2015-06-28 14:00:00,14850,682123069.7226783
2015-06-28 14:30:00,14106,682123069.7226783
2015-06-28 15:00:00,14225,682123069.7226783
2015-06-28 15:30:00,13439,682123069.7226783
2015-06-28 16:00:00,13363,682123069.7226783
2015-06-28 16:30:00,12813,682123069.7226783
2015-06-28 17:00:00,14133,682123069.7226783
2015-06-28 17:30:00,14704,682123069.7226783
2015-06-28 18:00:00,14306,682123069.7226783
2015-06-28 18:30:00,14712,682123069.7226783
2015-06-28 19:00:00,14795,682123069.7226783
2015-06-28 19:30:00,14319,682123069.7226783
2015-06-28 20:00:00,13420,682123069.7226783
2015-06-28 20:30:00,13265,682123069.7226783
2015-06-28 21:00:00,15014,682123069.7226783
2015-06-28 21:30:00,15236,682123069.7226783
2015-06-28 22:00:00,15231,682123069.7226783
2015-06-28 22:30:00,14781,682123069.7226783
2015-06-28 23:00:00,13737,682123069.7226783
2015-06-28 23:30:00,12568,682123069.7226783
2015-06-29 00:00:00,10197,682123069.7226783
2015-06-29 00:30:00,7890,682123069.7226783
2015-06-29 01:00:00,6286,682123069.7226783
2015-06-29 01:30:00,5375,682123069.7226783
2015-06-29 02:00:00,4423,682123069.7226783
2015-06-29 02:30:00,3485,682123069.7226783
2015-06-29 03:00:00,2751,682123069.7226783
2015-06-29 03:30:00,2645,682123069.7226783
2015-06-29 04:00:00,2845,682123069.7226783
2015-06-29 04:30:00,2787,682123069.7226783
2015-06-29 05:00:00,2841,682123069.7226783
2015-06-29 05:30:00,4530,682123069.7226783
2015-06-29 06:00:00,6620,682123069.7226783
2015-06-29 06:30:00,10259,682123069.7226783
2015-06-29 07:00:00,11676,682123069.7226783
2015-06-29 07:30:00,13441,682123069.7226783
2015-06-29 08:00:00,15064,682123069.7226783
2015-06-29 08:30:00,16851,682123069.7226783
2015-06-29 09:00:00,16294,682123069.7226783
2015-06-29 09:30:00,15430,682123069.7226783
2015-06-29 10:00:00,14096,682123069.7226783
2015-06-29 10:30:00,14068,682123069.7226783
2015-06-29 11:00:00,13400,682123069.7226783
2015-06-29 11:30:00,14637,682123069.7226783
2015-06-29 12:00:00,14739,682123069.7226783
2015-06-29 12:30:00,14434,682123069.7226783
2015-06-29 13:00:00,14220,682123069.7226783
2015-06-29 13:30:00,15179,682123069.7226783
2015-06-29 14:00:00,15092,682123069.7226783
2015-06-29 14:30:00,15606,682123069.7226783
2015-06-29 15:00:00,14964,682123069.7226783
2015-06-29 15:30:00,14127,682123069.7226783
2015-06-29 16:00:00,12939,682123069.7226783
2015-06-29 16:30:00,12932,682123069.7226783
2015-06-29 17:00:00,14026,682123069.7226783
2015-06-29 17:30:00,15553,682123069.7226783
2015-06-29 18:00:00,17617,682123069.7226783
2015-06-29 18:30:00,19247,682123069.7226783
2015-06-29 19:00:00,19482,682123069.7226783
2015-06-29 19:30:00,18321,682123069.7226783
2015-06-29 20:00:00,17369,682123069.7226783
2015-06-29 20:30:00,16356,682123069.7226783
2015-06-29 21:00:00,18377,682123069.7226783
2015-06-29 21:30:00,18664,682123069.7226783
2015-06-29 22:00:00,18411,682123069.7226783
2015-06-29 22:30:00,16683,682123069.7226783
2015-06-29 23:00:00,15104,682123069.7226783
2015-06-29 23:30:00,12210,682123069.7226783
2015-06-30 00:00:00,9930,682123069.7226783
2015-06-30 00:30:00,7374,682123069.7226783
2015-06-30 01:00:00,5568,682123069.7226783
2015-06-30 01:30:00,4608,682123069.7226783
2015-06-30 02:00:00,3508,682123069.7226783
2015-06-30 02:30:00,2822,682123069.7226783
2015-06-30 03:00:00,2147,682123069.7226783
2015-06-30 03:30:00,1833,682123069.7226783
2015-06-30 04:00:00,2238,682123069.7226783
2015-06-30 04:30:00,1898,682123069.7226783
2015-06-30 05:00:00,2262,682123069.7226783
2015-06-30 05:30:00,4054,682123069.7226783
2015-06-30 06:00:00,6313,682123069.7226783
2015-06-30 06:30:00,10855,682123069.7226783
2015-06-30 07:00:00,12196,682123069.7226783
2015-06-30 07:30:00,13925,682123069.7226783
2015-06-30 08:00:00,15535,682123069.7226783
2015-06-30 08:30:00,17376,682123069.7226783
2015-06-30 09:00:00,16635,682123069.7226783
2015-06-30 09:30:00,16549,682123069.7226783
2015-06-30 10:00:00,15209,682123069.7226783
2015-06-30 10:30:00,14914,682123069.7226783
2015-06-30 11:00:00,14399,682123069.7226783
2015-06-30 11:30:00,15504,682123069.7226783
2015-06-30 12:00:00,15561,682123069.7226783
2015-06-30 12:30:00,15571,682123069.7226783
2015-06-30 13:00:00,15009,682123069.7226783
2015-06-30 13:30:00,16089,682123069.7226783
2015-06-30 14:00:00,16009,682123069.7226783
2015-06-30 14:30:00,15854,682123069.7226783
2015-06-30 15:00:00,15127,682123069.7226783
2015-06-30 15:30:00,14219,682123069.7226783
2015-06-30 16:00:00,13066,682123069.7226783
2015-06-30 16:30:00,12164,682123069.7226783
2015-06-30 17:00:00,13856,682123069.7226783
2015-06-30 17:30:00,16322,682123069.7226783
2015-06-30 18:00:00,17918,682123069.7226783
2015-06-30 18:30:00,18968,682123069.7226783
2015-06-30 19:00:00,20680,682123069.7226783
2015-06-30 19:30:00,20263,682123069.7226783
2015-06-30 20:00:00,18418,682123069.7226783
2015-06-30 20:30:00,17246,682123069.7226783
2015-06-30 21:00:00,20319,682123069.7226783
2015-06-30 21:30:00,20223,682123069.7226783
2015-06-30 22:00:00,19967,682123069.7226783
2015-06-30 22:30:00,18865,682123069.7226783
2015-06-30 23:00:00,16893,682123069.7226783
2015-06-30 23:30:00,14242,682123069.7226783
